,saversion,saverest,areasymbol,areaname,lkey,musym,muname,museq,mukey,comppct_r,compname,localphase,slope_r,cokey,hzdept_r,hzdepb_r,ksat_r,sandtotal_r,claytotal_r,silttotal_r,dbthirdbar_r,partdensity,wsatiated_r,chkey
0,23,8/27/2025 3:11:57 PM,NC113,"Macon County, North Carolina",14802,BuD,"Burton-Craggey-Rock outcrop complex, windswept, 15 to 30 percent slopes, stony",11,545800,15,Rock outcrop,,,26331603,0.0,203.0,0.035,,,,,,,78524395
1,23,8/27/2025 3:11:57 PM,NC113,"Macon County, North Carolina",14802,BuD,"Burton-Craggey-Rock outcrop complex, windswept, 15 to 30 percent slopes, stony",11,545800,35,Craggey,windswept,23.0,26331604,0.0,43.0,28.0,67.2,17.5,15.3,1.2,,29.0,78524394
2,23,8/27/2025 3:11:57 PM,NC113,"Macon County, North Carolina",14802,BuD,"Burton-Craggey-Rock outcrop complex, windswept, 15 to 30 percent slopes, stony",11,545800,35,Craggey,windswept,23.0,26331604,43.0,203.0,0.0,,,,,,,78524393
3,23,8/27/2025 3:11:57 PM,NC113,"Macon County, North Carolina",14802,BuD,"Burton-Craggey-Rock outcrop complex, windswept, 15 to 30 percent slopes, stony",11,545800,45,Burton,windswept,23.0,26331605,0.0,46.0,28.0,65.7,11.5,22.8,1.2,,38.0,78524391
4,23,8/27/2025 3:11:57 PM,NC113,"Macon County, North Carolina",14802,BuD,"Burton-Craggey-Rock outcrop complex, windswept, 15 to 30 percent slopes, stony",11,545800,45,Burton,windswept,23.0,26331605,46.0,91.0,28.0,65.7,11.5,22.8,1.55,,26.0,78524392
5,23,8/27/2025 3:11:57 PM,NC113,"Macon County, North Carolina",14802,BuD,"Burton-Craggey-Rock outcrop complex, windswept, 15 to 30 percent slopes, stony",11,545800,45,Burton,windswept,23.0,26331605,91.0,203.0,0.0,,,,,,,78524390
6,23,8/27/2025 3:11:57 PM,NC113,"Macon County, North Carolina",14802,BuF,"Burton-Craggey-Rock outcrop complex, windswept, 30 to 95 percent slopes, stony",12,545801,20,Rock outcrop,,,26331503,0.0,203.0,0.035,,,,,,,78524112
7,23,8/27/2025 3:11:57 PM,NC113,"Macon County, North Carolina",14802,BuF,"Burton-Craggey-Rock outcrop complex, windswept, 30 to 95 percent slopes, stony",12,545801,35,Craggey,windswept,63.0,26331504,0.0,43.0,28.0,67.2,17.5,15.3,1.2,,29.0,78524113
8,23,8/27/2025 3:11:57 PM,NC113,"Macon County, North Carolina",14802,BuF,"Burton-Craggey-Rock outcrop complex, windswept, 30 to 95 percent slopes, stony",12,545801,35,Craggey,windswept,63.0,26331504,43.0,203.0,0.0,,,,,,,78524114
9,23,8/27/2025 3:11:57 PM,NC113,"Macon County, North Carolina",14802,BuF,"Burton-Craggey-Rock outcrop complex, windswept, 30 to 95 percent slopes, stony",12,545801,40,Burton,windswept,63.0,26331505,0.0,46.0,28.0,65.7,11.5,22.8,1.2,,38.0,78524115
10,23,8/27/2025 3:11:57 PM,NC113,"Macon County, North Carolina",14802,BuF,"Burton-Craggey-Rock outcrop complex, windswept, 30 to 95 percent slopes, stony",12,545801,40,Burton,windswept,63.0,26331505,46.0,91.0,28.0,65.7,11.5,22.8,1.55,,25.0,78524116
11,23,8/27/2025 3:11:57 PM,NC113,"Macon County, North Carolina",14802,BuF,"Burton-Craggey-Rock outcrop complex, windswept, 30 to 95 percent slopes, stony",12,545801,40,Burton,windswept,63.0,26331505,91.0,203.0,0.0,,,,,,,78524117
12,23,8/27/2025 3:11:57 PM,NC113,"Macon County, North Carolina",14802,CaF,"Cashiers gravelly fine sandy loam, 50 to 95 percent slopes",14,545803,80,Cashiers,,63.0,26331507,0.0,20.0,28.0,67.5,11.5,21.0,1.4,,28.0,78524121
13,23,8/27/2025 3:11:57 PM,NC113,"Macon County, North Carolina",14802,CaF,"Cashiers gravelly fine sandy loam, 50 to 95 percent slopes",14,545803,80,Cashiers,,63.0,26331507,20.0,124.0,28.0,67.5,11.5,21.0,1.4,,39.0,78524122
14,23,8/27/2025 3:11:57 PM,NC113,"Macon County, North Carolina",14802,CaF,"Cashiers gravelly fine sandy loam, 50 to 95 percent slopes",14,545803,80,Cashiers,,63.0,26331507,124.0,203.0,28.0,65.7,11.5,22.8,1.4,,39.0,78524123
15,23,8/27/2025 3:11:57 PM,NC113,"Macon County, North Carolina",14802,CdD,"Chandler gravelly fine sandy loam, 15 to 30 percent slopes",16,545805,80,Chandler,,23.0,26331510,0.0,13.0,28.0,67.5,11.5,21.0,1.4,,31.0,78524132
16,23,8/27/2025 3:11:57 PM,NC113,"Macon County, North Carolina",14802,CdD,"Chandler gravelly fine sandy loam, 15 to 30 percent slopes",16,545805,80,Chandler,,23.0,26331510,13.0,203.0,28.0,45.3,11.5,43.2,1.4,,39.0,78524133
17,23,8/27/2025 3:11:57 PM,NC113,"Macon County, North Carolina",14802,CdE,"Chandler gravelly fine sandy loam, 30 to 50 percent slopes",17,545806,80,Chandler,,40.0,26331511,0.0,13.0,28.0,67.5,11.5,21.0,1.4,,31.0,78524134
18,23,8/27/2025 3:11:57 PM,NC113,"Macon County, North Carolina",14802,CdE,"Chandler gravelly fine sandy loam, 30 to 50 percent slopes",17,545806,80,Chandler,,40.0,26331511,13.0,203.0,28.0,45.3,11.5,43.2,1.4,,39.0,78524135
19,23,8/27/2025 3:11:57 PM,NC113,"Macon County, North Carolina",14802,CdF,"Chandler gravelly fine sandy loam, 50 to 95 percent slopes",18,545807,80,Chandler,,63.0,26331606,0.0,13.0,28.0,67.5,11.5,21.0,1.4,,31.0,78524396
20,23,8/27/2025 3:11:57 PM,NC113,"Macon County, North Carolina",14802,CdF,"Chandler gravelly fine sandy loam, 50 to 95 percent slopes",18,545807,80,Chandler,,63.0,26331606,13.0,203.0,28.0,45.3,11.5,43.2,1.4,,39.0,78524397
21,23,8/27/2025 3:11:57 PM,NC113,"Macon County, North Carolina",14802,CnD,"Chestnut-Edneyville complex, windswept, 15 to 30 percent slopes, stony",22,545811,0,Rock outcrop,,,26331622,0.0,203.0,0.035,,,,,,,78524671
22,23,8/27/2025 3:11:57 PM,NC113,"Macon County, North Carolina",14802,CnD,"Chestnut-Edneyville complex, windswept, 15 to 30 percent slopes, stony",22,545811,50,Chestnut,windswept,23.0,26331623,0.0,15.0,28.0,70.9,12.5,16.6,1.48,,29.0,78524409
23,23,8/27/2025 3:11:57 PM,NC113,"Macon County, North Carolina",14802,CnD,"Chestnut-Edneyville complex, windswept, 15 to 30 percent slopes, stony",22,545811,50,Chestnut,windswept,23.0,26331623,15.0,91.0,28.0,68.8,15.0,16.2,1.48,,31.0,78524410
24,23,8/27/2025 3:11:57 PM,NC113,"Macon County, North Carolina",14802,CnD,"Chestnut-Edneyville complex, windswept, 15 to 30 percent slopes, stony",22,545811,50,Chestnut,windswept,23.0,26331623,91.0,203.0,7.0,,,,,,,78524408
25,23,8/27/2025 3:11:57 PM,NC113,"Macon County, North Carolina",14802,CnD,"Chestnut-Edneyville complex, windswept, 15 to 30 percent slopes, stony",22,545811,40,Edneyville,windswept,23.0,26331624,0.0,13.0,28.0,67.5,11.5,21.0,1.5,,34.0,78524411
26,23,8/27/2025 3:11:57 PM,NC113,"Macon County, North Carolina",14802,CnD,"Chestnut-Edneyville complex, windswept, 15 to 30 percent slopes, stony",22,545811,40,Edneyville,windswept,23.0,26331624,13.0,109.0,28.0,70.1,13.5,16.4,1.5,,36.0,78524412
27,23,8/27/2025 3:11:57 PM,NC113,"Macon County, North Carolina",14802,CnD,"Chestnut-Edneyville complex, windswept, 15 to 30 percent slopes, stony",22,545811,40,Edneyville,windswept,23.0,26331624,109.0,203.0,28.0,67.9,12.5,19.6,1.5,,36.0,78524413
28,23,8/27/2025 3:11:57 PM,NC113,"Macon County, North Carolina",14802,CnD,"Chestnut-Edneyville complex, windswept, 15 to 30 percent slopes, stony",22,545811,5,Ashe,windswept,23.0,26331625,18.0,66.0,28.0,64.4,17.0,18.6,1.55,,30.0,78524673
29,23,8/27/2025 3:11:57 PM,NC113,"Macon County, North Carolina",14802,CnD,"Chestnut-Edneyville complex, windswept, 15 to 30 percent slopes, stony",22,545811,5,Ashe,windswept,23.0,26331625,66.0,79.0,28.0,66.9,10.0,23.1,1.55,,30.0,78524674
30,23,8/27/2025 3:11:57 PM,NC113,"Macon County, North Carolina",14802,CnD,"Chestnut-Edneyville complex, windswept, 15 to 30 percent slopes, stony",22,545811,5,Ashe,windswept,23.0,26331625,0.0,18.0,28.0,67.0,13.5,19.5,1.48,,31.0,78524675
31,23,8/27/2025 3:11:57 PM,NC113,"Macon County, North Carolina",14802,CnD,"Chestnut-Edneyville complex, windswept, 15 to 30 percent slopes, stony",22,545811,5,Ashe,windswept,23.0,26331625,79.0,203.0,0.035,,,,,,,78524676
32,23,8/27/2025 3:11:57 PM,NC113,"Macon County, North Carolina",14802,CnD,"Chestnut-Edneyville complex, windswept, 15 to 30 percent slopes, stony",22,545811,5,Cleveland,windswept,23.0,26331626,0.0,13.0,28.0,67.4,13.0,19.6,1.35,,37.0,78524689
33,23,8/27/2025 3:11:57 PM,NC113,"Macon County, North Carolina",14802,CnD,"Chestnut-Edneyville complex, windswept, 15 to 30 percent slopes, stony",22,545811,5,Cleveland,windswept,23.0,26331626,13.0,43.0,28.0,45.4,13.0,41.6,1.35,,38.0,78524690
34,23,8/27/2025 3:11:57 PM,NC113,"Macon County, North Carolina",14802,CnD,"Chestnut-Edneyville complex, windswept, 15 to 30 percent slopes, stony",22,545811,5,Cleveland,windswept,23.0,26331626,43.0,203.0,0.035,,,,,,,78524691
35,23,8/27/2025 3:11:57 PM,NC113,"Macon County, North Carolina",14802,CnE,"Chestnut-Edneyville complex, windswept, 30 to 50 percent slopes, stony",23,545812,0,Rock outcrop,,,26331627,0.0,203.0,0.035,,,,,,,78524672
36,23,8/27/2025 3:11:57 PM,NC113,"Macon County, North Carolina",14802,CnE,"Chestnut-Edneyville complex, windswept, 30 to 50 percent slopes, stony",23,545812,5,Cleveland,windswept,40.0,26331628,0.0,13.0,28.0,67.4,13.0,19.6,1.35,,37.0,78524692
37,23,8/27/2025 3:11:57 PM,NC113,"Macon County, North Carolina",14802,CnE,"Chestnut-Edneyville complex, windswept, 30 to 50 percent slopes, stony",23,545812,5,Cleveland,windswept,40.0,26331628,13.0,43.0,28.0,45.4,13.0,41.6,1.35,,38.0,78524693
38,23,8/27/2025 3:11:57 PM,NC113,"Macon County, North Carolina",14802,CnE,"Chestnut-Edneyville complex, windswept, 30 to 50 percent slopes, stony",23,545812,5,Cleveland,windswept,40.0,26331628,43.0,203.0,0.035,,,,,,,78524694
39,23,8/27/2025 3:11:57 PM,NC113,"Macon County, North Carolina",14802,CnE,"Chestnut-Edneyville complex, windswept, 30 to 50 percent slopes, stony",23,545812,5,Ashe,windswept,63.0,26331629,18.0,66.0,28.0,64.4,17.0,18.6,1.55,,30.0,78524677
40,23,8/27/2025 3:11:57 PM,NC113,"Macon County, North Carolina",14802,CnE,"Chestnut-Edneyville complex, windswept, 30 to 50 percent slopes, stony",23,545812,5,Ashe,windswept,63.0,26331629,66.0,79.0,28.0,66.9,10.0,23.1,1.55,,30.0,78524678
41,23,8/27/2025 3:11:57 PM,NC113,"Macon County, North Carolina",14802,CnE,"Chestnut-Edneyville complex, windswept, 30 to 50 percent slopes, stony",23,545812,5,Ashe,windswept,63.0,26331629,0.0,18.0,28.0,67.0,13.5,19.5,1.48,,31.0,78524679
42,23,8/27/2025 3:11:57 PM,NC113,"Macon County, North Carolina",14802,CnE,"Chestnut-Edneyville complex, windswept, 30 to 50 percent slopes, stony",23,545812,5,Ashe,windswept,63.0,26331629,79.0,203.0,0.035,,,,,,,78524680
43,23,8/27/2025 3:11:57 PM,NC113,"Macon County, North Carolina",14802,CnE,"Chestnut-Edneyville complex, windswept, 30 to 50 percent slopes, stony",23,545812,50,Chestnut,windswept,40.0,26331630,0.0,15.0,28.0,70.9,12.5,16.6,1.48,,29.0,78524415
44,23,8/27/2025 3:11:57 PM,NC113,"Macon County, North Carolina",14802,CnE,"Chestnut-Edneyville complex, windswept, 30 to 50 percent slopes, stony",23,545812,50,Chestnut,windswept,40.0,26331630,15.0,91.0,28.0,68.8,15.0,16.2,1.48,,31.0,78524416
45,23,8/27/2025 3:11:57 PM,NC113,"Macon County, North Carolina",14802,CnE,"Chestnut-Edneyville complex, windswept, 30 to 50 percent slopes, stony",23,545812,50,Chestnut,windswept,40.0,26331630,91.0,203.0,7.0,,,,,,,78524414
46,23,8/27/2025 3:11:57 PM,NC113,"Macon County, North Carolina",14802,CnE,"Chestnut-Edneyville complex, windswept, 30 to 50 percent slopes, stony",23,545812,40,Edneyville,windswept,40.0,26331631,0.0,13.0,28.0,67.5,11.5,21.0,1.5,,34.0,78524417
47,23,8/27/2025 3:11:57 PM,NC113,"Macon County, North Carolina",14802,CnE,"Chestnut-Edneyville complex, windswept, 30 to 50 percent slopes, stony",23,545812,40,Edneyville,windswept,40.0,26331631,13.0,109.0,28.0,70.1,13.5,16.4,1.5,,36.0,78524418
48,23,8/27/2025 3:11:57 PM,NC113,"Macon County, North Carolina",14802,CnE,"Chestnut-Edneyville complex, windswept, 30 to 50 percent slopes, stony",23,545812,40,Edneyville,windswept,40.0,26331631,109.0,203.0,28.0,67.9,12.5,19.6,1.5,,36.0,78524419
49,23,8/27/2025 3:11:57 PM,NC113,"Macon County, North Carolina",14802,CpD,"Cleveland-Chestnut-Rock outcrop complex, windswept, 15 to 30 percent slopes",24,545813,15,Rock outcrop,,,26331632,0.0,203.0,0.035,,,,,,,78524426
50,23,8/27/2025 3:11:57 PM,NC113,"Macon County, North Carolina",14802,CpD,"Cleveland-Chestnut-Rock outcrop complex, windswept, 15 to 30 percent slopes",24,545813,40,Cleveland,windswept,23.0,26331633,0.0,13.0,28.0,67.4,13.0,19.6,1.35,,38.0,78524420
51,23,8/27/2025 3:11:57 PM,NC113,"Macon County, North Carolina",14802,CpD,"Cleveland-Chestnut-Rock outcrop complex, windswept, 15 to 30 percent slopes",24,545813,40,Cleveland,windswept,23.0,26331633,13.0,43.0,28.0,45.4,13.0,41.6,1.35,,40.0,78524421
52,23,8/27/2025 3:11:57 PM,NC113,"Macon County, North Carolina",14802,CpD,"Cleveland-Chestnut-Rock outcrop complex, windswept, 15 to 30 percent slopes",24,545813,40,Cleveland,windswept,23.0,26331633,43.0,203.0,0.03,,,,,,,78524422
53,23,8/27/2025 3:11:57 PM,NC113,"Macon County, North Carolina",14802,CpD,"Cleveland-Chestnut-Rock outcrop complex, windswept, 15 to 30 percent slopes",24,545813,35,Chestnut,windswept,23.0,26331634,0.0,13.0,28.0,70.9,12.5,16.6,1.48,,29.0,78524423
54,23,8/27/2025 3:11:57 PM,NC113,"Macon County, North Carolina",14802,CpD,"Cleveland-Chestnut-Rock outcrop complex, windswept, 15 to 30 percent slopes",24,545813,35,Chestnut,windswept,23.0,26331634,13.0,91.0,28.0,68.8,15.0,16.2,1.48,,30.0,78524424
55,23,8/27/2025 3:11:57 PM,NC113,"Macon County, North Carolina",14802,CpD,"Cleveland-Chestnut-Rock outcrop complex, windswept, 15 to 30 percent slopes",24,545813,35,Chestnut,windswept,23.0,26331634,91.0,203.0,7.0,,,,,,,78524425
56,23,8/27/2025 3:11:57 PM,NC113,"Macon County, North Carolina",14802,CpE,"Cleveland-Chestnut-Rock outcrop complex, windswept, 30 to 50 percent slopes",25,545814,15,Rock outcrop,,,26331635,0.0,203.0,0.035,,,,,,,78524433
57,23,8/27/2025 3:11:57 PM,NC113,"Macon County, North Carolina",14802,CpE,"Cleveland-Chestnut-Rock outcrop complex, windswept, 30 to 50 percent slopes",25,545814,1,Rubble land,,40.0,26331636,,,,,,,,,,-1
58,23,8/27/2025 3:11:57 PM,NC113,"Macon County, North Carolina",14802,CpE,"Cleveland-Chestnut-Rock outcrop complex, windswept, 30 to 50 percent slopes",25,545814,45,Cleveland,windswept,40.0,26331637,0.0,13.0,28.0,67.4,13.0,19.6,1.35,,37.0,78524427
59,23,8/27/2025 3:11:57 PM,NC113,"Macon County, North Carolina",14802,CpE,"Cleveland-Chestnut-Rock outcrop complex, windswept, 30 to 50 percent slopes",25,545814,45,Cleveland,windswept,40.0,26331637,13.0,43.0,28.0,45.4,13.0,41.6,1.35,,38.0,78524428
60,23,8/27/2025 3:11:57 PM,NC113,"Macon County, North Carolina",14802,CpE,"Cleveland-Chestnut-Rock outcrop complex, windswept, 30 to 50 percent slopes",25,545814,45,Cleveland,windswept,40.0,26331637,43.0,203.0,0.035,,,,,,,78524429
61,23,8/27/2025 3:11:57 PM,NC113,"Macon County, North Carolina",14802,CpE,"Cleveland-Chestnut-Rock outcrop complex, windswept, 30 to 50 percent slopes",25,545814,35,Chestnut,windswept,40.0,26331638,0.0,13.0,28.0,70.9,12.5,16.6,1.48,,29.0,78524431
62,23,8/27/2025 3:11:57 PM,NC113,"Macon County, North Carolina",14802,CpE,"Cleveland-Chestnut-Rock outcrop complex, windswept, 30 to 50 percent slopes",25,545814,35,Chestnut,windswept,40.0,26331638,13.0,91.0,28.0,68.8,15.0,16.2,1.48,,31.0,78524432
63,23,8/27/2025 3:11:57 PM,NC113,"Macon County, North Carolina",14802,CpE,"Cleveland-Chestnut-Rock outcrop complex, windswept, 30 to 50 percent slopes",25,545814,35,Chestnut,windswept,40.0,26331638,91.0,203.0,7.0,,,,,,,78524430
64,23,8/27/2025 3:11:57 PM,NC113,"Macon County, North Carolina",14802,CpE,"Cleveland-Chestnut-Rock outcrop complex, windswept, 30 to 50 percent slopes",25,545814,4,Ashe,windswept,40.0,26331639,18.0,66.0,28.0,64.4,17.0,18.6,1.55,,30.0,78524681
65,23,8/27/2025 3:11:57 PM,NC113,"Macon County, North Carolina",14802,CpE,"Cleveland-Chestnut-Rock outcrop complex, windswept, 30 to 50 percent slopes",25,545814,4,Ashe,windswept,40.0,26331639,66.0,79.0,28.0,66.9,10.0,23.1,1.55,,30.0,78524682
66,23,8/27/2025 3:11:57 PM,NC113,"Macon County, North Carolina",14802,CpE,"Cleveland-Chestnut-Rock outcrop complex, windswept, 30 to 50 percent slopes",25,545814,4,Ashe,windswept,40.0,26331639,0.0,18.0,28.0,67.0,13.5,19.5,1.48,,31.0,78524683
67,23,8/27/2025 3:11:57 PM,NC113,"Macon County, North Carolina",14802,CpE,"Cleveland-Chestnut-Rock outcrop complex, windswept, 30 to 50 percent slopes",25,545814,4,Ashe,windswept,40.0,26331639,79.0,203.0,0.035,,,,,,,78524684
68,23,8/27/2025 3:11:57 PM,NC113,"Macon County, North Carolina",14802,CpF,"Cleveland-Chestnut-Rock outcrop complex, windswept, 50 to 95 percent slopes",26,545815,15,Rock outcrop,,,26331640,0.0,203.0,0.035,,,,,,,78524670
69,23,8/27/2025 3:11:57 PM,NC113,"Macon County, North Carolina",14802,CpF,"Cleveland-Chestnut-Rock outcrop complex, windswept, 50 to 95 percent slopes",26,545815,5,Rubble land,,63.0,26331641,,,,,,,,,,-1
70,23,8/27/2025 3:11:57 PM,NC113,"Macon County, North Carolina",14802,CpF,"Cleveland-Chestnut-Rock outcrop complex, windswept, 50 to 95 percent slopes",26,545815,5,Ashe,windswept,63.0,26331642,18.0,66.0,28.0,64.4,17.0,18.6,1.55,,30.0,78524685
71,23,8/27/2025 3:11:57 PM,NC113,"Macon County, North Carolina",14802,CpF,"Cleveland-Chestnut-Rock outcrop complex, windswept, 50 to 95 percent slopes",26,545815,5,Ashe,windswept,63.0,26331642,66.0,79.0,28.0,66.9,10.0,23.1,1.55,,30.0,78524686
72,23,8/27/2025 3:11:57 PM,NC113,"Macon County, North Carolina",14802,CpF,"Cleveland-Chestnut-Rock outcrop complex, windswept, 50 to 95 percent slopes",26,545815,5,Ashe,windswept,63.0,26331642,0.0,18.0,28.0,67.0,13.5,19.5,1.48,,31.0,78524687
73,23,8/27/2025 3:11:57 PM,NC113,"Macon County, North Carolina",14802,CpF,"Cleveland-Chestnut-Rock outcrop complex, windswept, 50 to 95 percent slopes",26,545815,5,Ashe,windswept,63.0,26331642,79.0,203.0,0.035,,,,,,,78524688
74,23,8/27/2025 3:11:57 PM,NC113,"Macon County, North Carolina",14802,CpF,"Cleveland-Chestnut-Rock outcrop complex, windswept, 50 to 95 percent slopes",26,545815,5,Cullasaja,very stony,40.0,26331643,46.0,86.0,28.0,68.0,16.0,16.0,1.3,,28.0,78524695
75,23,8/27/2025 3:11:57 PM,NC113,"Macon County, North Carolina",14802,CpF,"Cleveland-Chestnut-Rock outcrop complex, windswept, 50 to 95 percent slopes",26,545815,5,Cullasaja,very stony,40.0,26331643,86.0,203.0,28.0,76.0,12.0,12.0,1.3,,26.0,78524696
76,23,8/27/2025 3:11:57 PM,NC113,"Macon County, North Carolina",14802,CpF,"Cleveland-Chestnut-Rock outcrop complex, windswept, 50 to 95 percent slopes",26,545815,5,Cullasaja,very stony,40.0,26331643,0.0,46.0,28.0,68.8,15.0,16.2,0.85,,26.0,78524697
77,23,8/27/2025 3:11:57 PM,NC113,"Macon County, North Carolina",14802,CpF,"Cleveland-Chestnut-Rock outcrop complex, windswept, 50 to 95 percent slopes",26,545815,25,Chestnut,windswept,63.0,26331644,0.0,41.0,28.0,70.9,12.5,16.6,1.48,,31.0,78524664
78,23,8/27/2025 3:11:57 PM,NC113,"Macon County, North Carolina",14802,CpF,"Cleveland-Chestnut-Rock outcrop complex, windswept, 50 to 95 percent slopes",26,545815,25,Chestnut,windswept,63.0,26331644,41.0,81.0,28.0,68.8,15.0,16.2,1.48,,30.0,78524665
79,23,8/27/2025 3:11:57 PM,NC113,"Macon County, North Carolina",14802,CpF,"Cleveland-Chestnut-Rock outcrop complex, windswept, 50 to 95 percent slopes",26,545815,25,Chestnut,windswept,63.0,26331644,81.0,203.0,7.0,,,,,,,78524666
80,23,8/27/2025 3:11:57 PM,NC113,"Macon County, North Carolina",14802,CpF,"Cleveland-Chestnut-Rock outcrop complex, windswept, 50 to 95 percent slopes",26,545815,45,Cleveland,windswept,63.0,26331645,0.0,10.0,28.0,70.5,13.0,16.5,1.35,,32.0,78524667
81,23,8/27/2025 3:11:57 PM,NC113,"Macon County, North Carolina",14802,CpF,"Cleveland-Chestnut-Rock outcrop complex, windswept, 50 to 95 percent slopes",26,545815,45,Cleveland,windswept,63.0,26331645,10.0,38.0,28.0,70.5,13.0,16.5,1.35,,33.0,78524668
82,23,8/27/2025 3:11:57 PM,NC113,"Macon County, North Carolina",14802,CpF,"Cleveland-Chestnut-Rock outcrop complex, windswept, 50 to 95 percent slopes",26,545815,45,Cleveland,windswept,63.0,26331645,38.0,203.0,0.035,,,,,,,78524669
83,23,8/27/2025 3:11:57 PM,NC113,"Macon County, North Carolina",14802,CsE,"Cullasaja very cobbly fine sandy loam, 30 to 50 percent slopes, extremely bouldery",28,545817,85,Cullasaja,extremely bouldery,40.0,26331647,0.0,46.0,28.0,68.8,15.0,16.2,0.85,,25.0,78524437
84,23,8/27/2025 3:11:57 PM,NC113,"Macon County, North Carolina",14802,CsE,"Cullasaja very cobbly fine sandy loam, 30 to 50 percent slopes, extremely bouldery",28,545817,85,Cullasaja,extremely bouldery,40.0,26331647,46.0,86.0,28.0,68.0,16.0,16.0,1.3,,24.0,78524438
85,23,8/27/2025 3:11:57 PM,NC113,"Macon County, North Carolina",14802,CsE,"Cullasaja very cobbly fine sandy loam, 30 to 50 percent slopes, extremely bouldery",28,545817,85,Cullasaja,extremely bouldery,40.0,26331647,86.0,203.0,28.0,82.5,8.5,9.0,1.3,,24.0,78524439
86,23,8/27/2025 3:11:57 PM,NC113,"Macon County, North Carolina",14802,CuD,"Cullasaja-Tuckasegee complex, 15 to 30 percent slopes, stony",29,545818,2,Rubble land,,23.0,26331512,0.0,203.0,141.0,,,,2.03,,,78524136
87,23,8/27/2025 3:11:57 PM,NC113,"Macon County, North Carolina",14802,CuD,"Cullasaja-Tuckasegee complex, 15 to 30 percent slopes, stony",29,545818,30,Tuckasegee,stony,23.0,26331513,66.0,119.0,28.0,66.9,19.0,14.1,1.35,,34.0,78524137
88,23,8/27/2025 3:11:57 PM,NC113,"Macon County, North Carolina",14802,CuD,"Cullasaja-Tuckasegee complex, 15 to 30 percent slopes, stony",29,545818,30,Tuckasegee,stony,23.0,26331513,119.0,203.0,28.0,60.6,21.0,18.4,1.35,,31.0,78524138
89,23,8/27/2025 3:11:57 PM,NC113,"Macon County, North Carolina",14802,CuD,"Cullasaja-Tuckasegee complex, 15 to 30 percent slopes, stony",29,545818,30,Tuckasegee,stony,23.0,26331513,0.0,33.0,28.0,68.0,16.0,16.0,1.03,,44.0,78524139
90,23,8/27/2025 3:11:57 PM,NC113,"Macon County, North Carolina",14802,CuD,"Cullasaja-Tuckasegee complex, 15 to 30 percent slopes, stony",29,545818,30,Tuckasegee,stony,23.0,26331513,33.0,66.0,28.0,66.9,19.0,14.1,1.2,,44.0,78524140
91,23,8/27/2025 3:11:57 PM,NC113,"Macon County, North Carolina",14802,CuD,"Cullasaja-Tuckasegee complex, 15 to 30 percent slopes, stony",29,545818,50,Cullasaja,stony,23.0,26331514,0.0,43.0,28.0,55.8,26.5,17.7,0.85,,37.0,78524141
92,23,8/27/2025 3:11:57 PM,NC113,"Macon County, North Carolina",14802,CuD,"Cullasaja-Tuckasegee complex, 15 to 30 percent slopes, stony",29,545818,50,Cullasaja,stony,23.0,26331514,43.0,81.0,28.0,70.9,12.5,16.6,1.3,,30.0,78524142
93,23,8/27/2025 3:11:57 PM,NC113,"Macon County, North Carolina",14802,CuD,"Cullasaja-Tuckasegee complex, 15 to 30 percent slopes, stony",29,545818,50,Cullasaja,stony,23.0,26331514,81.0,203.0,28.0,82.5,8.5,9.0,1.3,,23.0,78524143
94,23,8/27/2025 3:11:57 PM,NC113,"Macon County, North Carolina",14802,CuE,"Cullasaja-Tuckasegee complex, 30 to 50 percent slopes, stony",30,545819,2,Rubble land,,40.0,26331515,0.0,203.0,141.0,,,,2.03,,,78524144
95,23,8/27/2025 3:11:57 PM,NC113,"Macon County, North Carolina",14802,CuE,"Cullasaja-Tuckasegee complex, 30 to 50 percent slopes, stony",30,545819,40,Tuckasegee,stony,40.0,26331516,0.0,33.0,28.0,68.0,16.0,16.0,1.03,,44.0,78524145
96,23,8/27/2025 3:11:57 PM,NC113,"Macon County, North Carolina",14802,CuE,"Cullasaja-Tuckasegee complex, 30 to 50 percent slopes, stony",30,545819,40,Tuckasegee,stony,40.0,26331516,33.0,66.0,28.0,66.9,19.0,14.1,1.2,,44.0,78524146
97,23,8/27/2025 3:11:57 PM,NC113,"Macon County, North Carolina",14802,CuE,"Cullasaja-Tuckasegee complex, 30 to 50 percent slopes, stony",30,545819,40,Tuckasegee,stony,40.0,26331516,66.0,119.0,28.0,66.9,19.0,14.1,1.35,,34.0,78524147
98,23,8/27/2025 3:11:57 PM,NC113,"Macon County, North Carolina",14802,CuE,"Cullasaja-Tuckasegee complex, 30 to 50 percent slopes, stony",30,545819,40,Tuckasegee,stony,40.0,26331516,119.0,203.0,28.0,60.6,21.0,18.4,1.35,,31.0,78524148
99,23,8/27/2025 3:11:57 PM,NC113,"Macon County, North Carolina",14802,CuE,"Cullasaja-Tuckasegee complex, 30 to 50 percent slopes, stony",30,545819,45,Cullasaja,stony,40.0,26331517,0.0,43.0,28.0,55.8,26.5,17.7,0.85,,37.0,78524149
100,23,8/27/2025 3:11:57 PM,NC113,"Macon County, North Carolina",14802,CuE,"Cullasaja-Tuckasegee complex, 30 to 50 percent slopes, stony",30,545819,45,Cullasaja,stony,40.0,26331517,43.0,81.0,28.0,70.9,12.5,16.6,1.3,,30.0,78524150
101,23,8/27/2025 3:11:57 PM,NC113,"Macon County, North Carolina",14802,CuE,"Cullasaja-Tuckasegee complex, 30 to 50 percent slopes, stony",30,545819,45,Cullasaja,stony,40.0,26331517,81.0,203.0,28.0,82.5,8.5,9.0,1.3,,23.0,78524151
102,23,8/27/2025 3:11:57 PM,NC113,"Macon County, North Carolina",14802,CuF,"Cullasaja-Tuckasegee complex, 50 to 95 percent slopes, stony",31,545820,2,Rubble land,,63.0,26331518,0.0,203.0,141.0,,,,2.03,,,78524152
103,23,8/27/2025 3:11:57 PM,NC113,"Macon County, North Carolina",14802,CuF,"Cullasaja-Tuckasegee complex, 50 to 95 percent slopes, stony",31,545820,30,Tuckasegee,stony,63.0,26331519,0.0,33.0,28.0,68.0,16.0,16.0,1.03,,44.0,78524153
104,23,8/27/2025 3:11:57 PM,NC113,"Macon County, North Carolina",14802,CuF,"Cullasaja-Tuckasegee complex, 50 to 95 percent slopes, stony",31,545820,30,Tuckasegee,stony,63.0,26331519,33.0,66.0,28.0,66.9,19.0,14.1,1.2,,44.0,78524154
105,23,8/27/2025 3:11:57 PM,NC113,"Macon County, North Carolina",14802,CuF,"Cullasaja-Tuckasegee complex, 50 to 95 percent slopes, stony",31,545820,30,Tuckasegee,stony,63.0,26331519,66.0,119.0,28.0,66.9,19.0,14.1,1.35,,34.0,78524155
106,23,8/27/2025 3:11:57 PM,NC113,"Macon County, North Carolina",14802,CuF,"Cullasaja-Tuckasegee complex, 50 to 95 percent slopes, stony",31,545820,30,Tuckasegee,stony,63.0,26331519,119.0,203.0,28.0,60.6,21.0,18.4,1.35,,31.0,78524156
107,23,8/27/2025 3:11:57 PM,NC113,"Macon County, North Carolina",14802,CuF,"Cullasaja-Tuckasegee complex, 50 to 95 percent slopes, stony",31,545820,50,Cullasaja,stony,63.0,26331520,0.0,43.0,28.0,55.8,26.5,17.7,0.85,,37.0,78524157
108,23,8/27/2025 3:11:57 PM,NC113,"Macon County, North Carolina",14802,CuF,"Cullasaja-Tuckasegee complex, 50 to 95 percent slopes, stony",31,545820,50,Cullasaja,stony,63.0,26331520,43.0,81.0,28.0,70.9,12.5,16.6,1.3,,30.0,78524158
109,23,8/27/2025 3:11:57 PM,NC113,"Macon County, North Carolina",14802,CuF,"Cullasaja-Tuckasegee complex, 50 to 95 percent slopes, stony",31,545820,50,Cullasaja,stony,63.0,26331520,81.0,203.0,28.0,82.5,8.5,9.0,1.3,,23.0,78524159
110,23,8/27/2025 3:11:57 PM,NC113,"Macon County, North Carolina",14802,EdD,"Edneyville-Chestnut complex, high precipitation, 15 to 30 percent slopes, stony",38,545829,6,Plott,stony,22.0,26331749,119.0,203.0,28.0,67.0,13.0,20.0,1.62,2.65,30.0,78524802
111,23,8/27/2025 3:11:57 PM,NC113,"Macon County, North Carolina",14802,EdD,"Edneyville-Chestnut complex, high precipitation, 15 to 30 percent slopes, stony",38,545829,6,Plott,stony,22.0,26331749,38.0,119.0,9.0,47.0,16.0,37.0,1.49,2.65,33.0,78524803
112,23,8/27/2025 3:11:57 PM,NC113,"Macon County, North Carolina",14802,EdD,"Edneyville-Chestnut complex, high precipitation, 15 to 30 percent slopes, stony",38,545829,6,Plott,stony,22.0,26331749,0.0,38.0,9.0,44.0,15.0,41.0,0.95,2.51,50.0,78524804
113,23,8/27/2025 3:11:57 PM,NC113,"Macon County, North Carolina",14802,EdD,"Edneyville-Chestnut complex, high precipitation, 15 to 30 percent slopes, stony",38,545829,3,Tuckasegee,very stony,22.0,26331750,152.0,203.0,28.0,61.0,14.0,25.0,1.56,2.65,23.0,78524805
114,23,8/27/2025 3:11:57 PM,NC113,"Macon County, North Carolina",14802,EdD,"Edneyville-Chestnut complex, high precipitation, 15 to 30 percent slopes, stony",38,545829,3,Tuckasegee,very stony,22.0,26331750,0.0,28.0,28.0,42.0,20.0,38.0,0.93,2.51,39.0,78524806
115,23,8/27/2025 3:11:57 PM,NC113,"Macon County, North Carolina",14802,EdD,"Edneyville-Chestnut complex, high precipitation, 15 to 30 percent slopes, stony",38,545829,3,Tuckasegee,very stony,22.0,26331750,28.0,152.0,28.0,67.0,15.0,18.0,1.5,2.65,29.0,78524807
116,23,8/27/2025 3:11:57 PM,NC113,"Macon County, North Carolina",14802,EdD,"Edneyville-Chestnut complex, high precipitation, 15 to 30 percent slopes, stony",38,545829,7,Cowee,stony,22.0,26331751,0.0,13.0,28.0,45.0,14.0,41.0,1.38,2.57,34.0,78524808
117,23,8/27/2025 3:11:57 PM,NC113,"Macon County, North Carolina",14802,EdD,"Edneyville-Chestnut complex, high precipitation, 15 to 30 percent slopes, stony",38,545829,7,Cowee,stony,22.0,26331751,13.0,68.0,9.0,54.0,25.0,21.0,1.57,2.62,28.0,78524809
118,23,8/27/2025 3:11:57 PM,NC113,"Macon County, North Carolina",14802,EdD,"Edneyville-Chestnut complex, high precipitation, 15 to 30 percent slopes, stony",38,545829,7,Cowee,stony,22.0,26331751,68.0,203.0,7.0,,,,,,,78524810
119,23,8/27/2025 3:11:57 PM,NC113,"Macon County, North Carolina",14802,EdD,"Edneyville-Chestnut complex, high precipitation, 15 to 30 percent slopes, stony",38,545829,4,Evard,stony,22.0,26331752,114.0,203.0,9.0,67.0,13.0,20.0,1.62,2.63,31.0,78524811
120,23,8/27/2025 3:11:57 PM,NC113,"Macon County, North Carolina",14802,EdD,"Edneyville-Chestnut complex, high precipitation, 15 to 30 percent slopes, stony",38,545829,4,Evard,stony,22.0,26331752,0.0,13.0,9.0,43.0,17.0,40.0,1.44,2.57,37.0,78524812
121,23,8/27/2025 3:11:57 PM,NC113,"Macon County, North Carolina",14802,EdD,"Edneyville-Chestnut complex, high precipitation, 15 to 30 percent slopes, stony",38,545829,4,Evard,stony,22.0,26331752,81.0,114.0,9.0,43.0,19.0,38.0,1.5,2.63,36.0,78524813
122,23,8/27/2025 3:11:57 PM,NC113,"Macon County, North Carolina",14802,EdD,"Edneyville-Chestnut complex, high precipitation, 15 to 30 percent slopes, stony",38,545829,4,Evard,stony,22.0,26331752,13.0,81.0,9.0,35.0,32.0,33.0,1.52,2.62,37.0,78524814
123,23,8/27/2025 3:11:57 PM,NC113,"Macon County, North Carolina",14802,EdD,"Edneyville-Chestnut complex, high precipitation, 15 to 30 percent slopes, stony",38,545829,30,Chestnut,"high precipitation, stony",22.0,26331753,0.0,17.0,28.0,71.0,13.0,16.0,1.4,2.6,40.0,78524796
124,23,8/27/2025 3:11:57 PM,NC113,"Macon County, North Carolina",14802,EdD,"Edneyville-Chestnut complex, high precipitation, 15 to 30 percent slopes, stony",38,545829,30,Chestnut,"high precipitation, stony",22.0,26331753,17.0,89.0,28.0,48.0,16.0,36.0,1.5,2.66,38.0,78524797
125,23,8/27/2025 3:11:57 PM,NC113,"Macon County, North Carolina",14802,EdD,"Edneyville-Chestnut complex, high precipitation, 15 to 30 percent slopes, stony",38,545829,30,Chestnut,"high precipitation, stony",22.0,26331753,89.0,203.0,7.0,,,,,,,78524798
126,23,8/27/2025 3:11:57 PM,NC113,"Macon County, North Carolina",14802,EdD,"Edneyville-Chestnut complex, high precipitation, 15 to 30 percent slopes, stony",38,545829,50,Edneyville,"high precipitation, stony",22.0,26331754,78.0,203.0,28.0,67.0,13.0,20.0,1.62,2.66,31.0,78524799
127,23,8/27/2025 3:11:57 PM,NC113,"Macon County, North Carolina",14802,EdD,"Edneyville-Chestnut complex, high precipitation, 15 to 30 percent slopes, stony",38,545829,50,Edneyville,"high precipitation, stony",22.0,26331754,0.0,13.0,28.0,68.0,12.0,20.0,1.41,2.6,40.0,78524800
128,23,8/27/2025 3:11:57 PM,NC113,"Macon County, North Carolina",14802,EdD,"Edneyville-Chestnut complex, high precipitation, 15 to 30 percent slopes, stony",38,545829,50,Edneyville,"high precipitation, stony",22.0,26331754,13.0,78.0,28.0,48.0,17.0,35.0,1.5,2.66,37.0,78524801
129,23,8/27/2025 3:11:57 PM,NC113,"Macon County, North Carolina",14802,EdE,"Edneyville-Chestnut complex, high precipitation, 30 to 50 percent slopes, stony",39,545830,50,Edneyville,"high precipitation, stony",40.0,26331742,78.0,203.0,28.0,67.0,13.0,20.0,1.62,2.66,31.0,78524763
130,23,8/27/2025 3:11:57 PM,NC113,"Macon County, North Carolina",14802,EdE,"Edneyville-Chestnut complex, high precipitation, 30 to 50 percent slopes, stony",39,545830,50,Edneyville,"high precipitation, stony",40.0,26331742,13.0,78.0,9.0,48.0,17.0,35.0,1.5,2.66,37.0,78524764
131,23,8/27/2025 3:11:57 PM,NC113,"Macon County, North Carolina",14802,EdE,"Edneyville-Chestnut complex, high precipitation, 30 to 50 percent slopes, stony",39,545830,50,Edneyville,"high precipitation, stony",40.0,26331742,0.0,13.0,28.0,68.0,12.0,20.0,1.41,2.6,40.0,78524765
132,23,8/27/2025 3:11:57 PM,NC113,"Macon County, North Carolina",14802,EdE,"Edneyville-Chestnut complex, high precipitation, 30 to 50 percent slopes, stony",39,545830,26,Chestnut,"high precipitation, stony",40.0,26331743,17.0,89.0,28.0,48.0,16.0,36.0,1.5,2.66,38.0,78524761
133,23,8/27/2025 3:11:57 PM,NC113,"Macon County, North Carolina",14802,EdE,"Edneyville-Chestnut complex, high precipitation, 30 to 50 percent slopes, stony",39,545830,26,Chestnut,"high precipitation, stony",40.0,26331743,0.0,17.0,28.0,71.0,13.0,16.0,1.4,2.6,40.0,78524762
134,23,8/27/2025 3:11:57 PM,NC113,"Macon County, North Carolina",14802,EdE,"Edneyville-Chestnut complex, high precipitation, 30 to 50 percent slopes, stony",39,545830,26,Chestnut,"high precipitation, stony",40.0,26331743,89.0,203.0,7.0,,,,,,,78524760
135,23,8/27/2025 3:11:57 PM,NC113,"Macon County, North Carolina",14802,EdE,"Edneyville-Chestnut complex, high precipitation, 30 to 50 percent slopes, stony",39,545830,8,Cowee,stony,40.0,26331744,0.0,13.0,28.0,45.0,14.0,41.0,1.38,2.57,34.0,78524776
136,23,8/27/2025 3:11:57 PM,NC113,"Macon County, North Carolina",14802,EdE,"Edneyville-Chestnut complex, high precipitation, 30 to 50 percent slopes, stony",39,545830,8,Cowee,stony,40.0,26331744,13.0,68.0,9.0,54.0,25.0,21.0,1.57,2.62,28.0,78524777
137,23,8/27/2025 3:11:57 PM,NC113,"Macon County, North Carolina",14802,EdE,"Edneyville-Chestnut complex, high precipitation, 30 to 50 percent slopes, stony",39,545830,8,Cowee,stony,40.0,26331744,68.0,203.0,7.0,,,,,,,78524775
138,23,8/27/2025 3:11:57 PM,NC113,"Macon County, North Carolina",14802,EdE,"Edneyville-Chestnut complex, high precipitation, 30 to 50 percent slopes, stony",39,545830,3,Cullasaja,very stony,40.0,26331745,0.0,46.0,28.0,69.0,15.0,16.0,1.04,2.51,26.0,78524769
139,23,8/27/2025 3:11:57 PM,NC113,"Macon County, North Carolina",14802,EdE,"Edneyville-Chestnut complex, high precipitation, 30 to 50 percent slopes, stony",39,545830,3,Cullasaja,very stony,40.0,26331745,46.0,86.0,28.0,68.0,16.0,16.0,1.5,2.65,22.0,78524770
140,23,8/27/2025 3:11:57 PM,NC113,"Macon County, North Carolina",14802,EdE,"Edneyville-Chestnut complex, high precipitation, 30 to 50 percent slopes, stony",39,545830,3,Cullasaja,very stony,40.0,26331745,86.0,203.0,28.0,68.0,16.0,16.0,1.57,2.65,22.0,78524771
141,23,8/27/2025 3:11:57 PM,NC113,"Macon County, North Carolina",14802,EdE,"Edneyville-Chestnut complex, high precipitation, 30 to 50 percent slopes, stony",39,545830,4,Evard,stony,40.0,26331746,0.0,13.0,9.0,43.0,17.0,40.0,1.44,2.57,37.0,78524819
142,23,8/27/2025 3:11:57 PM,NC113,"Macon County, North Carolina",14802,EdE,"Edneyville-Chestnut complex, high precipitation, 30 to 50 percent slopes, stony",39,545830,4,Evard,stony,40.0,26331746,114.0,203.0,9.0,67.0,13.0,20.0,1.62,2.63,31.0,78524820
143,23,8/27/2025 3:11:57 PM,NC113,"Macon County, North Carolina",14802,EdE,"Edneyville-Chestnut complex, high precipitation, 30 to 50 percent slopes, stony",39,545830,4,Evard,stony,40.0,26331746,13.0,81.0,9.0,35.0,32.0,33.0,1.52,2.62,37.0,78524821
144,23,8/27/2025 3:11:57 PM,NC113,"Macon County, North Carolina",14802,EdE,"Edneyville-Chestnut complex, high precipitation, 30 to 50 percent slopes, stony",39,545830,4,Evard,stony,40.0,26331746,81.0,114.0,9.0,43.0,19.0,38.0,1.5,2.63,36.0,78524822
145,23,8/27/2025 3:11:57 PM,NC113,"Macon County, North Carolina",14802,EdE,"Edneyville-Chestnut complex, high precipitation, 30 to 50 percent slopes, stony",39,545830,6,Plott,stony,40.0,26331747,119.0,203.0,28.0,67.0,13.0,20.0,1.62,2.65,30.0,78524766
146,23,8/27/2025 3:11:57 PM,NC113,"Macon County, North Carolina",14802,EdE,"Edneyville-Chestnut complex, high precipitation, 30 to 50 percent slopes, stony",39,545830,6,Plott,stony,40.0,26331747,38.0,119.0,9.0,47.0,16.0,37.0,1.49,2.65,33.0,78524767
147,23,8/27/2025 3:11:57 PM,NC113,"Macon County, North Carolina",14802,EdE,"Edneyville-Chestnut complex, high precipitation, 30 to 50 percent slopes, stony",39,545830,6,Plott,stony,40.0,26331747,0.0,38.0,9.0,44.0,15.0,41.0,0.95,2.51,50.0,78524768
148,23,8/27/2025 3:11:57 PM,NC113,"Macon County, North Carolina",14802,EdE,"Edneyville-Chestnut complex, high precipitation, 30 to 50 percent slopes, stony",39,545830,3,Tuckasegee,very stony,40.0,26331748,152.0,203.0,28.0,61.0,14.0,25.0,1.56,2.65,23.0,78524774
149,23,8/27/2025 3:11:57 PM,NC113,"Macon County, North Carolina",14802,EdE,"Edneyville-Chestnut complex, high precipitation, 30 to 50 percent slopes, stony",39,545830,3,Tuckasegee,very stony,40.0,26331748,0.0,28.0,28.0,42.0,20.0,38.0,0.93,2.51,39.0,78524772
150,23,8/27/2025 3:11:57 PM,NC113,"Macon County, North Carolina",14802,EdE,"Edneyville-Chestnut complex, high precipitation, 30 to 50 percent slopes, stony",39,545830,3,Tuckasegee,very stony,40.0,26331748,28.0,152.0,28.0,67.0,15.0,18.0,1.5,2.65,29.0,78524773
151,23,8/27/2025 3:11:57 PM,NC113,"Macon County, North Carolina",14802,EdF,"Edneyville-Chestnut complex, high precipitation, 50 to 95 percent slopes, stony",40,545831,6,Plott,stony,70.0,26331735,0.0,38.0,9.0,44.0,15.0,41.0,0.95,2.51,50.0,78524784
152,23,8/27/2025 3:11:57 PM,NC113,"Macon County, North Carolina",14802,EdF,"Edneyville-Chestnut complex, high precipitation, 50 to 95 percent slopes, stony",40,545831,6,Plott,stony,70.0,26331735,119.0,203.0,28.0,67.0,13.0,20.0,1.62,2.65,30.0,78524785
153,23,8/27/2025 3:11:57 PM,NC113,"Macon County, North Carolina",14802,EdF,"Edneyville-Chestnut complex, high precipitation, 50 to 95 percent slopes, stony",40,545831,6,Plott,stony,70.0,26331735,38.0,119.0,9.0,47.0,16.0,37.0,1.49,2.65,33.0,78524786
154,23,8/27/2025 3:11:57 PM,NC113,"Macon County, North Carolina",14802,EdF,"Edneyville-Chestnut complex, high precipitation, 50 to 95 percent slopes, stony",40,545831,4,Tuckasegee,very stony,70.0,26331736,152.0,203.0,28.0,61.0,14.0,25.0,1.56,2.65,23.0,78524791
155,23,8/27/2025 3:11:57 PM,NC113,"Macon County, North Carolina",14802,EdF,"Edneyville-Chestnut complex, high precipitation, 50 to 95 percent slopes, stony",40,545831,4,Tuckasegee,very stony,70.0,26331736,28.0,152.0,28.0,67.0,15.0,18.0,1.5,2.65,30.0,78524792
156,23,8/27/2025 3:11:57 PM,NC113,"Macon County, North Carolina",14802,EdF,"Edneyville-Chestnut complex, high precipitation, 50 to 95 percent slopes, stony",40,545831,4,Tuckasegee,very stony,70.0,26331736,0.0,28.0,28.0,42.0,20.0,38.0,0.93,2.51,41.0,78524790
157,23,8/27/2025 3:11:57 PM,NC113,"Macon County, North Carolina",14802,EdF,"Edneyville-Chestnut complex, high precipitation, 50 to 95 percent slopes, stony",40,545831,7,Evard,stony,70.0,26331737,0.0,13.0,9.0,43.0,17.0,40.0,1.44,2.57,37.0,78524815
158,23,8/27/2025 3:11:57 PM,NC113,"Macon County, North Carolina",14802,EdF,"Edneyville-Chestnut complex, high precipitation, 50 to 95 percent slopes, stony",40,545831,7,Evard,stony,70.0,26331737,114.0,203.0,9.0,67.0,13.0,20.0,1.62,2.63,31.0,78524816
159,23,8/27/2025 3:11:57 PM,NC113,"Macon County, North Carolina",14802,EdF,"Edneyville-Chestnut complex, high precipitation, 50 to 95 percent slopes, stony",40,545831,7,Evard,stony,70.0,26331737,13.0,81.0,9.0,35.0,32.0,33.0,1.52,2.62,37.0,78524817
160,23,8/27/2025 3:11:57 PM,NC113,"Macon County, North Carolina",14802,EdF,"Edneyville-Chestnut complex, high precipitation, 50 to 95 percent slopes, stony",40,545831,7,Evard,stony,70.0,26331737,81.0,114.0,9.0,43.0,19.0,38.0,1.5,2.63,36.0,78524818
161,23,8/27/2025 3:11:57 PM,NC113,"Macon County, North Carolina",14802,EdF,"Edneyville-Chestnut complex, high precipitation, 50 to 95 percent slopes, stony",40,545831,20,Chestnut,"high precipitation, stony",70.0,26331738,0.0,17.0,28.0,71.0,13.0,16.0,1.4,2.6,36.0,78524779
162,23,8/27/2025 3:11:57 PM,NC113,"Macon County, North Carolina",14802,EdF,"Edneyville-Chestnut complex, high precipitation, 50 to 95 percent slopes, stony",40,545831,20,Chestnut,"high precipitation, stony",70.0,26331738,17.0,89.0,28.0,48.0,16.0,36.0,1.5,2.66,38.0,78524780
163,23,8/27/2025 3:11:57 PM,NC113,"Macon County, North Carolina",14802,EdF,"Edneyville-Chestnut complex, high precipitation, 50 to 95 percent slopes, stony",40,545831,20,Chestnut,"high precipitation, stony",70.0,26331738,89.0,203.0,7.0,,,,,,,78524778
164,23,8/27/2025 3:11:57 PM,NC113,"Macon County, North Carolina",14802,EdF,"Edneyville-Chestnut complex, high precipitation, 50 to 95 percent slopes, stony",40,545831,50,Edneyville,"high precipitation, stony",70.0,26331739,0.0,13.0,28.0,68.0,12.0,20.0,1.41,2.6,37.0,78524781
165,23,8/27/2025 3:11:57 PM,NC113,"Macon County, North Carolina",14802,EdF,"Edneyville-Chestnut complex, high precipitation, 50 to 95 percent slopes, stony",40,545831,50,Edneyville,"high precipitation, stony",70.0,26331739,13.0,78.0,9.0,48.0,17.0,35.0,1.5,2.66,37.0,78524782
166,23,8/27/2025 3:11:57 PM,NC113,"Macon County, North Carolina",14802,EdF,"Edneyville-Chestnut complex, high precipitation, 50 to 95 percent slopes, stony",40,545831,50,Edneyville,"high precipitation, stony",70.0,26331739,78.0,203.0,28.0,67.0,13.0,20.0,1.62,2.66,31.0,78524783
167,23,8/27/2025 3:11:57 PM,NC113,"Macon County, North Carolina",14802,EdF,"Edneyville-Chestnut complex, high precipitation, 50 to 95 percent slopes, stony",40,545831,3,Cullasaja,very stony,70.0,26331740,46.0,86.0,28.0,68.0,16.0,16.0,1.5,2.65,22.0,78524789
168,23,8/27/2025 3:11:57 PM,NC113,"Macon County, North Carolina",14802,EdF,"Edneyville-Chestnut complex, high precipitation, 50 to 95 percent slopes, stony",40,545831,3,Cullasaja,very stony,70.0,26331740,0.0,46.0,28.0,69.0,15.0,16.0,1.04,2.51,26.0,78524787
169,23,8/27/2025 3:11:57 PM,NC113,"Macon County, North Carolina",14802,EdF,"Edneyville-Chestnut complex, high precipitation, 50 to 95 percent slopes, stony",40,545831,3,Cullasaja,very stony,70.0,26331740,86.0,203.0,28.0,68.0,16.0,16.0,1.57,2.65,22.0,78524788
170,23,8/27/2025 3:11:57 PM,NC113,"Macon County, North Carolina",14802,EdF,"Edneyville-Chestnut complex, high precipitation, 50 to 95 percent slopes, stony",40,545831,10,Cowee,stony,70.0,26331741,0.0,13.0,28.0,45.0,14.0,41.0,1.38,2.57,35.0,78524794
171,23,8/27/2025 3:11:57 PM,NC113,"Macon County, North Carolina",14802,EdF,"Edneyville-Chestnut complex, high precipitation, 50 to 95 percent slopes, stony",40,545831,10,Cowee,stony,70.0,26331741,13.0,68.0,9.0,54.0,25.0,21.0,1.57,2.62,27.0,78524795
172,23,8/27/2025 3:11:57 PM,NC113,"Macon County, North Carolina",14802,EdF,"Edneyville-Chestnut complex, high precipitation, 50 to 95 percent slopes, stony",40,545831,10,Cowee,stony,70.0,26331741,68.0,203.0,7.0,,,,,,,78524793
173,23,8/27/2025 3:11:57 PM,NC113,"Macon County, North Carolina",14802,EvC,"Evard-Cowee complex, 8 to 15 percent slopes",44,545835,35,Cowee,stony,12.0,26331659,0.0,13.0,28.0,44.8,14.0,41.2,1.43,,33.0,78524545
174,23,8/27/2025 3:11:57 PM,NC113,"Macon County, North Carolina",14802,EvC,"Evard-Cowee complex, 8 to 15 percent slopes",44,545835,35,Cowee,stony,12.0,26331659,13.0,68.0,9.0,55.8,26.5,17.7,1.45,,31.0,78524546
175,23,8/27/2025 3:11:57 PM,NC113,"Macon County, North Carolina",14802,EvC,"Evard-Cowee complex, 8 to 15 percent slopes",44,545835,35,Cowee,stony,12.0,26331659,68.0,203.0,7.0,,,,,,,78524544
176,23,8/27/2025 3:11:57 PM,NC113,"Macon County, North Carolina",14802,EvC,"Evard-Cowee complex, 8 to 15 percent slopes",44,545835,2,Lauada,,12.0,26331660,0.0,20.0,28.0,65.9,15.0,19.1,1.2,,47.0,78524699
177,23,8/27/2025 3:11:57 PM,NC113,"Macon County, North Carolina",14802,EvC,"Evard-Cowee complex, 8 to 15 percent slopes",44,545835,2,Lauada,,12.0,26331660,20.0,86.0,9.0,55.8,26.5,17.7,1.3,,44.0,78524700
178,23,8/27/2025 3:11:57 PM,NC113,"Macon County, North Carolina",14802,EvC,"Evard-Cowee complex, 8 to 15 percent slopes",44,545835,2,Lauada,,12.0,26331660,86.0,203.0,7.0,,,,,,,78524698
179,23,8/27/2025 3:11:57 PM,NC113,"Macon County, North Carolina",14802,EvC,"Evard-Cowee complex, 8 to 15 percent slopes",44,545835,3,Fannin,,12.0,26331661,15.0,53.0,9.0,55.8,26.5,17.7,1.4,,43.0,78524701
180,23,8/27/2025 3:11:57 PM,NC113,"Macon County, North Carolina",14802,EvC,"Evard-Cowee complex, 8 to 15 percent slopes",44,545835,3,Fannin,,12.0,26331661,0.0,15.0,28.0,68.8,15.0,16.2,1.4,,40.0,78524702
181,23,8/27/2025 3:11:57 PM,NC113,"Macon County, North Carolina",14802,EvC,"Evard-Cowee complex, 8 to 15 percent slopes",44,545835,3,Fannin,,12.0,26331661,53.0,203.0,9.0,65.9,15.0,19.1,1.4,,39.0,78524703
182,23,8/27/2025 3:11:57 PM,NC113,"Macon County, North Carolina",14802,EvC,"Evard-Cowee complex, 8 to 15 percent slopes",44,545835,5,Hayesville,moderately eroded,12.0,26331662,84.0,114.0,9.0,38.0,26.0,36.0,1.35,,43.0,78524704
183,23,8/27/2025 3:11:57 PM,NC113,"Macon County, North Carolina",14802,EvC,"Evard-Cowee complex, 8 to 15 percent slopes",44,545835,5,Hayesville,moderately eroded,12.0,26331662,114.0,203.0,28.0,68.8,15.0,16.2,1.55,,35.0,78524705
184,23,8/27/2025 3:11:57 PM,NC113,"Macon County, North Carolina",14802,EvC,"Evard-Cowee complex, 8 to 15 percent slopes",44,545835,5,Hayesville,moderately eroded,12.0,26331662,0.0,15.0,9.0,33.5,30.0,36.5,1.4,,40.0,78524706
185,23,8/27/2025 3:11:57 PM,NC113,"Macon County, North Carolina",14802,EvC,"Evard-Cowee complex, 8 to 15 percent slopes",44,545835,5,Hayesville,moderately eroded,12.0,26331662,15.0,84.0,9.0,31.1,38.0,30.9,1.28,,46.0,78524707
186,23,8/27/2025 3:11:57 PM,NC113,"Macon County, North Carolina",14802,EvC,"Evard-Cowee complex, 8 to 15 percent slopes",44,545835,55,Evard,stony,12.0,26331663,13.0,74.0,9.0,55.8,26.5,17.7,1.4,,41.0,78524540
187,23,8/27/2025 3:11:57 PM,NC113,"Macon County, North Carolina",14802,EvC,"Evard-Cowee complex, 8 to 15 percent slopes",44,545835,55,Evard,stony,12.0,26331663,74.0,94.0,9.0,65.1,16.0,18.9,1.3,,44.0,78524541
188,23,8/27/2025 3:11:57 PM,NC113,"Macon County, North Carolina",14802,EvC,"Evard-Cowee complex, 8 to 15 percent slopes",44,545835,55,Evard,stony,12.0,26331663,0.0,13.0,28.0,45.7,12.5,41.8,1.35,,35.0,78524542
189,23,8/27/2025 3:11:57 PM,NC113,"Macon County, North Carolina",14802,EvC,"Evard-Cowee complex, 8 to 15 percent slopes",44,545835,55,Evard,stony,12.0,26331663,94.0,203.0,9.0,67.9,12.5,19.6,1.3,,42.0,78524543
190,23,8/27/2025 3:11:57 PM,NC113,"Macon County, North Carolina",14802,EvD,"Evard-Cowee complex, 15 to 30 percent slopes",45,545836,50,Evard,,22.0,26331755,0.0,13.0,9.0,50.0,14.0,36.0,1.36,2.57,37.0,78524845
191,23,8/27/2025 3:11:57 PM,NC113,"Macon County, North Carolina",14802,EvD,"Evard-Cowee complex, 15 to 30 percent slopes",45,545836,50,Evard,,22.0,26331755,81.0,114.0,9.0,49.0,19.0,32.0,1.55,2.63,34.0,78524846
192,23,8/27/2025 3:11:57 PM,NC113,"Macon County, North Carolina",14802,EvD,"Evard-Cowee complex, 15 to 30 percent slopes",45,545836,50,Evard,,22.0,26331755,13.0,81.0,9.0,42.0,33.0,25.0,1.51,2.62,37.0,78524847
193,23,8/27/2025 3:11:57 PM,NC113,"Macon County, North Carolina",14802,EvD,"Evard-Cowee complex, 15 to 30 percent slopes",45,545836,50,Evard,,22.0,26331755,114.0,203.0,9.0,62.0,13.0,25.0,1.59,2.63,32.0,78524848
194,23,8/27/2025 3:11:57 PM,NC113,"Macon County, North Carolina",14802,EvD,"Evard-Cowee complex, 15 to 30 percent slopes",45,545836,30,Cowee,,22.0,26331756,0.0,13.0,28.0,56.0,14.0,30.0,1.39,2.57,36.0,78524843
195,23,8/27/2025 3:11:57 PM,NC113,"Macon County, North Carolina",14802,EvD,"Evard-Cowee complex, 15 to 30 percent slopes",45,545836,30,Cowee,,22.0,26331756,13.0,68.0,9.0,54.0,25.0,21.0,1.58,2.62,34.0,78524844
196,23,8/27/2025 3:11:57 PM,NC113,"Macon County, North Carolina",14802,EvD,"Evard-Cowee complex, 15 to 30 percent slopes",45,545836,30,Cowee,,22.0,26331756,68.0,203.0,7.0,,,,,,,78524842
197,23,8/27/2025 3:11:57 PM,NC113,"Macon County, North Carolina",14802,EvD,"Evard-Cowee complex, 15 to 30 percent slopes",45,545836,12,Saunook,,22.0,26331757,0.0,23.0,9.0,46.0,14.0,40.0,0.96,2.48,49.0,78524849
198,23,8/27/2025 3:11:57 PM,NC113,"Macon County, North Carolina",14802,EvD,"Evard-Cowee complex, 15 to 30 percent slopes",45,545836,12,Saunook,,22.0,26331757,150.0,203.0,28.0,48.0,14.0,38.0,1.54,2.63,35.0,78524850
199,23,8/27/2025 3:11:57 PM,NC113,"Macon County, North Carolina",14802,EvD,"Evard-Cowee complex, 15 to 30 percent slopes",45,545836,12,Saunook,,22.0,26331757,23.0,150.0,9.0,38.0,25.0,37.0,1.48,2.61,36.0,78524851
200,23,8/27/2025 3:11:57 PM,NC113,"Macon County, North Carolina",14802,EvD,"Evard-Cowee complex, 15 to 30 percent slopes",45,545836,8,Hayesville,,22.0,26331758,0.0,13.0,9.18,49.0,19.0,32.0,1.41,2.62,41.0,78524852
201,23,8/27/2025 3:11:57 PM,NC113,"Macon County, North Carolina",14802,EvD,"Evard-Cowee complex, 15 to 30 percent slopes",45,545836,8,Hayesville,,22.0,26331758,96.0,122.0,2.83,52.0,27.0,21.0,1.57,2.65,36.0,78524853
202,23,8/27/2025 3:11:57 PM,NC113,"Macon County, North Carolina",14802,EvD,"Evard-Cowee complex, 15 to 30 percent slopes",45,545836,8,Hayesville,,22.0,26331758,13.0,96.0,0.92,33.0,41.0,26.0,1.42,2.64,40.0,78524854
203,23,8/27/2025 3:11:57 PM,NC113,"Macon County, North Carolina",14802,EvD,"Evard-Cowee complex, 15 to 30 percent slopes",45,545836,8,Hayesville,,22.0,26331758,122.0,203.0,28.23,55.0,16.0,29.0,1.56,2.65,35.0,78524855
204,23,8/27/2025 3:11:57 PM,NC113,"Macon County, North Carolina",14802,EvE,"Evard-Cowee complex, 30 to 50 percent slopes",46,545837,26,Cowee,,40.0,26331759,0.0,13.0,28.0,45.0,14.0,41.0,1.39,,38.0,78524836
205,23,8/27/2025 3:11:57 PM,NC113,"Macon County, North Carolina",14802,EvE,"Evard-Cowee complex, 30 to 50 percent slopes",46,545837,26,Cowee,,40.0,26331759,13.0,68.0,9.0,34.0,29.0,37.0,1.49,,36.0,78524837
206,23,8/27/2025 3:11:57 PM,NC113,"Macon County, North Carolina",14802,EvE,"Evard-Cowee complex, 30 to 50 percent slopes",46,545837,26,Cowee,,40.0,26331759,68.0,203.0,7.0,,,,,,,78524835
207,23,8/27/2025 3:11:57 PM,NC113,"Macon County, North Carolina",14802,EvE,"Evard-Cowee complex, 30 to 50 percent slopes",46,545837,4,Trimont,stony,40.0,26331760,0.0,23.0,28.0,46.0,14.0,40.0,1.16,2.54,40.0,78524826
208,23,8/27/2025 3:11:57 PM,NC113,"Macon County, North Carolina",14802,EvE,"Evard-Cowee complex, 30 to 50 percent slopes",46,545837,4,Trimont,stony,40.0,26331760,23.0,114.0,9.0,52.0,27.0,21.0,1.56,2.67,36.0,78524827
209,23,8/27/2025 3:11:57 PM,NC113,"Macon County, North Carolina",14802,EvE,"Evard-Cowee complex, 30 to 50 percent slopes",46,545837,4,Trimont,stony,40.0,26331760,114.0,203.0,9.0,63.0,14.0,23.0,1.56,2.66,34.0,78524828
210,23,8/27/2025 3:11:57 PM,NC113,"Macon County, North Carolina",14802,EvE,"Evard-Cowee complex, 30 to 50 percent slopes",46,545837,4,Chestnut,stony,40.0,26331761,0.0,17.0,28.0,71.0,13.0,16.0,1.4,2.6,36.0,78524830
211,23,8/27/2025 3:11:57 PM,NC113,"Macon County, North Carolina",14802,EvE,"Evard-Cowee complex, 30 to 50 percent slopes",46,545837,4,Chestnut,stony,40.0,26331761,17.0,89.0,28.0,48.0,16.0,36.0,1.5,2.66,38.0,78524831
212,23,8/27/2025 3:11:57 PM,NC113,"Macon County, North Carolina",14802,EvE,"Evard-Cowee complex, 30 to 50 percent slopes",46,545837,4,Chestnut,stony,40.0,26331761,89.0,203.0,7.0,,,,,,,78524829
213,23,8/27/2025 3:11:57 PM,NC113,"Macon County, North Carolina",14802,EvE,"Evard-Cowee complex, 30 to 50 percent slopes",46,545837,10,Edneyville,stony,40.0,26331762,0.0,13.0,28.0,68.0,12.0,20.0,1.41,2.6,37.0,78524832
214,23,8/27/2025 3:11:57 PM,NC113,"Macon County, North Carolina",14802,EvE,"Evard-Cowee complex, 30 to 50 percent slopes",46,545837,10,Edneyville,stony,40.0,26331762,13.0,78.0,9.0,48.0,17.0,35.0,1.5,2.66,37.0,78524833
215,23,8/27/2025 3:11:57 PM,NC113,"Macon County, North Carolina",14802,EvE,"Evard-Cowee complex, 30 to 50 percent slopes",46,545837,10,Edneyville,stony,40.0,26331762,78.0,203.0,28.0,67.0,13.0,20.0,1.59,2.66,31.0,78524834
216,23,8/27/2025 3:11:57 PM,NC113,"Macon County, North Carolina",14802,EvE,"Evard-Cowee complex, 30 to 50 percent slopes",46,545837,6,Saunook,stony,40.0,26331763,0.0,23.0,9.0,44.0,16.0,40.0,0.95,2.48,49.0,78524823
217,23,8/27/2025 3:11:57 PM,NC113,"Macon County, North Carolina",14802,EvE,"Evard-Cowee complex, 30 to 50 percent slopes",46,545837,6,Saunook,stony,40.0,26331763,23.0,150.0,9.0,40.0,25.0,35.0,1.51,2.61,35.0,78524824
218,23,8/27/2025 3:11:57 PM,NC113,"Macon County, North Carolina",14802,EvE,"Evard-Cowee complex, 30 to 50 percent slopes",46,545837,6,Saunook,stony,40.0,26331763,150.0,203.0,28.0,48.0,12.0,40.0,1.54,2.62,32.0,78524825
219,23,8/27/2025 3:11:57 PM,NC113,"Macon County, North Carolina",14802,EvE,"Evard-Cowee complex, 30 to 50 percent slopes",46,545837,50,Evard,,40.0,26331764,0.0,13.0,28.0,46.0,13.0,41.0,1.36,,34.0,78524838
220,23,8/27/2025 3:11:57 PM,NC113,"Macon County, North Carolina",14802,EvE,"Evard-Cowee complex, 30 to 50 percent slopes",46,545837,50,Evard,,40.0,26331764,13.0,74.0,9.0,56.0,27.0,17.0,1.56,,36.0,78524839
221,23,8/27/2025 3:11:57 PM,NC113,"Macon County, North Carolina",14802,EvE,"Evard-Cowee complex, 30 to 50 percent slopes",46,545837,50,Evard,,40.0,26331764,94.0,203.0,9.0,68.0,13.0,19.0,1.57,,34.0,78524840
222,23,8/27/2025 3:11:57 PM,NC113,"Macon County, North Carolina",14802,EvE,"Evard-Cowee complex, 30 to 50 percent slopes",46,545837,50,Evard,,40.0,26331764,74.0,94.0,9.0,65.0,16.0,19.0,1.54,,36.0,78524841
223,23,8/27/2025 3:11:57 PM,NC113,"Macon County, North Carolina",14802,EvF,"Evard-Cowee complex, 50 to 95 percent slopes, stony",47,545838,50,Evard,,63.0,26331727,74.0,94.0,9.0,50.0,20.0,30.0,1.58,,35.0,78524737
224,23,8/27/2025 3:11:57 PM,NC113,"Macon County, North Carolina",14802,EvF,"Evard-Cowee complex, 50 to 95 percent slopes, stony",47,545838,50,Evard,,63.0,26331727,0.0,13.0,28.0,45.0,13.0,42.0,1.36,,39.0,78524738
225,23,8/27/2025 3:11:57 PM,NC113,"Macon County, North Carolina",14802,EvF,"Evard-Cowee complex, 50 to 95 percent slopes, stony",47,545838,50,Evard,,63.0,26331727,13.0,74.0,9.0,44.0,29.0,27.0,1.54,,36.0,78524739
226,23,8/27/2025 3:11:57 PM,NC113,"Macon County, North Carolina",14802,EvF,"Evard-Cowee complex, 50 to 95 percent slopes, stony",47,545838,50,Evard,,63.0,26331727,94.0,203.0,9.0,67.0,13.0,20.0,1.58,,34.0,78524740
227,23,8/27/2025 3:11:57 PM,NC113,"Macon County, North Carolina",14802,EvF,"Evard-Cowee complex, 50 to 95 percent slopes, stony",47,545838,30,Cowee,,63.0,26331728,0.0,13.0,28.0,45.0,14.0,41.0,1.34,,37.0,78524741
228,23,8/27/2025 3:11:57 PM,NC113,"Macon County, North Carolina",14802,EvF,"Evard-Cowee complex, 50 to 95 percent slopes, stony",47,545838,30,Cowee,,63.0,26331728,13.0,68.0,9.0,44.0,29.0,27.0,1.54,,34.0,78524742
229,23,8/27/2025 3:11:57 PM,NC113,"Macon County, North Carolina",14802,EvF,"Evard-Cowee complex, 50 to 95 percent slopes, stony",47,545838,30,Cowee,,63.0,26331728,68.0,203.0,7.0,,,,,,,78524743
230,23,8/27/2025 3:11:57 PM,NC113,"Macon County, North Carolina",14802,EvF,"Evard-Cowee complex, 50 to 95 percent slopes, stony",47,545838,6,Chestnut,stony,63.0,26331729,0.0,10.0,28.0,70.0,13.0,17.0,1.42,,33.0,78524747
231,23,8/27/2025 3:11:57 PM,NC113,"Macon County, North Carolina",14802,EvF,"Evard-Cowee complex, 50 to 95 percent slopes, stony",47,545838,6,Chestnut,stony,63.0,26331729,10.0,91.0,28.0,69.0,15.0,16.0,1.55,,31.0,78524748
232,23,8/27/2025 3:11:57 PM,NC113,"Macon County, North Carolina",14802,EvF,"Evard-Cowee complex, 50 to 95 percent slopes, stony",47,545838,6,Chestnut,stony,63.0,26331729,91.0,203.0,7.0,,,,,,,78524749
233,23,8/27/2025 3:11:57 PM,NC113,"Macon County, North Carolina",14802,EvF,"Evard-Cowee complex, 50 to 95 percent slopes, stony",47,545838,6,Edneyville,stony,63.0,26331730,13.0,109.0,28.0,70.0,14.0,16.0,1.56,,34.0,78524744
234,23,8/27/2025 3:11:57 PM,NC113,"Macon County, North Carolina",14802,EvF,"Evard-Cowee complex, 50 to 95 percent slopes, stony",47,545838,6,Edneyville,stony,63.0,26331730,109.0,203.0,28.0,67.0,13.0,20.0,1.58,,33.0,78524745
235,23,8/27/2025 3:11:57 PM,NC113,"Macon County, North Carolina",14802,EvF,"Evard-Cowee complex, 50 to 95 percent slopes, stony",47,545838,6,Edneyville,stony,63.0,26331730,0.0,13.0,28.0,67.0,12.0,21.0,1.42,,37.0,78524746
236,23,8/27/2025 3:11:57 PM,NC113,"Macon County, North Carolina",14802,EvF,"Evard-Cowee complex, 50 to 95 percent slopes, stony",47,545838,3,Cullasaja,very stony,40.0,26331731,0.0,46.0,28.0,69.0,15.0,16.0,1.04,,24.0,78524751
237,23,8/27/2025 3:11:57 PM,NC113,"Macon County, North Carolina",14802,EvF,"Evard-Cowee complex, 50 to 95 percent slopes, stony",47,545838,3,Cullasaja,very stony,40.0,26331731,46.0,86.0,28.0,68.0,16.0,16.0,1.51,,21.0,78524752
238,23,8/27/2025 3:11:57 PM,NC113,"Macon County, North Carolina",14802,EvF,"Evard-Cowee complex, 50 to 95 percent slopes, stony",47,545838,3,Cullasaja,very stony,40.0,26331731,86.0,203.0,28.0,76.0,12.0,12.0,1.6,,19.0,78524753
239,23,8/27/2025 3:11:57 PM,NC113,"Macon County, North Carolina",14802,EvF,"Evard-Cowee complex, 50 to 95 percent slopes, stony",47,545838,3,Trimont,stony,63.0,26331732,0.0,23.0,28.0,45.0,14.0,41.0,1.14,,40.0,78524757
240,23,8/27/2025 3:11:57 PM,NC113,"Macon County, North Carolina",14802,EvF,"Evard-Cowee complex, 50 to 95 percent slopes, stony",47,545838,3,Trimont,stony,63.0,26331732,23.0,114.0,9.0,56.0,26.0,18.0,1.46,,39.0,78524758
241,23,8/27/2025 3:11:57 PM,NC113,"Macon County, North Carolina",14802,EvF,"Evard-Cowee complex, 50 to 95 percent slopes, stony",47,545838,3,Trimont,stony,63.0,26331732,114.0,203.0,9.0,70.0,14.0,16.0,1.55,,34.0,78524759
242,23,8/27/2025 3:11:57 PM,NC113,"Macon County, North Carolina",14802,EvF,"Evard-Cowee complex, 50 to 95 percent slopes, stony",47,545838,2,Fannin,,63.0,26331733,0.0,10.0,28.0,69.0,15.0,16.0,1.44,,39.0,78524754
243,23,8/27/2025 3:11:57 PM,NC113,"Macon County, North Carolina",14802,EvF,"Evard-Cowee complex, 50 to 95 percent slopes, stony",47,545838,2,Fannin,,63.0,26331733,10.0,53.0,9.0,56.0,26.0,18.0,1.59,,36.0,78524755
244,23,8/27/2025 3:11:57 PM,NC113,"Macon County, North Carolina",14802,EvF,"Evard-Cowee complex, 50 to 95 percent slopes, stony",47,545838,2,Fannin,,63.0,26331733,53.0,203.0,9.0,66.0,15.0,19.0,1.62,,32.0,78524756
245,23,8/27/2025 3:11:57 PM,NC113,"Macon County, North Carolina",14802,EvF,"Evard-Cowee complex, 50 to 95 percent slopes, stony",47,545838,0,Rock outcrop,,,26331734,0.0,203.0,0.035,,,,,,,78524750
246,23,8/27/2025 3:11:57 PM,NC113,"Macon County, North Carolina",14802,FaD,"Fannin fine sandy loam, 15 to 30 percent slopes",51,545842,80,Fannin,,23.0,26331540,0.0,18.0,28.0,68.8,15.0,16.2,1.4,,40.0,78524225
247,23,8/27/2025 3:11:57 PM,NC113,"Macon County, North Carolina",14802,FaD,"Fannin fine sandy loam, 15 to 30 percent slopes",51,545842,80,Fannin,,23.0,26331540,18.0,53.0,9.0,55.8,26.5,17.7,1.4,,41.0,78524226
248,23,8/27/2025 3:11:57 PM,NC113,"Macon County, North Carolina",14802,FaD,"Fannin fine sandy loam, 15 to 30 percent slopes",51,545842,80,Fannin,,23.0,26331540,53.0,203.0,9.0,65.9,15.0,19.1,1.4,,38.0,78524227
249,23,8/27/2025 3:11:57 PM,NC113,"Macon County, North Carolina",14802,FaE,"Fannin fine sandy loam, 30 to 50 percent slopes",52,545843,80,Fannin,,40.0,26331664,0.0,18.0,28.0,68.8,15.0,16.2,1.4,,39.0,78524468
250,23,8/27/2025 3:11:57 PM,NC113,"Macon County, North Carolina",14802,FaE,"Fannin fine sandy loam, 30 to 50 percent slopes",52,545843,80,Fannin,,40.0,26331664,18.0,66.0,9.0,35.2,29.0,35.8,1.4,,41.0,78524469
251,23,8/27/2025 3:11:57 PM,NC113,"Macon County, North Carolina",14802,FaE,"Fannin fine sandy loam, 30 to 50 percent slopes",52,545843,80,Fannin,,40.0,26331664,66.0,84.0,9.0,44.3,15.0,40.7,1.4,,38.0,78524470
252,23,8/27/2025 3:11:57 PM,NC113,"Macon County, North Carolina",14802,FaE,"Fannin fine sandy loam, 30 to 50 percent slopes",52,545843,80,Fannin,,40.0,26331664,84.0,203.0,9.0,65.9,15.0,19.1,1.4,,38.0,78524471
253,23,8/27/2025 3:11:57 PM,NC113,"Macon County, North Carolina",14802,PwD,"Plott fine sandy loam, high precipitation, 15 to 30 percent slopes, stony",61,545852,1,Cullasaja,"high precipitation, very stony",22.0,26331765,0.0,46.0,91.0,63.0,14.0,23.0,1.02,2.51,26.0,78525106
254,23,8/27/2025 3:11:57 PM,NC113,"Macon County, North Carolina",14802,PwD,"Plott fine sandy loam, high precipitation, 15 to 30 percent slopes, stony",61,545852,1,Cullasaja,"high precipitation, very stony",22.0,26331765,46.0,86.0,91.0,61.0,14.0,25.0,1.49,2.65,24.0,78525107
255,23,8/27/2025 3:11:57 PM,NC113,"Macon County, North Carolina",14802,PwD,"Plott fine sandy loam, high precipitation, 15 to 30 percent slopes, stony",61,545852,1,Cullasaja,"high precipitation, very stony",22.0,26331765,86.0,203.0,91.0,56.0,14.0,30.0,1.48,2.65,23.0,78525108
256,23,8/27/2025 3:11:57 PM,NC113,"Macon County, North Carolina",14802,PwD,"Plott fine sandy loam, high precipitation, 15 to 30 percent slopes, stony",61,545852,1,Tuckasegee,"high precipitation, very stony",22.0,26331766,0.0,28.0,28.0,43.0,17.0,40.0,0.94,2.51,43.0,78525109
257,23,8/27/2025 3:11:57 PM,NC113,"Macon County, North Carolina",14802,PwD,"Plott fine sandy loam, high precipitation, 15 to 30 percent slopes, stony",61,545852,1,Tuckasegee,"high precipitation, very stony",22.0,26331766,28.0,152.0,91.0,53.0,13.0,34.0,1.48,2.65,31.0,78525110
258,23,8/27/2025 3:11:57 PM,NC113,"Macon County, North Carolina",14802,PwD,"Plott fine sandy loam, high precipitation, 15 to 30 percent slopes, stony",61,545852,1,Tuckasegee,"high precipitation, very stony",22.0,26331766,152.0,203.0,28.0,54.0,14.0,32.0,1.54,2.65,23.0,78525111
259,23,8/27/2025 3:11:57 PM,NC113,"Macon County, North Carolina",14802,PwD,"Plott fine sandy loam, high precipitation, 15 to 30 percent slopes, stony",61,545852,4,Unaka,"high precipitation, stony",22.0,26331767,79.0,203.0,21.0,,,,,,,78525116
260,23,8/27/2025 3:11:57 PM,NC113,"Macon County, North Carolina",14802,PwD,"Plott fine sandy loam, high precipitation, 15 to 30 percent slopes, stony",61,545852,4,Unaka,"high precipitation, stony",22.0,26331767,0.0,23.0,9.0,42.0,19.0,39.0,0.93,2.51,51.0,78525117
261,23,8/27/2025 3:11:57 PM,NC113,"Macon County, North Carolina",14802,PwD,"Plott fine sandy loam, high precipitation, 15 to 30 percent slopes, stony",61,545852,4,Unaka,"high precipitation, stony",22.0,26331767,23.0,69.0,28.0,51.0,12.0,37.0,1.48,2.65,35.0,78525118
262,23,8/27/2025 3:11:57 PM,NC113,"Macon County, North Carolina",14802,PwD,"Plott fine sandy loam, high precipitation, 15 to 30 percent slopes, stony",61,545852,4,Unaka,"high precipitation, stony",22.0,26331767,69.0,79.0,7.0,,,,,,,78525119
263,23,8/27/2025 3:11:57 PM,NC113,"Macon County, North Carolina",14802,PwD,"Plott fine sandy loam, high precipitation, 15 to 30 percent slopes, stony",61,545852,6,Porters,"high precipitation, stony",22.0,26331768,137.0,203.0,21.0,,,,,,,78525112
264,23,8/27/2025 3:11:57 PM,NC113,"Macon County, North Carolina",14802,PwD,"Plott fine sandy loam, high precipitation, 15 to 30 percent slopes, stony",61,545852,6,Porters,"high precipitation, stony",22.0,26331768,117.0,137.0,91.0,63.0,12.0,25.0,1.56,2.65,31.0,78525113
265,23,8/27/2025 3:11:57 PM,NC113,"Macon County, North Carolina",14802,PwD,"Plott fine sandy loam, high precipitation, 15 to 30 percent slopes, stony",61,545852,6,Porters,"high precipitation, stony",22.0,26331768,23.0,117.0,28.0,48.0,14.0,38.0,1.47,2.65,33.0,78525114
266,23,8/27/2025 3:11:57 PM,NC113,"Macon County, North Carolina",14802,PwD,"Plott fine sandy loam, high precipitation, 15 to 30 percent slopes, stony",61,545852,6,Porters,"high precipitation, stony",22.0,26331768,0.0,23.0,9.0,42.0,19.0,39.0,0.93,2.51,51.0,78525115
267,23,8/27/2025 3:11:57 PM,NC113,"Macon County, North Carolina",14802,PwD,"Plott fine sandy loam, high precipitation, 15 to 30 percent slopes, stony",61,545852,80,Plott,"high precipitation, stony",22.0,26331769,0.0,3.0,92.0,,,,0.1,1.8,,78525097
268,23,8/27/2025 3:11:57 PM,NC113,"Macon County, North Carolina",14802,PwD,"Plott fine sandy loam, high precipitation, 15 to 30 percent slopes, stony",61,545852,80,Plott,"high precipitation, stony",22.0,26331769,18.0,38.0,28.0,61.0,15.0,24.0,0.99,2.51,53.0,78525098
269,23,8/27/2025 3:11:57 PM,NC113,"Macon County, North Carolina",14802,PwD,"Plott fine sandy loam, high precipitation, 15 to 30 percent slopes, stony",61,545852,80,Plott,"high precipitation, stony",22.0,26331769,84.0,119.0,9.0,53.0,13.0,34.0,1.48,2.65,40.0,78525099
270,23,8/27/2025 3:11:57 PM,NC113,"Macon County, North Carolina",14802,PwD,"Plott fine sandy loam, high precipitation, 15 to 30 percent slopes, stony",61,545852,80,Plott,"high precipitation, stony",22.0,26331769,3.0,18.0,28.0,61.0,15.0,24.0,0.99,2.51,54.0,78525094
271,23,8/27/2025 3:11:57 PM,NC113,"Macon County, North Carolina",14802,PwD,"Plott fine sandy loam, high precipitation, 15 to 30 percent slopes, stony",61,545852,80,Plott,"high precipitation, stony",22.0,26331769,119.0,203.0,28.0,67.0,9.0,24.0,1.55,2.65,29.0,78525095
272,23,8/27/2025 3:11:57 PM,NC113,"Macon County, North Carolina",14802,PwD,"Plott fine sandy loam, high precipitation, 15 to 30 percent slopes, stony",61,545852,80,Plott,"high precipitation, stony",22.0,26331769,38.0,84.0,9.0,53.0,13.0,34.0,1.48,2.65,40.0,78525096
273,23,8/27/2025 3:11:57 PM,NC113,"Macon County, North Carolina",14802,PwD,"Plott fine sandy loam, high precipitation, 15 to 30 percent slopes, stony",61,545852,4,Chestnut,"high precipitation, stony",22.0,26331770,0.0,8.0,91.0,61.0,15.0,24.0,1.42,2.6,34.0,78525100
274,23,8/27/2025 3:11:57 PM,NC113,"Macon County, North Carolina",14802,PwD,"Plott fine sandy loam, high precipitation, 15 to 30 percent slopes, stony",61,545852,4,Chestnut,"high precipitation, stony",22.0,26331770,8.0,71.0,28.0,54.0,14.0,32.0,1.48,2.66,37.0,78525101
275,23,8/27/2025 3:11:57 PM,NC113,"Macon County, North Carolina",14802,PwD,"Plott fine sandy loam, high precipitation, 15 to 30 percent slopes, stony",61,545852,4,Chestnut,"high precipitation, stony",22.0,26331770,71.0,203.0,7.0,,,,,,,78525102
276,23,8/27/2025 3:11:57 PM,NC113,"Macon County, North Carolina",14802,PwD,"Plott fine sandy loam, high precipitation, 15 to 30 percent slopes, stony",61,545852,4,Edneyville,"high precipitation, stony",22.0,26331771,64.0,203.0,91.0,63.0,12.0,25.0,1.56,2.66,31.0,78525103
277,23,8/27/2025 3:11:57 PM,NC113,"Macon County, North Carolina",14802,PwD,"Plott fine sandy loam, high precipitation, 15 to 30 percent slopes, stony",61,545852,4,Edneyville,"high precipitation, stony",22.0,26331771,0.0,13.0,28.0,61.0,14.0,25.0,1.42,2.6,34.0,78525104
278,23,8/27/2025 3:11:57 PM,NC113,"Macon County, North Carolina",14802,PwD,"Plott fine sandy loam, high precipitation, 15 to 30 percent slopes, stony",61,545852,4,Edneyville,"high precipitation, stony",22.0,26331771,13.0,64.0,9.0,51.0,13.0,36.0,1.48,2.66,37.0,78525105
279,23,8/27/2025 3:11:57 PM,NC113,"Macon County, North Carolina",14802,PwE,"Plott fine sandy loam, high precipitation, 30 to 50 percent slopes, stony",62,545853,80,Plott,"high precipitation, stony",40.0,26331772,0.0,3.0,92.0,,,,0.1,1.8,,78525068
280,23,8/27/2025 3:11:57 PM,NC113,"Macon County, North Carolina",14802,PwE,"Plott fine sandy loam, high precipitation, 30 to 50 percent slopes, stony",62,545853,80,Plott,"high precipitation, stony",40.0,26331772,18.0,38.0,28.0,61.0,15.0,24.0,0.99,2.51,53.0,78525069
281,23,8/27/2025 3:11:57 PM,NC113,"Macon County, North Carolina",14802,PwE,"Plott fine sandy loam, high precipitation, 30 to 50 percent slopes, stony",62,545853,80,Plott,"high precipitation, stony",40.0,26331772,84.0,119.0,9.0,53.0,13.0,34.0,1.48,2.65,40.0,78525070
282,23,8/27/2025 3:11:57 PM,NC113,"Macon County, North Carolina",14802,PwE,"Plott fine sandy loam, high precipitation, 30 to 50 percent slopes, stony",62,545853,80,Plott,"high precipitation, stony",40.0,26331772,3.0,18.0,28.0,61.0,15.0,24.0,0.99,2.51,54.0,78525071
283,23,8/27/2025 3:11:57 PM,NC113,"Macon County, North Carolina",14802,PwE,"Plott fine sandy loam, high precipitation, 30 to 50 percent slopes, stony",62,545853,80,Plott,"high precipitation, stony",40.0,26331772,119.0,203.0,28.0,67.0,9.0,24.0,1.55,2.65,29.0,78525072
284,23,8/27/2025 3:11:57 PM,NC113,"Macon County, North Carolina",14802,PwE,"Plott fine sandy loam, high precipitation, 30 to 50 percent slopes, stony",62,545853,80,Plott,"high precipitation, stony",40.0,26331772,38.0,84.0,9.0,53.0,13.0,34.0,1.48,2.65,40.0,78525073
285,23,8/27/2025 3:11:57 PM,NC113,"Macon County, North Carolina",14802,PwE,"Plott fine sandy loam, high precipitation, 30 to 50 percent slopes, stony",62,545853,4,Unaka,"high precipitation, stony",40.0,26331773,0.0,23.0,9.0,42.0,19.0,39.0,0.93,2.51,51.0,78525090
286,23,8/27/2025 3:11:57 PM,NC113,"Macon County, North Carolina",14802,PwE,"Plott fine sandy loam, high precipitation, 30 to 50 percent slopes, stony",62,545853,4,Unaka,"high precipitation, stony",40.0,26331773,23.0,69.0,28.0,51.0,12.0,37.0,1.48,2.65,35.0,78525091
287,23,8/27/2025 3:11:57 PM,NC113,"Macon County, North Carolina",14802,PwE,"Plott fine sandy loam, high precipitation, 30 to 50 percent slopes, stony",62,545853,4,Unaka,"high precipitation, stony",40.0,26331773,69.0,79.0,7.0,,,,,,,78525092
288,23,8/27/2025 3:11:57 PM,NC113,"Macon County, North Carolina",14802,PwE,"Plott fine sandy loam, high precipitation, 30 to 50 percent slopes, stony",62,545853,4,Unaka,"high precipitation, stony",40.0,26331773,79.0,203.0,21.0,,,,,,,78525093
289,23,8/27/2025 3:11:57 PM,NC113,"Macon County, North Carolina",14802,PwE,"Plott fine sandy loam, high precipitation, 30 to 50 percent slopes, stony",62,545853,4,Porters,"high precipitation, stony",40.0,26331774,137.0,203.0,21.0,,,,,,,78525086
290,23,8/27/2025 3:11:57 PM,NC113,"Macon County, North Carolina",14802,PwE,"Plott fine sandy loam, high precipitation, 30 to 50 percent slopes, stony",62,545853,4,Porters,"high precipitation, stony",40.0,26331774,117.0,137.0,91.0,63.0,12.0,25.0,1.56,2.65,31.0,78525087
291,23,8/27/2025 3:11:57 PM,NC113,"Macon County, North Carolina",14802,PwE,"Plott fine sandy loam, high precipitation, 30 to 50 percent slopes, stony",62,545853,4,Porters,"high precipitation, stony",40.0,26331774,23.0,117.0,28.0,48.0,14.0,38.0,1.47,2.65,33.0,78525088
292,23,8/27/2025 3:11:57 PM,NC113,"Macon County, North Carolina",14802,PwE,"Plott fine sandy loam, high precipitation, 30 to 50 percent slopes, stony",62,545853,4,Porters,"high precipitation, stony",40.0,26331774,0.0,23.0,9.0,42.0,19.0,39.0,0.93,2.51,51.0,78525089
293,23,8/27/2025 3:11:57 PM,NC113,"Macon County, North Carolina",14802,PwE,"Plott fine sandy loam, high precipitation, 30 to 50 percent slopes, stony",62,545853,4,Tuckasegee,"high precipitation, very stony",40.0,26331775,0.0,28.0,28.0,43.0,17.0,40.0,0.94,2.51,43.0,78525083
294,23,8/27/2025 3:11:57 PM,NC113,"Macon County, North Carolina",14802,PwE,"Plott fine sandy loam, high precipitation, 30 to 50 percent slopes, stony",62,545853,4,Tuckasegee,"high precipitation, very stony",40.0,26331775,28.0,152.0,91.0,53.0,13.0,34.0,1.48,2.65,31.0,78525084
295,23,8/27/2025 3:11:57 PM,NC113,"Macon County, North Carolina",14802,PwE,"Plott fine sandy loam, high precipitation, 30 to 50 percent slopes, stony",62,545853,4,Tuckasegee,"high precipitation, very stony",40.0,26331775,152.0,203.0,28.0,54.0,14.0,32.0,1.54,2.65,23.0,78525085
296,23,8/27/2025 3:11:57 PM,NC113,"Macon County, North Carolina",14802,PwE,"Plott fine sandy loam, high precipitation, 30 to 50 percent slopes, stony",62,545853,4,Cullasaja,"high precipitation, very stony",40.0,26331776,0.0,46.0,91.0,63.0,14.0,23.0,1.02,2.51,26.0,78525080
297,23,8/27/2025 3:11:57 PM,NC113,"Macon County, North Carolina",14802,PwE,"Plott fine sandy loam, high precipitation, 30 to 50 percent slopes, stony",62,545853,4,Cullasaja,"high precipitation, very stony",40.0,26331776,46.0,86.0,91.0,61.0,14.0,25.0,1.49,2.65,24.0,78525081
298,23,8/27/2025 3:11:57 PM,NC113,"Macon County, North Carolina",14802,PwE,"Plott fine sandy loam, high precipitation, 30 to 50 percent slopes, stony",62,545853,4,Cullasaja,"high precipitation, very stony",40.0,26331776,86.0,203.0,91.0,56.0,14.0,30.0,1.48,2.65,23.0,78525082
299,23,8/27/2025 3:11:57 PM,NC113,"Macon County, North Carolina",14802,PwE,"Plott fine sandy loam, high precipitation, 30 to 50 percent slopes, stony",62,545853,2,Edneyville,"high precipitation, stony",40.0,26331777,64.0,203.0,91.0,63.0,12.0,25.0,1.56,2.66,31.0,78525077
300,23,8/27/2025 3:11:57 PM,NC113,"Macon County, North Carolina",14802,PwE,"Plott fine sandy loam, high precipitation, 30 to 50 percent slopes, stony",62,545853,2,Edneyville,"high precipitation, stony",40.0,26331777,0.0,13.0,28.0,61.0,14.0,25.0,1.42,2.6,34.0,78525078
301,23,8/27/2025 3:11:57 PM,NC113,"Macon County, North Carolina",14802,PwE,"Plott fine sandy loam, high precipitation, 30 to 50 percent slopes, stony",62,545853,2,Edneyville,"high precipitation, stony",40.0,26331777,13.0,64.0,9.0,51.0,13.0,36.0,1.48,2.66,37.0,78525079
302,23,8/27/2025 3:11:57 PM,NC113,"Macon County, North Carolina",14802,PwE,"Plott fine sandy loam, high precipitation, 30 to 50 percent slopes, stony",62,545853,2,Chestnut,"high precipitation, stony",40.0,26331778,0.0,8.0,91.0,61.0,15.0,24.0,1.42,2.6,34.0,78525074
303,23,8/27/2025 3:11:57 PM,NC113,"Macon County, North Carolina",14802,PwE,"Plott fine sandy loam, high precipitation, 30 to 50 percent slopes, stony",62,545853,2,Chestnut,"high precipitation, stony",40.0,26331778,8.0,71.0,28.0,54.0,14.0,32.0,1.48,2.66,37.0,78525075
304,23,8/27/2025 3:11:57 PM,NC113,"Macon County, North Carolina",14802,PwE,"Plott fine sandy loam, high precipitation, 30 to 50 percent slopes, stony",62,545853,2,Chestnut,"high precipitation, stony",40.0,26331778,71.0,203.0,7.0,,,,,,,78525076
305,23,8/27/2025 3:11:57 PM,NC113,"Macon County, North Carolina",14802,PwF,"Plott fine sandy loam, high precipitation, 50 to 95 percent slopes, stony",63,545854,80,Plott,"high precipitation, stony",72.0,26331779,0.0,3.0,92.0,,,,0.1,1.8,,78525048
306,23,8/27/2025 3:11:57 PM,NC113,"Macon County, North Carolina",14802,PwF,"Plott fine sandy loam, high precipitation, 50 to 95 percent slopes, stony",63,545854,80,Plott,"high precipitation, stony",72.0,26331779,3.0,18.0,28.0,61.0,15.0,24.0,0.99,2.51,54.0,78525043
307,23,8/27/2025 3:11:57 PM,NC113,"Macon County, North Carolina",14802,PwF,"Plott fine sandy loam, high precipitation, 50 to 95 percent slopes, stony",63,545854,80,Plott,"high precipitation, stony",72.0,26331779,18.0,38.0,28.0,61.0,15.0,24.0,0.99,2.51,53.0,78525044
308,23,8/27/2025 3:11:57 PM,NC113,"Macon County, North Carolina",14802,PwF,"Plott fine sandy loam, high precipitation, 50 to 95 percent slopes, stony",63,545854,80,Plott,"high precipitation, stony",72.0,26331779,119.0,203.0,28.0,67.0,9.0,24.0,1.55,2.65,29.0,78525045
309,23,8/27/2025 3:11:57 PM,NC113,"Macon County, North Carolina",14802,PwF,"Plott fine sandy loam, high precipitation, 50 to 95 percent slopes, stony",63,545854,80,Plott,"high precipitation, stony",72.0,26331779,38.0,84.0,9.0,53.0,13.0,34.0,1.48,2.65,40.0,78525046
310,23,8/27/2025 3:11:57 PM,NC113,"Macon County, North Carolina",14802,PwF,"Plott fine sandy loam, high precipitation, 50 to 95 percent slopes, stony",63,545854,80,Plott,"high precipitation, stony",72.0,26331779,84.0,119.0,9.0,53.0,13.0,34.0,1.48,2.65,40.0,78525047
311,23,8/27/2025 3:11:57 PM,NC113,"Macon County, North Carolina",14802,PwF,"Plott fine sandy loam, high precipitation, 50 to 95 percent slopes, stony",63,545854,4,Unaka,"high precipitation, stony",72.0,26331780,69.0,79.0,7.0,,,,,,,78525064
312,23,8/27/2025 3:11:57 PM,NC113,"Macon County, North Carolina",14802,PwF,"Plott fine sandy loam, high precipitation, 50 to 95 percent slopes, stony",63,545854,4,Unaka,"high precipitation, stony",72.0,26331780,79.0,203.0,21.0,,,,,,,78525065
313,23,8/27/2025 3:11:57 PM,NC113,"Macon County, North Carolina",14802,PwF,"Plott fine sandy loam, high precipitation, 50 to 95 percent slopes, stony",63,545854,4,Unaka,"high precipitation, stony",72.0,26331780,0.0,23.0,9.0,42.0,19.0,39.0,0.93,2.51,51.0,78525066
314,23,8/27/2025 3:11:57 PM,NC113,"Macon County, North Carolina",14802,PwF,"Plott fine sandy loam, high precipitation, 50 to 95 percent slopes, stony",63,545854,4,Unaka,"high precipitation, stony",72.0,26331780,23.0,69.0,28.0,51.0,12.0,37.0,1.48,2.65,35.0,78525067
315,23,8/27/2025 3:11:57 PM,NC113,"Macon County, North Carolina",14802,PwF,"Plott fine sandy loam, high precipitation, 50 to 95 percent slopes, stony",63,545854,4,Porters,"high precipitation, stony",72.0,26331781,0.0,23.0,9.0,42.0,19.0,39.0,0.93,2.51,51.0,78525060
316,23,8/27/2025 3:11:57 PM,NC113,"Macon County, North Carolina",14802,PwF,"Plott fine sandy loam, high precipitation, 50 to 95 percent slopes, stony",63,545854,4,Porters,"high precipitation, stony",72.0,26331781,23.0,117.0,28.0,48.0,14.0,38.0,1.47,2.65,33.0,78525061
317,23,8/27/2025 3:11:57 PM,NC113,"Macon County, North Carolina",14802,PwF,"Plott fine sandy loam, high precipitation, 50 to 95 percent slopes, stony",63,545854,4,Porters,"high precipitation, stony",72.0,26331781,117.0,137.0,91.0,63.0,12.0,25.0,1.56,2.65,31.0,78525062
318,23,8/27/2025 3:11:57 PM,NC113,"Macon County, North Carolina",14802,PwF,"Plott fine sandy loam, high precipitation, 50 to 95 percent slopes, stony",63,545854,4,Porters,"high precipitation, stony",72.0,26331781,137.0,203.0,21.0,,,,,,,78525063
319,23,8/27/2025 3:11:57 PM,NC113,"Macon County, North Carolina",14802,PwF,"Plott fine sandy loam, high precipitation, 50 to 95 percent slopes, stony",63,545854,4,Tuckasegee,"high precipitation, very stony",72.0,26331782,0.0,28.0,28.0,43.0,17.0,40.0,0.94,2.51,43.0,78525058
320,23,8/27/2025 3:11:57 PM,NC113,"Macon County, North Carolina",14802,PwF,"Plott fine sandy loam, high precipitation, 50 to 95 percent slopes, stony",63,545854,4,Tuckasegee,"high precipitation, very stony",72.0,26331782,28.0,203.0,91.0,53.0,13.0,34.0,1.48,2.65,31.0,78525059
321,23,8/27/2025 3:11:57 PM,NC113,"Macon County, North Carolina",14802,PwF,"Plott fine sandy loam, high precipitation, 50 to 95 percent slopes, stony",63,545854,4,Cullasaja,"high precipitation, very stony",72.0,26331783,0.0,46.0,91.0,63.0,14.0,23.0,1.02,2.51,26.0,78525055
322,23,8/27/2025 3:11:57 PM,NC113,"Macon County, North Carolina",14802,PwF,"Plott fine sandy loam, high precipitation, 50 to 95 percent slopes, stony",63,545854,4,Cullasaja,"high precipitation, very stony",72.0,26331783,86.0,203.0,91.0,56.0,14.0,30.0,1.48,2.65,23.0,78525056
323,23,8/27/2025 3:11:57 PM,NC113,"Macon County, North Carolina",14802,PwF,"Plott fine sandy loam, high precipitation, 50 to 95 percent slopes, stony",63,545854,4,Cullasaja,"high precipitation, very stony",72.0,26331783,46.0,86.0,91.0,61.0,14.0,25.0,1.49,2.65,24.0,78525057
324,23,8/27/2025 3:11:57 PM,NC113,"Macon County, North Carolina",14802,PwF,"Plott fine sandy loam, high precipitation, 50 to 95 percent slopes, stony",63,545854,2,Edneyville,"high precipitation, stony",72.0,26331784,0.0,13.0,28.0,61.0,14.0,25.0,1.42,2.6,34.0,78525052
325,23,8/27/2025 3:11:57 PM,NC113,"Macon County, North Carolina",14802,PwF,"Plott fine sandy loam, high precipitation, 50 to 95 percent slopes, stony",63,545854,2,Edneyville,"high precipitation, stony",72.0,26331784,13.0,64.0,9.0,51.0,13.0,36.0,1.48,2.66,37.0,78525053
326,23,8/27/2025 3:11:57 PM,NC113,"Macon County, North Carolina",14802,PwF,"Plott fine sandy loam, high precipitation, 50 to 95 percent slopes, stony",63,545854,2,Edneyville,"high precipitation, stony",72.0,26331784,64.0,203.0,91.0,63.0,12.0,25.0,1.56,2.66,31.0,78525054
327,23,8/27/2025 3:11:57 PM,NC113,"Macon County, North Carolina",14802,PwF,"Plott fine sandy loam, high precipitation, 50 to 95 percent slopes, stony",63,545854,2,Chestnut,"high precipitation, stony",72.0,26331785,71.0,203.0,7.0,,,,,,,78525049
328,23,8/27/2025 3:11:57 PM,NC113,"Macon County, North Carolina",14802,PwF,"Plott fine sandy loam, high precipitation, 50 to 95 percent slopes, stony",63,545854,2,Chestnut,"high precipitation, stony",72.0,26331785,0.0,8.0,91.0,61.0,15.0,24.0,1.42,2.6,34.0,78525050
329,23,8/27/2025 3:11:57 PM,NC113,"Macon County, North Carolina",14802,PwF,"Plott fine sandy loam, high precipitation, 50 to 95 percent slopes, stony",63,545854,2,Chestnut,"high precipitation, stony",72.0,26331785,8.0,71.0,28.0,54.0,14.0,32.0,1.48,2.66,37.0,78525051
330,23,8/27/2025 3:11:57 PM,NC113,"Macon County, North Carolina",14802,ReA,"Reddies fine sandy loam, 0 to 3 percent slopes, frequently flooded",64,545855,5,Ela,undrained,1.0,26331541,0.0,38.0,28.0,32.3,11.5,56.2,1.4,,34.0,78524282
331,23,8/27/2025 3:11:57 PM,NC113,"Macon County, North Carolina",14802,ReA,"Reddies fine sandy loam, 0 to 3 percent slopes, frequently flooded",64,545855,5,Ela,undrained,1.0,26331541,38.0,71.0,28.0,65.7,11.5,22.8,1.4,,30.0,78524283
332,23,8/27/2025 3:11:57 PM,NC113,"Macon County, North Carolina",14802,ReA,"Reddies fine sandy loam, 0 to 3 percent slopes, frequently flooded",64,545855,5,Ela,undrained,1.0,26331541,71.0,203.0,92.0,66.9,10.0,23.1,1.5,,8.0,78524284
333,23,8/27/2025 3:11:57 PM,NC113,"Macon County, North Carolina",14802,ReA,"Reddies fine sandy loam, 0 to 3 percent slopes, frequently flooded",64,545855,80,Reddies,frequently flooded,2.0,26331542,0.0,36.0,28.0,67.5,11.5,21.0,1.4,,36.0,78524265
334,23,8/27/2025 3:11:57 PM,NC113,"Macon County, North Carolina",14802,ReA,"Reddies fine sandy loam, 0 to 3 percent slopes, frequently flooded",64,545855,80,Reddies,frequently flooded,2.0,26331542,36.0,66.0,28.0,67.5,11.5,21.0,1.45,,37.0,78524266
335,23,8/27/2025 3:11:57 PM,NC113,"Macon County, North Carolina",14802,ReA,"Reddies fine sandy loam, 0 to 3 percent slopes, frequently flooded",64,545855,80,Reddies,frequently flooded,2.0,26331542,66.0,203.0,92.0,95.5,3.0,1.5,1.5,,18.0,78524267
336,23,8/27/2025 3:11:57 PM,NC113,"Macon County, North Carolina",14802,RkF,"Rock outcrop-Cleveland complex, 30 to 95 percent slopes",66,545857,60,Rock outcrop,,,26331545,0.0,203.0,0.035,,,,,,,78524197
337,23,8/27/2025 3:11:57 PM,NC113,"Macon County, North Carolina",14802,RkF,"Rock outcrop-Cleveland complex, 30 to 95 percent slopes",66,545857,30,Cleveland,very bouldery,63.0,26331546,0.0,13.0,28.0,67.4,13.0,19.6,1.35,,38.0,78524280
338,23,8/27/2025 3:11:57 PM,NC113,"Macon County, North Carolina",14802,RkF,"Rock outcrop-Cleveland complex, 30 to 95 percent slopes",66,545857,30,Cleveland,very bouldery,63.0,26331546,13.0,36.0,28.0,67.4,13.0,19.6,1.35,,42.0,78524281
339,23,8/27/2025 3:11:57 PM,NC113,"Macon County, North Carolina",14802,RkF,"Rock outcrop-Cleveland complex, 30 to 95 percent slopes",66,545857,30,Cleveland,very bouldery,63.0,26331546,36.0,203.0,0.03,,,,,,,78524279
340,23,8/27/2025 3:11:57 PM,NC113,"Macon County, North Carolina",14802,SbC,"Saunook gravelly loam, 8 to 15 percent slopes, stony",68,545859,3,Nikwasi,frequently flooded,1.0,26331810,15.0,53.0,28.0,45.0,14.0,41.0,1.13,,47.0,78524925
341,23,8/27/2025 3:11:57 PM,NC113,"Macon County, North Carolina",14802,SbC,"Saunook gravelly loam, 8 to 15 percent slopes, stony",68,545859,3,Nikwasi,frequently flooded,1.0,26331810,53.0,71.0,92.0,82.0,4.0,14.0,1.6,,35.0,78524926
342,23,8/27/2025 3:11:57 PM,NC113,"Macon County, North Carolina",14802,SbC,"Saunook gravelly loam, 8 to 15 percent slopes, stony",68,545859,3,Nikwasi,frequently flooded,1.0,26331810,0.0,15.0,28.0,45.0,14.0,41.0,1.38,,38.0,78524927
343,23,8/27/2025 3:11:57 PM,NC113,"Macon County, North Carolina",14802,SbC,"Saunook gravelly loam, 8 to 15 percent slopes, stony",68,545859,3,Nikwasi,frequently flooded,1.0,26331810,71.0,203.0,92.0,85.0,5.0,10.0,1.56,,23.0,78524928
344,23,8/27/2025 3:11:57 PM,NC113,"Macon County, North Carolina",14802,SbC,"Saunook gravelly loam, 8 to 15 percent slopes, stony",68,545859,5,Reddies,frequently flooded,2.0,26331811,0.0,30.0,28.0,68.0,12.0,20.0,1.46,,35.0,78524929
345,23,8/27/2025 3:11:57 PM,NC113,"Macon County, North Carolina",14802,SbC,"Saunook gravelly loam, 8 to 15 percent slopes, stony",68,545859,5,Reddies,frequently flooded,2.0,26331811,30.0,51.0,28.0,62.0,10.0,28.0,1.57,,33.0,78524930
346,23,8/27/2025 3:11:57 PM,NC113,"Macon County, North Carolina",14802,SbC,"Saunook gravelly loam, 8 to 15 percent slopes, stony",68,545859,5,Reddies,frequently flooded,2.0,26331811,51.0,66.0,28.0,62.0,10.0,28.0,1.57,,33.0,78524931
347,23,8/27/2025 3:11:57 PM,NC113,"Macon County, North Carolina",14802,SbC,"Saunook gravelly loam, 8 to 15 percent slopes, stony",68,545859,5,Reddies,frequently flooded,2.0,26331811,66.0,89.0,92.0,82.0,5.0,13.0,1.6,,34.0,78524932
348,23,8/27/2025 3:11:57 PM,NC113,"Macon County, North Carolina",14802,SbC,"Saunook gravelly loam, 8 to 15 percent slopes, stony",68,545859,5,Reddies,frequently flooded,2.0,26331811,89.0,203.0,92.0,92.0,3.0,5.0,1.66,,18.0,78524933
349,23,8/27/2025 3:11:57 PM,NC113,"Macon County, North Carolina",14802,SbC,"Saunook gravelly loam, 8 to 15 percent slopes, stony",68,545859,80,Saunook,stony,12.0,26331812,86.0,112.0,9.0,60.0,14.0,26.0,1.6,,25.0,78524910
350,23,8/27/2025 3:11:57 PM,NC113,"Macon County, North Carolina",14802,SbC,"Saunook gravelly loam, 8 to 15 percent slopes, stony",68,545859,80,Saunook,stony,12.0,26331812,25.0,86.0,9.0,35.0,29.0,36.0,1.52,,36.0,78524911
351,23,8/27/2025 3:11:57 PM,NC113,"Macon County, North Carolina",14802,SbC,"Saunook gravelly loam, 8 to 15 percent slopes, stony",68,545859,80,Saunook,stony,12.0,26331812,112.0,203.0,9.0,60.0,14.0,26.0,1.5,,19.0,78524912
352,23,8/27/2025 3:11:57 PM,NC113,"Macon County, North Carolina",14802,SbC,"Saunook gravelly loam, 8 to 15 percent slopes, stony",68,545859,80,Saunook,stony,12.0,26331812,0.0,25.0,28.0,45.0,14.0,41.0,1.38,,32.0,78524913
353,23,8/27/2025 3:11:57 PM,NC113,"Macon County, North Carolina",14802,SbC,"Saunook gravelly loam, 8 to 15 percent slopes, stony",68,545859,6,Cullasaja,extremely bouldery,12.0,26331813,0.0,5.0,92.0,,,,0.1,1.8,,78524920
354,23,8/27/2025 3:11:57 PM,NC113,"Macon County, North Carolina",14802,SbC,"Saunook gravelly loam, 8 to 15 percent slopes, stony",68,545859,6,Cullasaja,extremely bouldery,12.0,26331813,5.0,30.0,28.0,62.0,28.0,10.0,0.95,,40.0,78524921
355,23,8/27/2025 3:11:57 PM,NC113,"Macon County, North Carolina",14802,SbC,"Saunook gravelly loam, 8 to 15 percent slopes, stony",68,545859,6,Cullasaja,extremely bouldery,12.0,26331813,30.0,48.0,28.0,67.0,17.0,16.0,1.03,,38.0,78524922
356,23,8/27/2025 3:11:57 PM,NC113,"Macon County, North Carolina",14802,SbC,"Saunook gravelly loam, 8 to 15 percent slopes, stony",68,545859,6,Cullasaja,extremely bouldery,12.0,26331813,86.0,203.0,28.0,82.0,5.0,13.0,1.62,,18.0,78524923
357,23,8/27/2025 3:11:57 PM,NC113,"Macon County, North Carolina",14802,SbC,"Saunook gravelly loam, 8 to 15 percent slopes, stony",68,545859,6,Cullasaja,extremely bouldery,12.0,26331813,48.0,86.0,28.0,69.0,14.0,17.0,1.56,,19.0,78524924
358,23,8/27/2025 3:11:57 PM,NC113,"Macon County, North Carolina",14802,SbC,"Saunook gravelly loam, 8 to 15 percent slopes, stony",68,545859,6,Whiteside,,12.0,26331814,0.0,36.0,28.0,68.0,12.0,20.0,1.46,,34.0,78524914
359,23,8/27/2025 3:11:57 PM,NC113,"Macon County, North Carolina",14802,SbC,"Saunook gravelly loam, 8 to 15 percent slopes, stony",68,545859,6,Whiteside,,12.0,26331814,76.0,119.0,9.0,68.0,12.0,20.0,1.56,,34.0,78524915
360,23,8/27/2025 3:11:57 PM,NC113,"Macon County, North Carolina",14802,SbC,"Saunook gravelly loam, 8 to 15 percent slopes, stony",68,545859,6,Whiteside,,12.0,26331814,36.0,61.0,9.0,48.0,28.0,24.0,1.54,,35.0,78524916
361,23,8/27/2025 3:11:57 PM,NC113,"Macon County, North Carolina",14802,SbC,"Saunook gravelly loam, 8 to 15 percent slopes, stony",68,545859,6,Whiteside,,12.0,26331814,61.0,76.0,9.0,48.0,28.0,24.0,1.54,,35.0,78524917
362,23,8/27/2025 3:11:57 PM,NC113,"Macon County, North Carolina",14802,SbC,"Saunook gravelly loam, 8 to 15 percent slopes, stony",68,545859,6,Whiteside,,12.0,26331814,119.0,135.0,23.0,63.0,17.0,20.0,1.54,,35.0,78524918
363,23,8/27/2025 3:11:57 PM,NC113,"Macon County, North Carolina",14802,SbC,"Saunook gravelly loam, 8 to 15 percent slopes, stony",68,545859,6,Whiteside,,12.0,26331814,135.0,203.0,23.0,63.0,22.0,15.0,1.55,,35.0,78524919
364,23,8/27/2025 3:11:57 PM,NC113,"Macon County, North Carolina",14802,SbD,"Saunook gravelly loam, 15 to 30 percent slopes, stony",69,545860,3,Whiteside,,12.0,26331827,0.0,36.0,28.0,68.0,12.0,20.0,1.38,,37.0,78524899
365,23,8/27/2025 3:11:57 PM,NC113,"Macon County, North Carolina",14802,SbD,"Saunook gravelly loam, 15 to 30 percent slopes, stony",69,545860,3,Whiteside,,12.0,26331827,76.0,119.0,9.0,68.0,12.0,20.0,1.56,,34.0,78524900
366,23,8/27/2025 3:11:57 PM,NC113,"Macon County, North Carolina",14802,SbD,"Saunook gravelly loam, 15 to 30 percent slopes, stony",69,545860,3,Whiteside,,12.0,26331827,36.0,61.0,9.0,48.0,28.0,24.0,1.54,,35.0,78524901
367,23,8/27/2025 3:11:57 PM,NC113,"Macon County, North Carolina",14802,SbD,"Saunook gravelly loam, 15 to 30 percent slopes, stony",69,545860,3,Whiteside,,12.0,26331827,61.0,76.0,9.0,48.0,28.0,24.0,1.54,,35.0,78524902
368,23,8/27/2025 3:11:57 PM,NC113,"Macon County, North Carolina",14802,SbD,"Saunook gravelly loam, 15 to 30 percent slopes, stony",69,545860,3,Whiteside,,12.0,26331827,119.0,135.0,23.0,63.0,17.0,20.0,1.54,,35.0,78524903
369,23,8/27/2025 3:11:57 PM,NC113,"Macon County, North Carolina",14802,SbD,"Saunook gravelly loam, 15 to 30 percent slopes, stony",69,545860,3,Whiteside,,12.0,26331827,135.0,203.0,23.0,63.0,22.0,15.0,1.55,,35.0,78524904
370,23,8/27/2025 3:11:57 PM,NC113,"Macon County, North Carolina",14802,SbD,"Saunook gravelly loam, 15 to 30 percent slopes, stony",69,545860,80,Saunook,,22.0,26331828,0.0,25.0,28.0,45.0,14.0,41.0,1.25,,36.0,78524888
371,23,8/27/2025 3:11:57 PM,NC113,"Macon County, North Carolina",14802,SbD,"Saunook gravelly loam, 15 to 30 percent slopes, stony",69,545860,80,Saunook,,22.0,26331828,86.0,112.0,9.0,60.0,14.0,26.0,1.6,,25.0,78524889
372,23,8/27/2025 3:11:57 PM,NC113,"Macon County, North Carolina",14802,SbD,"Saunook gravelly loam, 15 to 30 percent slopes, stony",69,545860,80,Saunook,,22.0,26331828,25.0,86.0,9.0,35.0,29.0,36.0,1.52,,36.0,78524890
373,23,8/27/2025 3:11:57 PM,NC113,"Macon County, North Carolina",14802,SbD,"Saunook gravelly loam, 15 to 30 percent slopes, stony",69,545860,80,Saunook,,22.0,26331828,112.0,203.0,9.0,60.0,14.0,26.0,1.5,,19.0,78524891
374,23,8/27/2025 3:11:57 PM,NC113,"Macon County, North Carolina",14802,SbD,"Saunook gravelly loam, 15 to 30 percent slopes, stony",69,545860,5,Cullasaja,,23.0,26331829,86.0,203.0,28.0,82.0,5.0,13.0,1.62,,18.0,78524905
375,23,8/27/2025 3:11:57 PM,NC113,"Macon County, North Carolina",14802,SbD,"Saunook gravelly loam, 15 to 30 percent slopes, stony",69,545860,5,Cullasaja,,23.0,26331829,5.0,30.0,28.0,62.0,28.0,10.0,0.95,,40.0,78524906
376,23,8/27/2025 3:11:57 PM,NC113,"Macon County, North Carolina",14802,SbD,"Saunook gravelly loam, 15 to 30 percent slopes, stony",69,545860,5,Cullasaja,,23.0,26331829,30.0,48.0,28.0,67.0,17.0,16.0,1.03,,38.0,78524907
377,23,8/27/2025 3:11:57 PM,NC113,"Macon County, North Carolina",14802,SbD,"Saunook gravelly loam, 15 to 30 percent slopes, stony",69,545860,5,Cullasaja,,23.0,26331829,48.0,86.0,28.0,69.0,14.0,17.0,1.56,,19.0,78524908
378,23,8/27/2025 3:11:57 PM,NC113,"Macon County, North Carolina",14802,SbD,"Saunook gravelly loam, 15 to 30 percent slopes, stony",69,545860,5,Cullasaja,,23.0,26331829,0.0,5.0,92.0,,,,0.1,1.8,,78524909
379,23,8/27/2025 3:11:57 PM,NC113,"Macon County, North Carolina",14802,SbD,"Saunook gravelly loam, 15 to 30 percent slopes, stony",69,545860,6,Cowee,,22.0,26331830,0.0,13.0,28.0,45.0,14.0,41.0,1.38,2.57,37.0,78524893
380,23,8/27/2025 3:11:57 PM,NC113,"Macon County, North Carolina",14802,SbD,"Saunook gravelly loam, 15 to 30 percent slopes, stony",69,545860,6,Cowee,,22.0,26331830,13.0,68.0,9.0,54.0,25.0,21.0,1.56,2.62,34.0,78524894
381,23,8/27/2025 3:11:57 PM,NC113,"Macon County, North Carolina",14802,SbD,"Saunook gravelly loam, 15 to 30 percent slopes, stony",69,545860,6,Cowee,,22.0,26331830,68.0,203.0,7.0,,,,,,,78524892
382,23,8/27/2025 3:11:57 PM,NC113,"Macon County, North Carolina",14802,SbD,"Saunook gravelly loam, 15 to 30 percent slopes, stony",69,545860,6,Evard,,22.0,26331831,0.0,13.0,9.0,50.0,14.0,36.0,1.36,2.57,37.0,78524895
383,23,8/27/2025 3:11:57 PM,NC113,"Macon County, North Carolina",14802,SbD,"Saunook gravelly loam, 15 to 30 percent slopes, stony",69,545860,6,Evard,,22.0,26331831,81.0,114.0,9.0,49.0,19.0,32.0,1.52,2.63,35.0,78524896
384,23,8/27/2025 3:11:57 PM,NC113,"Macon County, North Carolina",14802,SbD,"Saunook gravelly loam, 15 to 30 percent slopes, stony",69,545860,6,Evard,,22.0,26331831,114.0,203.0,9.0,62.0,13.0,25.0,1.58,2.63,32.0,78524897
385,23,8/27/2025 3:11:57 PM,NC113,"Macon County, North Carolina",14802,SbD,"Saunook gravelly loam, 15 to 30 percent slopes, stony",69,545860,6,Evard,,22.0,26331831,13.0,81.0,9.0,42.0,33.0,25.0,1.57,2.62,35.0,78524898
386,23,8/27/2025 3:11:57 PM,NC113,"Macon County, North Carolina",14802,SbE,"Saunook gravelly loam, 30 to 50 percent slopes, stony",70,545861,80,Saunook,stony,40.0,26331549,0.0,23.0,28.0,45.0,13.5,41.5,1.48,,27.0,78524235
387,23,8/27/2025 3:11:57 PM,NC113,"Macon County, North Carolina",14802,SbE,"Saunook gravelly loam, 30 to 50 percent slopes, stony",70,545861,80,Saunook,stony,40.0,26331549,23.0,86.0,9.0,37.9,26.5,35.6,1.4,,38.0,78524236
388,23,8/27/2025 3:11:57 PM,NC113,"Macon County, North Carolina",14802,SbE,"Saunook gravelly loam, 30 to 50 percent slopes, stony",70,545861,80,Saunook,stony,40.0,26331549,86.0,203.0,28.0,67.0,13.5,19.5,1.48,,28.0,78524237
389,23,8/27/2025 3:11:57 PM,NC113,"Macon County, North Carolina",14802,ScC,"Saunook loam, 8 to 15 percent slopes",72,545863,9,Dellwood,frequently flooded,3.0,26331836,0.0,30.0,28.0,69.0,10.0,21.0,1.42,,31.0,78524876
390,23,8/27/2025 3:11:57 PM,NC113,"Macon County, North Carolina",14802,ScC,"Saunook loam, 8 to 15 percent slopes",72,545863,9,Dellwood,frequently flooded,3.0,26331836,41.0,203.0,92.0,92.0,3.0,5.0,1.63,,18.0,78524877
391,23,8/27/2025 3:11:57 PM,NC113,"Macon County, North Carolina",14802,ScC,"Saunook loam, 8 to 15 percent slopes",72,545863,9,Dellwood,frequently flooded,3.0,26331836,30.0,41.0,92.0,65.0,10.0,25.0,1.58,,28.0,78524878
392,23,8/27/2025 3:11:57 PM,NC113,"Macon County, North Carolina",14802,ScC,"Saunook loam, 8 to 15 percent slopes",72,545863,7,Reddies,frequently flooded,2.0,26331837,66.0,89.0,92.0,82.0,5.0,13.0,1.6,,34.0,78524883
393,23,8/27/2025 3:11:57 PM,NC113,"Macon County, North Carolina",14802,ScC,"Saunook loam, 8 to 15 percent slopes",72,545863,7,Reddies,frequently flooded,2.0,26331837,89.0,203.0,92.0,92.0,3.0,5.0,1.66,,18.0,78524884
394,23,8/27/2025 3:11:57 PM,NC113,"Macon County, North Carolina",14802,ScC,"Saunook loam, 8 to 15 percent slopes",72,545863,7,Reddies,frequently flooded,2.0,26331837,0.0,30.0,28.0,68.0,12.0,20.0,1.46,,35.0,78524885
395,23,8/27/2025 3:11:57 PM,NC113,"Macon County, North Carolina",14802,ScC,"Saunook loam, 8 to 15 percent slopes",72,545863,7,Reddies,frequently flooded,2.0,26331837,30.0,51.0,28.0,62.0,10.0,28.0,1.57,,33.0,78524886
396,23,8/27/2025 3:11:57 PM,NC113,"Macon County, North Carolina",14802,ScC,"Saunook loam, 8 to 15 percent slopes",72,545863,7,Reddies,frequently flooded,2.0,26331837,51.0,66.0,28.0,62.0,10.0,28.0,1.57,,33.0,78524887
397,23,8/27/2025 3:11:57 PM,NC113,"Macon County, North Carolina",14802,ScC,"Saunook loam, 8 to 15 percent slopes",72,545863,4,Nikwasi,frequently flooded,1.0,26331838,53.0,71.0,92.0,82.0,4.0,14.0,1.6,,35.0,78524879
398,23,8/27/2025 3:11:57 PM,NC113,"Macon County, North Carolina",14802,ScC,"Saunook loam, 8 to 15 percent slopes",72,545863,4,Nikwasi,frequently flooded,1.0,26331838,71.0,203.0,92.0,85.0,5.0,10.0,1.56,,23.0,78524880
399,23,8/27/2025 3:11:57 PM,NC113,"Macon County, North Carolina",14802,ScC,"Saunook loam, 8 to 15 percent slopes",72,545863,4,Nikwasi,frequently flooded,1.0,26331838,15.0,53.0,28.0,45.0,14.0,41.0,1.13,,47.0,78524881
400,23,8/27/2025 3:11:57 PM,NC113,"Macon County, North Carolina",14802,ScC,"Saunook loam, 8 to 15 percent slopes",72,545863,4,Nikwasi,frequently flooded,1.0,26331838,0.0,15.0,28.0,45.0,14.0,41.0,1.38,,38.0,78524882
401,23,8/27/2025 3:11:57 PM,NC113,"Macon County, North Carolina",14802,ScC,"Saunook loam, 8 to 15 percent slopes",72,545863,80,Saunook,,12.0,26331839,25.0,86.0,9.0,35.0,29.0,36.0,1.52,,36.0,78524872
402,23,8/27/2025 3:11:57 PM,NC113,"Macon County, North Carolina",14802,ScC,"Saunook loam, 8 to 15 percent slopes",72,545863,80,Saunook,,12.0,26331839,86.0,112.0,9.0,60.0,14.0,26.0,1.6,,25.0,78524873
403,23,8/27/2025 3:11:57 PM,NC113,"Macon County, North Carolina",14802,ScC,"Saunook loam, 8 to 15 percent slopes",72,545863,80,Saunook,,12.0,26331839,112.0,203.0,9.0,60.0,14.0,26.0,1.5,,19.0,78524874
404,23,8/27/2025 3:11:57 PM,NC113,"Macon County, North Carolina",14802,ScC,"Saunook loam, 8 to 15 percent slopes",72,545863,80,Saunook,,12.0,26331839,0.0,25.0,28.0,45.0,14.0,41.0,1.38,,36.0,78524875
405,23,8/27/2025 3:11:57 PM,NC113,"Macon County, North Carolina",14802,TrE,"Trimont gravelly loam, 30 to 50 percent slopes, stony",83,545874,9,Evard,stony,40.0,26331550,0.0,13.0,28.0,45.7,12.5,41.8,1.35,,35.0,78524352
406,23,8/27/2025 3:11:57 PM,NC113,"Macon County, North Carolina",14802,TrE,"Trimont gravelly loam, 30 to 50 percent slopes, stony",83,545874,9,Evard,stony,40.0,26331550,13.0,74.0,9.0,55.8,26.5,17.7,1.4,,41.0,78524353
407,23,8/27/2025 3:11:57 PM,NC113,"Macon County, North Carolina",14802,TrE,"Trimont gravelly loam, 30 to 50 percent slopes, stony",83,545874,9,Evard,stony,40.0,26331550,74.0,94.0,9.0,65.1,16.0,18.9,1.3,,44.0,78524354
408,23,8/27/2025 3:11:57 PM,NC113,"Macon County, North Carolina",14802,TrE,"Trimont gravelly loam, 30 to 50 percent slopes, stony",83,545874,9,Evard,stony,40.0,26331550,94.0,203.0,9.0,67.9,12.5,19.6,1.3,,42.0,78524355
409,23,8/27/2025 3:11:57 PM,NC113,"Macon County, North Carolina",14802,TrE,"Trimont gravelly loam, 30 to 50 percent slopes, stony",83,545874,6,Cowee,stony,40.0,26331551,13.0,68.0,9.0,55.8,26.5,17.7,1.45,,31.0,78524357
410,23,8/27/2025 3:11:57 PM,NC113,"Macon County, North Carolina",14802,TrE,"Trimont gravelly loam, 30 to 50 percent slopes, stony",83,545874,6,Cowee,stony,40.0,26331551,0.0,13.0,28.0,44.8,14.0,41.2,1.43,,33.0,78524358
411,23,8/27/2025 3:11:57 PM,NC113,"Macon County, North Carolina",14802,TrE,"Trimont gravelly loam, 30 to 50 percent slopes, stony",83,545874,6,Cowee,stony,40.0,26331551,68.0,203.0,7.0,,,,,,,78524356
412,23,8/27/2025 3:11:57 PM,NC113,"Macon County, North Carolina",14802,TrE,"Trimont gravelly loam, 30 to 50 percent slopes, stony",83,545874,85,Trimont,stony,40.0,26331552,0.0,23.0,28.0,44.8,14.0,41.2,1.48,,29.0,78524238
413,23,8/27/2025 3:11:57 PM,NC113,"Macon County, North Carolina",14802,TrE,"Trimont gravelly loam, 30 to 50 percent slopes, stony",83,545874,85,Trimont,stony,40.0,26331552,23.0,114.0,9.0,55.8,26.5,17.7,1.4,,40.0,78524239
414,23,8/27/2025 3:11:57 PM,NC113,"Macon County, North Carolina",14802,TrE,"Trimont gravelly loam, 30 to 50 percent slopes, stony",83,545874,85,Trimont,stony,40.0,26331552,114.0,203.0,9.0,69.6,14.0,16.4,1.53,,35.0,78524240
415,23,8/27/2025 3:11:57 PM,NC113,"Macon County, North Carolina",14802,TrF,"Trimont gravelly loam, 50 to 95 percent slopes, stony",84,545875,0,Rock outcrop,,,26331553,0.0,203.0,0.035,,,,,,,78524369
416,23,8/27/2025 3:11:57 PM,NC113,"Macon County, North Carolina",14802,TrF,"Trimont gravelly loam, 50 to 95 percent slopes, stony",84,545875,5,Evard,stony,63.0,26331554,0.0,13.0,28.0,45.7,12.5,41.8,1.35,,35.0,78524359
417,23,8/27/2025 3:11:57 PM,NC113,"Macon County, North Carolina",14802,TrF,"Trimont gravelly loam, 50 to 95 percent slopes, stony",84,545875,5,Evard,stony,63.0,26331554,94.0,203.0,9.0,67.9,12.5,19.6,1.3,,42.0,78524360
418,23,8/27/2025 3:11:57 PM,NC113,"Macon County, North Carolina",14802,TrF,"Trimont gravelly loam, 50 to 95 percent slopes, stony",84,545875,5,Evard,stony,63.0,26331554,13.0,74.0,9.0,55.8,26.5,17.7,1.4,,41.0,78524361
419,23,8/27/2025 3:11:57 PM,NC113,"Macon County, North Carolina",14802,TrF,"Trimont gravelly loam, 50 to 95 percent slopes, stony",84,545875,5,Evard,stony,63.0,26331554,74.0,94.0,9.0,65.1,16.0,18.9,1.3,,44.0,78524362
420,23,8/27/2025 3:11:57 PM,NC113,"Macon County, North Carolina",14802,TrF,"Trimont gravelly loam, 50 to 95 percent slopes, stony",84,545875,5,Cowee,stony,63.0,26331555,13.0,68.0,9.0,55.8,26.5,17.7,1.45,,31.0,78524363
421,23,8/27/2025 3:11:57 PM,NC113,"Macon County, North Carolina",14802,TrF,"Trimont gravelly loam, 50 to 95 percent slopes, stony",84,545875,5,Cowee,stony,63.0,26331555,0.0,13.0,28.0,44.8,14.0,41.2,1.43,,33.0,78524365
422,23,8/27/2025 3:11:57 PM,NC113,"Macon County, North Carolina",14802,TrF,"Trimont gravelly loam, 50 to 95 percent slopes, stony",84,545875,5,Cowee,stony,63.0,26331555,68.0,203.0,7.0,,,,,,,78524364
423,23,8/27/2025 3:11:57 PM,NC113,"Macon County, North Carolina",14802,TrF,"Trimont gravelly loam, 50 to 95 percent slopes, stony",84,545875,5,Edneyville,rocky,63.0,26331556,0.0,13.0,28.0,67.5,11.5,21.0,1.5,,34.0,78524366
424,23,8/27/2025 3:11:57 PM,NC113,"Macon County, North Carolina",14802,TrF,"Trimont gravelly loam, 50 to 95 percent slopes, stony",84,545875,5,Edneyville,rocky,63.0,26331556,13.0,109.0,28.0,70.1,13.5,16.4,1.5,,36.0,78524367
425,23,8/27/2025 3:11:57 PM,NC113,"Macon County, North Carolina",14802,TrF,"Trimont gravelly loam, 50 to 95 percent slopes, stony",84,545875,5,Edneyville,rocky,63.0,26331556,109.0,203.0,28.0,67.9,12.5,19.6,1.5,,36.0,78524368
426,23,8/27/2025 3:11:57 PM,NC113,"Macon County, North Carolina",14802,TrF,"Trimont gravelly loam, 50 to 95 percent slopes, stony",84,545875,5,Cullasaja,very stony,40.0,26331557,86.0,203.0,28.0,76.0,12.0,12.0,1.3,,26.0,78524370
427,23,8/27/2025 3:11:57 PM,NC113,"Macon County, North Carolina",14802,TrF,"Trimont gravelly loam, 50 to 95 percent slopes, stony",84,545875,5,Cullasaja,very stony,40.0,26331557,0.0,46.0,28.0,68.8,15.0,16.2,0.85,,26.0,78524371
428,23,8/27/2025 3:11:57 PM,NC113,"Macon County, North Carolina",14802,TrF,"Trimont gravelly loam, 50 to 95 percent slopes, stony",84,545875,5,Cullasaja,very stony,40.0,26331557,46.0,86.0,28.0,68.0,16.0,16.0,1.3,,28.0,78524372
429,23,8/27/2025 3:11:57 PM,NC113,"Macon County, North Carolina",14802,TrF,"Trimont gravelly loam, 50 to 95 percent slopes, stony",84,545875,80,Trimont,stony,63.0,26331558,0.0,23.0,28.0,44.8,14.0,41.2,1.48,,29.0,78524241
430,23,8/27/2025 3:11:57 PM,NC113,"Macon County, North Carolina",14802,TrF,"Trimont gravelly loam, 50 to 95 percent slopes, stony",84,545875,80,Trimont,stony,63.0,26331558,23.0,114.0,9.0,55.8,26.5,17.7,1.4,,40.0,78524242
431,23,8/27/2025 3:11:57 PM,NC113,"Macon County, North Carolina",14802,TrF,"Trimont gravelly loam, 50 to 95 percent slopes, stony",84,545875,80,Trimont,stony,63.0,26331558,114.0,203.0,9.0,69.6,14.0,16.4,1.53,,35.0,78524243
432,23,8/27/2025 3:11:57 PM,NC113,"Macon County, North Carolina",14802,TsC,"Tuckasegee-Cullasaja complex, 8 to 15 percent slopes, stony",85,545876,30,Cullasaja,stony,12.0,26331559,0.0,43.0,28.0,55.8,26.5,17.7,0.85,,38.0,78524248
433,23,8/27/2025 3:11:57 PM,NC113,"Macon County, North Carolina",14802,TsC,"Tuckasegee-Cullasaja complex, 8 to 15 percent slopes, stony",85,545876,30,Cullasaja,stony,12.0,26331559,43.0,81.0,28.0,70.9,12.5,16.6,1.3,,30.0,78524249
434,23,8/27/2025 3:11:57 PM,NC113,"Macon County, North Carolina",14802,TsC,"Tuckasegee-Cullasaja complex, 8 to 15 percent slopes, stony",85,545876,30,Cullasaja,stony,12.0,26331559,81.0,203.0,28.0,82.5,8.5,9.0,1.3,,23.0,78524250
435,23,8/27/2025 3:11:57 PM,NC113,"Macon County, North Carolina",14802,TsC,"Tuckasegee-Cullasaja complex, 8 to 15 percent slopes, stony",85,545876,50,Tuckasegee,stony,12.0,26331560,0.0,33.0,28.0,68.0,16.0,16.0,1.03,,44.0,78524244
436,23,8/27/2025 3:11:57 PM,NC113,"Macon County, North Carolina",14802,TsC,"Tuckasegee-Cullasaja complex, 8 to 15 percent slopes, stony",85,545876,50,Tuckasegee,stony,12.0,26331560,33.0,66.0,28.0,68.0,16.0,16.0,1.2,,44.0,78524245
437,23,8/27/2025 3:11:57 PM,NC113,"Macon County, North Carolina",14802,TsC,"Tuckasegee-Cullasaja complex, 8 to 15 percent slopes, stony",85,545876,50,Tuckasegee,stony,12.0,26331560,66.0,119.0,28.0,59.9,22.0,18.1,1.35,,32.0,78524246
438,23,8/27/2025 3:11:57 PM,NC113,"Macon County, North Carolina",14802,TsC,"Tuckasegee-Cullasaja complex, 8 to 15 percent slopes, stony",85,545876,50,Tuckasegee,stony,12.0,26331560,119.0,203.0,28.0,60.6,21.0,18.4,1.35,,31.0,78524247
439,23,8/27/2025 3:11:57 PM,NC113,"Macon County, North Carolina",14802,TwC,"Tuckasegee-Whiteside complex, 8 to 15 percent slopes",87,545878,5,Sylva,undrained,2.0,26331564,0.0,20.0,28.0,45.3,11.5,43.2,1.4,,36.0,78524275
440,23,8/27/2025 3:11:57 PM,NC113,"Macon County, North Carolina",14802,TwC,"Tuckasegee-Whiteside complex, 8 to 15 percent slopes",87,545878,5,Sylva,undrained,2.0,26331564,20.0,81.0,28.0,45.3,11.5,43.2,1.45,,38.0,78524276
441,23,8/27/2025 3:11:57 PM,NC113,"Macon County, North Carolina",14802,TwC,"Tuckasegee-Whiteside complex, 8 to 15 percent slopes",87,545878,5,Sylva,undrained,2.0,26331564,135.0,203.0,23.0,84.1,14.0,1.9,1.45,,38.0,78524277
442,23,8/27/2025 3:11:57 PM,NC113,"Macon County, North Carolina",14802,TwC,"Tuckasegee-Whiteside complex, 8 to 15 percent slopes",87,545878,5,Sylva,undrained,2.0,26331564,81.0,135.0,28.0,84.1,14.0,1.9,1.45,,42.0,78524278
443,23,8/27/2025 3:11:57 PM,NC113,"Macon County, North Carolina",14802,TwC,"Tuckasegee-Whiteside complex, 8 to 15 percent slopes",87,545878,50,Tuckasegee,,12.0,26331565,0.0,33.0,28.0,68.0,16.0,16.0,1.03,,45.0,78524258
444,23,8/27/2025 3:11:57 PM,NC113,"Macon County, North Carolina",14802,TwC,"Tuckasegee-Whiteside complex, 8 to 15 percent slopes",87,545878,50,Tuckasegee,,12.0,26331565,33.0,66.0,28.0,65.1,19.0,15.9,1.2,,44.0,78524259
445,23,8/27/2025 3:11:57 PM,NC113,"Macon County, North Carolina",14802,TwC,"Tuckasegee-Whiteside complex, 8 to 15 percent slopes",87,545878,50,Tuckasegee,,12.0,26331565,66.0,119.0,28.0,65.1,19.0,15.9,1.35,,32.0,78524260
446,23,8/27/2025 3:11:57 PM,NC113,"Macon County, North Carolina",14802,TwC,"Tuckasegee-Whiteside complex, 8 to 15 percent slopes",87,545878,50,Tuckasegee,,12.0,26331565,119.0,203.0,28.0,63.4,20.0,16.6,1.35,,31.0,78524261
447,23,8/27/2025 3:11:57 PM,NC113,"Macon County, North Carolina",14802,TwC,"Tuckasegee-Whiteside complex, 8 to 15 percent slopes",87,545878,30,Whiteside,,12.0,26331566,0.0,28.0,28.0,45.3,11.5,43.2,1.4,,36.0,78524262
448,23,8/27/2025 3:11:57 PM,NC113,"Macon County, North Carolina",14802,TwC,"Tuckasegee-Whiteside complex, 8 to 15 percent slopes",87,545878,30,Whiteside,,12.0,26331566,28.0,94.0,9.0,39.8,22.5,37.7,1.45,,38.0,78524263
449,23,8/27/2025 3:11:57 PM,NC113,"Macon County, North Carolina",14802,TwC,"Tuckasegee-Whiteside complex, 8 to 15 percent slopes",87,545878,30,Whiteside,,12.0,26331566,94.0,152.0,23.0,64.8,19.0,16.2,1.48,,37.0,78524264
450,23,8/27/2025 3:11:57 PM,NC113,"Macon County, North Carolina",14802,UfB,"Udorthents-Urban land complex, 0 to 5 percent slopes, rarely flooded",89,545882,30,Urban land,rarely flooded,,26331710,,,,,,,,,,-1
451,23,8/27/2025 3:11:57 PM,NC113,"Macon County, North Carolina",14802,UfB,"Udorthents-Urban land complex, 0 to 5 percent slopes, rarely flooded",89,545882,60,Udorthents,rarely flooded,3.0,26331711,0.0,203.0,28.0,45.3,11.5,43.2,1.53,,28.0,78524547
452,23,8/27/2025 3:11:57 PM,NC113,"Macon County, North Carolina",14802,UfB,"Udorthents-Urban land complex, 0 to 5 percent slopes, rarely flooded",89,545882,2,Dellwood,occasionally flooded,3.0,26331712,0.0,21.0,28.0,68.5,10.0,21.5,1.4,,31.0,78524591
453,23,8/27/2025 3:11:57 PM,NC113,"Macon County, North Carolina",14802,UfB,"Udorthents-Urban land complex, 0 to 5 percent slopes, rarely flooded",89,545882,2,Dellwood,occasionally flooded,3.0,26331712,21.0,41.0,92.0,94.1,4.5,1.4,1.5,,15.0,78524589
454,23,8/27/2025 3:11:57 PM,NC113,"Macon County, North Carolina",14802,UfB,"Udorthents-Urban land complex, 0 to 5 percent slopes, rarely flooded",89,545882,2,Dellwood,occasionally flooded,3.0,26331712,41.0,203.0,92.0,91.0,2.5,6.5,1.5,,11.0,78524590
455,23,8/27/2025 3:11:57 PM,NC113,"Macon County, North Carolina",14802,UfB,"Udorthents-Urban land complex, 0 to 5 percent slopes, rarely flooded",89,545882,2,Reddies,occasionally flooded,3.0,26331713,0.0,36.0,28.0,55.3,11.5,33.2,1.4,,35.0,78524593
456,23,8/27/2025 3:11:57 PM,NC113,"Macon County, North Carolina",14802,UfB,"Udorthents-Urban land complex, 0 to 5 percent slopes, rarely flooded",89,545882,2,Reddies,occasionally flooded,3.0,26331713,36.0,66.0,28.0,67.5,11.5,21.0,1.45,,37.0,78524594
457,23,8/27/2025 3:11:57 PM,NC113,"Macon County, North Carolina",14802,UfB,"Udorthents-Urban land complex, 0 to 5 percent slopes, rarely flooded",89,545882,2,Reddies,occasionally flooded,3.0,26331713,66.0,203.0,92.0,95.5,3.0,1.5,1.5,,19.0,78524592
458,23,8/27/2025 3:11:57 PM,NC113,"Macon County, North Carolina",14802,UfB,"Udorthents-Urban land complex, 0 to 5 percent slopes, rarely flooded",89,545882,2,Thurmont,,5.0,26331714,0.0,10.0,28.0,49.0,21.0,30.0,1.3,,45.0,78524595
459,23,8/27/2025 3:11:57 PM,NC113,"Macon County, North Carolina",14802,UfB,"Udorthents-Urban land complex, 0 to 5 percent slopes, rarely flooded",89,545882,2,Thurmont,,5.0,26331714,10.0,89.0,9.0,44.0,30.0,26.0,1.4,,43.0,78524596
460,23,8/27/2025 3:11:57 PM,NC113,"Macon County, North Carolina",14802,UfB,"Udorthents-Urban land complex, 0 to 5 percent slopes, rarely flooded",89,545882,2,Thurmont,,5.0,26331714,122.0,203.0,9.0,81.0,9.0,10.0,1.3,,43.0,78524597
461,23,8/27/2025 3:11:57 PM,NC113,"Macon County, North Carolina",14802,UfB,"Udorthents-Urban land complex, 0 to 5 percent slopes, rarely flooded",89,545882,2,Thurmont,,5.0,26331714,89.0,107.0,9.0,55.8,26.5,17.7,1.4,,42.0,78524598
462,23,8/27/2025 3:11:57 PM,NC113,"Macon County, North Carolina",14802,UfB,"Udorthents-Urban land complex, 0 to 5 percent slopes, rarely flooded",89,545882,2,Thurmont,,5.0,26331714,107.0,122.0,28.0,63.3,17.0,19.7,1.45,,40.0,78524599
463,23,8/27/2025 3:11:57 PM,NC113,"Macon County, North Carolina",14802,UfB,"Udorthents-Urban land complex, 0 to 5 percent slopes, rarely flooded",89,545882,2,Cullowhee,occasionally flooded,2.0,26331715,33.0,58.0,92.0,78.5,5.0,16.5,1.45,,38.0,78524600
464,23,8/27/2025 3:11:57 PM,NC113,"Macon County, North Carolina",14802,UfB,"Udorthents-Urban land complex, 0 to 5 percent slopes, rarely flooded",89,545882,2,Cullowhee,occasionally flooded,2.0,26331715,58.0,89.0,92.0,82.5,8.5,9.0,1.45,,38.0,78524601
465,23,8/27/2025 3:11:57 PM,NC113,"Macon County, North Carolina",14802,UfB,"Udorthents-Urban land complex, 0 to 5 percent slopes, rarely flooded",89,545882,2,Cullowhee,occasionally flooded,2.0,26331715,0.0,33.0,28.0,67.5,11.5,21.0,1.4,,35.0,78524603
466,23,8/27/2025 3:11:57 PM,NC113,"Macon County, North Carolina",14802,UfB,"Udorthents-Urban land complex, 0 to 5 percent slopes, rarely flooded",89,545882,2,Cullowhee,occasionally flooded,2.0,26331715,89.0,203.0,92.0,95.5,3.0,1.5,1.5,,10.0,78524602
467,23,8/27/2025 3:11:57 PM,NC113,"Macon County, North Carolina",14802,UfB,"Udorthents-Urban land complex, 0 to 5 percent slopes, rarely flooded",89,545882,2,Dillard,rarely flooded,3.0,26331716,0.0,18.0,9.0,43.0,17.5,39.5,1.35,,41.0,78524604
468,23,8/27/2025 3:11:57 PM,NC113,"Macon County, North Carolina",14802,UfB,"Udorthents-Urban land complex, 0 to 5 percent slopes, rarely flooded",89,545882,2,Dillard,rarely flooded,3.0,26331716,18.0,127.0,9.0,33.5,30.0,36.5,1.5,,38.0,78524605
469,23,8/27/2025 3:11:57 PM,NC113,"Macon County, North Carolina",14802,UfB,"Udorthents-Urban land complex, 0 to 5 percent slopes, rarely flooded",89,545882,2,Dillard,rarely flooded,3.0,26331716,127.0,203.0,28.0,68.3,12.0,19.7,1.45,,39.0,78524606
470,23,8/27/2025 3:11:57 PM,NC113,"Macon County, North Carolina",14802,WeC,"Wayah sandy loam, windswept, 8 to 15 percent slopes, stony",91,545885,85,Wayah,windswept,12.0,26331718,0.0,38.0,28.0,65.7,11.5,22.8,1.1,,44.0,78524524
471,23,8/27/2025 3:11:57 PM,NC113,"Macon County, North Carolina",14802,WeC,"Wayah sandy loam, windswept, 8 to 15 percent slopes, stony",91,545885,85,Wayah,windswept,12.0,26331718,38.0,94.0,28.0,65.7,11.5,22.8,1.4,,34.0,78524525
472,23,8/27/2025 3:11:57 PM,NC113,"Macon County, North Carolina",14802,WeC,"Wayah sandy loam, windswept, 8 to 15 percent slopes, stony",91,545885,85,Wayah,windswept,12.0,26331718,94.0,203.0,28.0,82.2,9.0,8.8,1.53,,28.0,78524526
473,23,8/27/2025 3:11:57 PM,NC113,"Macon County, North Carolina",14802,WeD,"Wayah sandy loam, windswept, 15 to 30 percent slopes, stony",92,545886,85,Wayah,windswept,23.0,26331719,94.0,203.0,28.0,82.2,9.0,8.8,1.53,,27.0,78524527
474,23,8/27/2025 3:11:57 PM,NC113,"Macon County, North Carolina",14802,WeD,"Wayah sandy loam, windswept, 15 to 30 percent slopes, stony",92,545886,85,Wayah,windswept,23.0,26331719,0.0,38.0,28.0,65.7,11.5,22.8,1.1,,42.0,78524528
475,23,8/27/2025 3:11:57 PM,NC113,"Macon County, North Carolina",14802,WeD,"Wayah sandy loam, windswept, 15 to 30 percent slopes, stony",92,545886,85,Wayah,windswept,23.0,26331719,38.0,94.0,28.0,65.7,11.5,22.8,1.4,,30.0,78524529
476,23,8/27/2025 3:11:57 PM,NC113,"Macon County, North Carolina",14802,WeD,"Wayah sandy loam, windswept, 15 to 30 percent slopes, stony",92,545886,10,Burton,windswept,23.0,26331720,0.0,46.0,28.0,65.7,11.5,22.8,1.2,,41.0,78524720
477,23,8/27/2025 3:11:57 PM,NC113,"Macon County, North Carolina",14802,WeD,"Wayah sandy loam, windswept, 15 to 30 percent slopes, stony",92,545886,10,Burton,windswept,23.0,26331720,46.0,91.0,28.0,65.7,11.5,22.8,1.55,,30.0,78524721
478,23,8/27/2025 3:11:57 PM,NC113,"Macon County, North Carolina",14802,WeD,"Wayah sandy loam, windswept, 15 to 30 percent slopes, stony",92,545886,10,Burton,windswept,23.0,26331720,91.0,203.0,0.0,,,,,,,78524722
479,23,8/27/2025 3:11:57 PM,NC113,"Macon County, North Carolina",14802,WeD,"Wayah sandy loam, windswept, 15 to 30 percent slopes, stony",92,545886,5,Chestnut,windswept,23.0,26331721,0.0,15.0,28.0,70.9,12.5,16.6,1.48,,29.0,78524729
480,23,8/27/2025 3:11:57 PM,NC113,"Macon County, North Carolina",14802,WeD,"Wayah sandy loam, windswept, 15 to 30 percent slopes, stony",92,545886,5,Chestnut,windswept,23.0,26331721,15.0,91.0,28.0,68.8,15.0,16.2,1.48,,31.0,78524730
481,23,8/27/2025 3:11:57 PM,NC113,"Macon County, North Carolina",14802,WeD,"Wayah sandy loam, windswept, 15 to 30 percent slopes, stony",92,545886,5,Chestnut,windswept,23.0,26331721,91.0,203.0,7.0,,,,,,,78524728
482,23,8/27/2025 3:11:57 PM,NC113,"Macon County, North Carolina",14802,WeD,"Wayah sandy loam, windswept, 15 to 30 percent slopes, stony",92,545886,0,Rock outcrop,,,26331722,0.0,203.0,0.035,,,,,,,78524723
483,23,8/27/2025 3:11:57 PM,NC113,"Macon County, North Carolina",14802,WeE,"Wayah sandy loam, windswept, 30 to 50 percent slopes, stony",93,545887,5,Tanasee,very stony,40.0,26331723,0.0,18.0,28.0,65.7,11.5,22.8,1.2,,39.0,78524725
484,23,8/27/2025 3:11:57 PM,NC113,"Macon County, North Carolina",14802,WeE,"Wayah sandy loam, windswept, 30 to 50 percent slopes, stony",93,545887,5,Tanasee,very stony,40.0,26331723,18.0,33.0,28.0,65.7,11.5,22.8,1.48,,28.0,78524726
485,23,8/27/2025 3:11:57 PM,NC113,"Macon County, North Carolina",14802,WeE,"Wayah sandy loam, windswept, 30 to 50 percent slopes, stony",93,545887,5,Tanasee,very stony,40.0,26331723,33.0,79.0,28.0,65.7,11.5,22.8,1.48,,29.0,78524727
486,23,8/27/2025 3:11:57 PM,NC113,"Macon County, North Carolina",14802,WeE,"Wayah sandy loam, windswept, 30 to 50 percent slopes, stony",93,545887,5,Tanasee,very stony,40.0,26331723,79.0,203.0,28.0,78.5,3.5,18.0,1.53,,28.0,78524724
487,23,8/27/2025 3:11:57 PM,NC113,"Macon County, North Carolina",14802,WeE,"Wayah sandy loam, windswept, 30 to 50 percent slopes, stony",93,545887,85,Wayah,windswept,40.0,26331724,0.0,38.0,28.0,65.7,11.5,22.8,1.1,,42.0,78524530
488,23,8/27/2025 3:11:57 PM,NC113,"Macon County, North Carolina",14802,WeE,"Wayah sandy loam, windswept, 30 to 50 percent slopes, stony",93,545887,85,Wayah,windswept,40.0,26331724,38.0,94.0,28.0,65.7,11.5,22.8,1.4,,30.0,78524531
489,23,8/27/2025 3:11:57 PM,NC113,"Macon County, North Carolina",14802,WeE,"Wayah sandy loam, windswept, 30 to 50 percent slopes, stony",93,545887,85,Wayah,windswept,40.0,26331724,94.0,203.0,28.0,82.2,9.0,8.8,1.53,,27.0,78524532
490,23,8/27/2025 3:11:57 PM,NC113,"Macon County, North Carolina",14802,WeE,"Wayah sandy loam, windswept, 30 to 50 percent slopes, stony",93,545887,10,Burton,windswept,40.0,26331725,0.0,46.0,28.0,65.7,11.5,22.8,1.2,,41.0,78524734
491,23,8/27/2025 3:11:57 PM,NC113,"Macon County, North Carolina",14802,WeE,"Wayah sandy loam, windswept, 30 to 50 percent slopes, stony",93,545887,10,Burton,windswept,40.0,26331725,46.0,61.0,28.0,65.7,11.5,22.8,1.55,,30.0,78524736
492,23,8/27/2025 3:11:57 PM,NC113,"Macon County, North Carolina",14802,WeE,"Wayah sandy loam, windswept, 30 to 50 percent slopes, stony",93,545887,10,Burton,windswept,40.0,26331725,61.0,203.0,0.035,,,,,,,78524735
