{
"type": "FeatureCollection",
"name": "gcrew_basin31",
"crs": { "type": "name", "properties": { "name": "urn:ogc:def:crs:EPSG::4269" } },
"features": [
{ "type": "Feature", "properties": { "fid": 1.0, "cat": 1, "value": 1, "label": null }, "geometry": { "type": "MultiPolygon", "coordinates": [ [ [ [ -76.564818672962957, 38.870000000027858 ], [ -76.564814814938273, 38.869996142003188 ], [ -76.564814814938273, 38.869988425953863 ], [ -76.56481095691359, 38.869980709904524 ], [ -76.564803240864194, 38.869972993855185 ], [ -76.564795524814826, 38.869972993855185 ], [ -76.564787808765431, 38.869980709904524 ], [ -76.564787808765431, 38.869988425953863 ], [ -76.564795524814826, 38.869996142003188 ], [ -76.564803240864194, 38.870000000027858 ], [ -76.56481095691359, 38.870000000027858 ], [ -76.564814814938273, 38.870003858052527 ], [ -76.564814814938273, 38.870011574101852 ], [ -76.564818672962957, 38.870019290151191 ], [ -76.564826389012353, 38.87002700620053 ], [ -76.56483410506172, 38.870034722249862 ], [ -76.564841821111116, 38.870042438299187 ], [ -76.564849537160484, 38.870050154348519 ], [ -76.56485725320988, 38.870057870397858 ], [ -76.564864969259247, 38.87006558644719 ], [ -76.564872685308643, 38.870073302496522 ], [ -76.564876543333327, 38.870092592619855 ], [ -76.564876543333327, 38.87012345681719 ], [ -76.564880401358025, 38.870142746940523 ], [ -76.564888117407406, 38.870150462989848 ], [ -76.564895833456802, 38.87015817903918 ], [ -76.56490354950617, 38.870165895088519 ], [ -76.564907407530868, 38.870208333359848 ], [ -76.564907407530868, 38.870285493853181 ], [ -76.564911265555551, 38.870327932124518 ], [ -76.564918981604947, 38.870335648173842 ], [ -76.564926697654329, 38.870343364223174 ], [ -76.564934413703696, 38.870351080272513 ], [ -76.564934413703696, 38.870358796321845 ], [ -76.564926697654329, 38.870366512371177 ], [ -76.564918981604947, 38.870374228420516 ], [ -76.564911265555551, 38.870381944469841 ], [ -76.56490354950617, 38.87038966051918 ], [ -76.564895833456802, 38.870397376568505 ], [ -76.564888117407406, 38.870405092617844 ], [ -76.564880401358025, 38.870412808667169 ], [ -76.564876543333327, 38.870432098790502 ], [ -76.564876543333327, 38.870462962987844 ], [ -76.564872685308643, 38.870482253111177 ], [ -76.564864969259247, 38.870489969160502 ], [ -76.564853395185182, 38.870493827185172 ], [ -76.564837963086418, 38.870493827185172 ], [ -76.564826389012353, 38.870497685209841 ], [ -76.564818672962957, 38.870505401259166 ], [ -76.564814814938273, 38.87054012348117 ], [ -76.564814814938273, 38.870601851875833 ], [ -76.564818672962957, 38.87063657409783 ], [ -76.564826389012353, 38.870644290147169 ], [ -76.56483410506172, 38.870652006196501 ], [ -76.564841821111116, 38.870659722245826 ], [ -76.564841821111116, 38.870667438295158 ], [ -76.56483410506172, 38.870675154344497 ], [ -76.564826389012353, 38.870682870393836 ], [ -76.564818672962957, 38.87069058644316 ], [ -76.564814814938273, 38.870725308665165 ], [ -76.564814814938273, 38.870787037059827 ], [ -76.56481095691359, 38.870821759281824 ], [ -76.564803240864194, 38.870829475331163 ], [ -76.564795524814826, 38.870837191380495 ], [ -76.564787808765431, 38.87084490742982 ], [ -76.564780092716049, 38.870852623479152 ], [ -76.564772376666667, 38.870860339528491 ], [ -76.564760802592588, 38.870864197553153 ], [ -76.564745370493824, 38.870864197553153 ], [ -76.564733796419745, 38.870868055577823 ], [ -76.564726080370377, 38.870875771627155 ], [ -76.564722222345679, 38.870887345701156 ], [ -76.564722222345679, 38.87090277779982 ], [ -76.564718364320996, 38.870914351873822 ], [ -76.5647106482716, 38.870922067923154 ], [ -76.564699074197534, 38.870925925947823 ], [ -76.564683642098757, 38.870925925947823 ], [ -76.564672068024691, 38.870929783972485 ], [ -76.564664351975296, 38.870937500021824 ], [ -76.564656635925928, 38.870945216071156 ], [ -76.564648919876532, 38.870952932120481 ], [ -76.564641203827165, 38.870960648169813 ], [ -76.564633487777769, 38.870968364219152 ], [ -76.564625771728402, 38.870976080268491 ], [ -76.564618055679006, 38.870983796317816 ], [ -76.564610339629638, 38.870991512367155 ], [ -76.564602623580242, 38.87099922841648 ], [ -76.564598765555559, 38.871026234589152 ], [ -76.564598765555559, 38.871072530885144 ], [ -76.564602623580242, 38.871099537057816 ], [ -76.564610339629638, 38.871107253107141 ], [ -76.564618055679006, 38.87111496915648 ], [ -76.564625771728402, 38.871122685205819 ], [ -76.564625771728402, 38.871130401255151 ], [ -76.564618055679006, 38.871138117304476 ], [ -76.564610339629638, 38.871145833353808 ], [ -76.564602623580242, 38.871153549403147 ], [ -76.564594907530875, 38.871161265452479 ], [ -76.564587191481479, 38.87116898150181 ], [ -76.564567901358032, 38.87117283952648 ], [ -76.564537037160505, 38.87117283952648 ], [ -76.564517747037044, 38.871176697551149 ], [ -76.564510030987648, 38.871184413600474 ], [ -76.564502314938267, 38.871192129649813 ], [ -76.564494598888899, 38.871199845699138 ], [ -76.564444444567911, 38.871203703723808 ], [ -76.564351851975303, 38.871203703723808 ], [ -76.564301697654315, 38.871199845699138 ], [ -76.564293981604948, 38.871192129649813 ], [ -76.564286265555566, 38.871184413600474 ], [ -76.56427854950617, 38.871176697551149 ], [ -76.564197530987656, 38.87117283952648 ], [ -76.56404321, 38.87117283952648 ], [ -76.56396219148148, 38.871176697551149 ], [ -76.563954475432098, 38.871184413600474 ], [ -76.563946759382716, 38.871192129649813 ], [ -76.56393904333332, 38.871199845699138 ], [ -76.563931327283939, 38.871207561748477 ], [ -76.563923611234571, 38.871215277797809 ], [ -76.56391589518519, 38.871222993847141 ], [ -76.563908179135794, 38.87123070989648 ], [ -76.563900463086412, 38.871238425945812 ], [ -76.563892747037045, 38.871246141995137 ], [ -76.563888889012347, 38.871257716069138 ], [ -76.563888889012347, 38.871273148167809 ], [ -76.563892747037045, 38.871284722241811 ], [ -76.563900463086412, 38.871292438291135 ], [ -76.563908179135794, 38.871300154340474 ], [ -76.56391589518519, 38.871307870389813 ], [ -76.563919753209873, 38.871342592611811 ], [ -76.563919753209873, 38.871404321006466 ], [ -76.56391589518519, 38.871439043228463 ], [ -76.563908179135794, 38.871446759277802 ], [ -76.563900463086412, 38.871454475327134 ], [ -76.563892747037045, 38.871462191376466 ], [ -76.563885030987663, 38.871469907425805 ], [ -76.563877314938267, 38.87147762347513 ], [ -76.563865740864202, 38.871481481499799 ], [ -76.563850308765424, 38.871481481499799 ], [ -76.563838734691359, 38.871485339524469 ], [ -76.563831018641963, 38.871493055573794 ], [ -76.563827160617279, 38.871527777795798 ], [ -76.563827160617279, 38.87158950619046 ], [ -76.563823302592596, 38.871624228412458 ], [ -76.5638155865432, 38.871631944461797 ], [ -76.563807870493832, 38.871639660511129 ], [ -76.563800154444436, 38.871647376560453 ], [ -76.563792438395069, 38.871655092609785 ], [ -76.563784722345673, 38.871662808659124 ], [ -76.563765432222226, 38.871666666683794 ], [ -76.563734568024699, 38.871666666683794 ], [ -76.563715277901238, 38.871670524708463 ], [ -76.563707561851842, 38.871678240757788 ], [ -76.563703703827159, 38.87168981483179 ], [ -76.563703703827159, 38.87170524693046 ], [ -76.563699845802461, 38.871716821004462 ], [ -76.563692129753093, 38.871724537053787 ], [ -76.563684413703712, 38.871732253103119 ], [ -76.563676697654316, 38.871739969152458 ], [ -76.563668981604934, 38.87174768520179 ], [ -76.563661265555567, 38.871755401251121 ], [ -76.563653549506171, 38.871763117300461 ], [ -76.563645833456789, 38.871770833349785 ], [ -76.563638117407407, 38.871778549399124 ], [ -76.563630401358012, 38.871786265448449 ], [ -76.563622685308644, 38.871793981497788 ], [ -76.563614969259248, 38.87180169754712 ], [ -76.563607253209881, 38.871809413596452 ], [ -76.563599537160485, 38.871817129645791 ], [ -76.563591821111117, 38.871824845695123 ], [ -76.563584105061722, 38.871832561744448 ], [ -76.563580247037038, 38.871844135818449 ], [ -76.563580247037038, 38.87185956791712 ], [ -76.563576389012354, 38.871871141991122 ], [ -76.563568672962958, 38.871878858040446 ], [ -76.563560956913591, 38.871886574089785 ], [ -76.563553240864195, 38.87189429013911 ], [ -76.563545524814813, 38.871902006188449 ], [ -76.563537808765432, 38.871909722237781 ], [ -76.563530092716036, 38.871917438287113 ], [ -76.563522376666668, 38.871925154336452 ], [ -76.56351851864197, 38.871936728410446 ], [ -76.56351851864197, 38.871952160509117 ], [ -76.563514660617287, 38.871963734583119 ], [ -76.563506944567891, 38.871971450632444 ], [ -76.563499228518509, 38.871979166681783 ], [ -76.563491512469142, 38.871986882731107 ], [ -76.56348379641976, 38.871994598780446 ], [ -76.563476080370364, 38.872002314829786 ], [ -76.563464506296299, 38.872006172854448 ], [ -76.563449074197536, 38.872006172854448 ], [ -76.563437500123456, 38.872010030879117 ], [ -76.563429784074074, 38.872017746928442 ], [ -76.563422068024693, 38.872025462977774 ], [ -76.563414351975297, 38.872033179027113 ], [ -76.563406635925929, 38.872040895076445 ], [ -76.563398919876533, 38.87204861112577 ], [ -76.563391203827166, 38.872056327175102 ], [ -76.56338348777777, 38.872064043224441 ], [ -76.563364197654323, 38.87206790124911 ], [ -76.563333333456796, 38.87206790124911 ], [ -76.563314043333335, 38.87207175927378 ], [ -76.563306327283939, 38.872079475323105 ], [ -76.563298611234558, 38.872087191372444 ], [ -76.56329089518519, 38.872094907421769 ], [ -76.563283179135809, 38.872102623471108 ], [ -76.563275463086413, 38.872110339520447 ], [ -76.563267747037031, 38.872118055569779 ], [ -76.563260030987664, 38.872125771619103 ], [ -76.563248456913584, 38.872129629643773 ], [ -76.563233024814807, 38.872129629643773 ], [ -76.563221450740741, 38.872133487668435 ], [ -76.563213734691345, 38.872141203717774 ], [ -76.563206018641978, 38.872148919767106 ], [ -76.563198302592582, 38.872156635816438 ], [ -76.563190586543215, 38.872164351865777 ], [ -76.563182870493819, 38.872172067915102 ], [ -76.563175154444451, 38.872179783964441 ], [ -76.563167438395055, 38.872187500013766 ], [ -76.563140432222227, 38.872191358038435 ], [ -76.563094135925923, 38.872191358038435 ], [ -76.56306712975308, 38.872195216063105 ], [ -76.563059413703712, 38.872202932112437 ], [ -76.56305169765433, 38.872210648161769 ], [ -76.563043981604935, 38.872218364211108 ], [ -76.563032407530869, 38.87222222223577 ], [ -76.563016975432092, 38.87222222223577 ], [ -76.563005401358026, 38.87222608026044 ], [ -76.56299768530863, 38.872233796309764 ], [ -76.562993827283947, 38.872245370383766 ], [ -76.562993827283947, 38.872260802482437 ], [ -76.562989969259263, 38.872272376556438 ], [ -76.562982253209867, 38.872280092605763 ], [ -76.5629745371605, 38.872287808655102 ], [ -76.562966821111104, 38.872295524704427 ], [ -76.56296296308642, 38.872307098778428 ], [ -76.56296296308642, 38.872322530877099 ], [ -76.562959105061736, 38.872334104951101 ], [ -76.562951389012341, 38.872341821000425 ], [ -76.562943672962973, 38.872349537049757 ], [ -76.562935956913577, 38.872357253099096 ], [ -76.562932098888894, 38.872368827173098 ], [ -76.562932098888894, 38.872384259271762 ], [ -76.562928240864196, 38.872395833345763 ], [ -76.562920524814814, 38.872403549395102 ], [ -76.562893518641971, 38.872407407419765 ], [ -76.562847222345681, 38.872407407419765 ], [ -76.562820216172838, 38.872411265444434 ], [ -76.562812500123457, 38.872418981493759 ], [ -76.562804784074075, 38.872426697543091 ], [ -76.562797068024679, 38.87243441359243 ], [ -76.562785493950614, 38.872438271617092 ], [ -76.56277006185185, 38.872438271617092 ], [ -76.562758487777785, 38.872442129641762 ], [ -76.562750771728389, 38.872449845691094 ], [ -76.562743055679022, 38.872457561740433 ], [ -76.562735339629626, 38.872465277789757 ], [ -76.56272376555556, 38.872469135814427 ], [ -76.562708333456783, 38.872469135814427 ], [ -76.562696759382703, 38.872472993839096 ], [ -76.562689043333336, 38.872480709888421 ], [ -76.562685185308638, 38.872492283962423 ], [ -76.562685185308638, 38.872507716061094 ], [ -76.562681327283954, 38.872519290135095 ], [ -76.562673611234558, 38.87252700618442 ], [ -76.562665895185177, 38.872534722233752 ], [ -76.562658179135809, 38.872542438283091 ], [ -76.562650463086428, 38.872550154332423 ], [ -76.562642747037032, 38.872557870381755 ], [ -76.56263503098765, 38.872565586431094 ], [ -76.562627314938283, 38.872573302480419 ], [ -76.562619598888887, 38.872581018529758 ], [ -76.562611882839505, 38.872588734579082 ], [ -76.562600308765425, 38.872592592603752 ], [ -76.562584876666662, 38.872592592603752 ], [ -76.562573302592597, 38.872588734579082 ], [ -76.562565586543201, 38.872581018529758 ], [ -76.562561728518517, 38.872569444455756 ], [ -76.562561728518517, 38.872554012357085 ], [ -76.562557870493833, 38.872542438283091 ], [ -76.562550154444438, 38.872534722233752 ], [ -76.56254243839507, 38.872534722233752 ], [ -76.562534722345674, 38.872542438283091 ], [ -76.562527006296307, 38.872550154332423 ], [ -76.562519290246911, 38.872557870381755 ], [ -76.562511574197529, 38.872557870381755 ], [ -76.562503858148148, 38.872550154332423 ], [ -76.562496142098752, 38.872542438283091 ], [ -76.562488426049384, 38.872534722233752 ], [ -76.562461419876541, 38.872530864209089 ], [ -76.562415123580237, 38.872530864209089 ], [ -76.562388117407409, 38.872534722233752 ], [ -76.562380401358013, 38.872542438283091 ], [ -76.562372685308645, 38.872550154332423 ], [ -76.562364969259249, 38.872557870381755 ], [ -76.562357253209882, 38.872565586431094 ], [ -76.562349537160486, 38.872573302480419 ], [ -76.562341821111119, 38.872581018529758 ], [ -76.562334105061723, 38.872588734579082 ], [ -76.562326389012355, 38.872596450628421 ], [ -76.562318672962959, 38.872604166677753 ], [ -76.562318672962959, 38.872611882727085 ], [ -76.562326389012355, 38.872619598776424 ], [ -76.562334105061723, 38.872627314825756 ], [ -76.562341821111119, 38.872635030875081 ], [ -76.562345679135802, 38.872654320998414 ], [ -76.562345679135802, 38.872685185195756 ], [ -76.562341821111119, 38.87270447531909 ], [ -76.562334105061723, 38.872712191368414 ], [ -76.562326389012355, 38.872719907417746 ], [ -76.562318672962959, 38.872727623467085 ], [ -76.562310956913592, 38.872735339516417 ], [ -76.562303240864196, 38.872743055565749 ], [ -76.562295524814814, 38.872743055565749 ], [ -76.562287808765433, 38.872735339516417 ], [ -76.562280092716051, 38.872727623467085 ], [ -76.562272376666655, 38.872719907417746 ], [ -76.562245370493827, 38.872716049393084 ], [ -76.562199074197522, 38.872716049393084 ], [ -76.562172068024694, 38.872719907417746 ], [ -76.562164351975298, 38.872727623467085 ], [ -76.562160493950614, 38.87273919754108 ], [ -76.562160493950614, 38.872754629639751 ], [ -76.56215663592593, 38.872766203713752 ], [ -76.562148919876535, 38.872773919763077 ], [ -76.562137345802469, 38.872777777787746 ], [ -76.562121913703706, 38.872777777787746 ], [ -76.562110339629641, 38.872781635812416 ], [ -76.562102623580245, 38.872789351861741 ], [ -76.562094907530863, 38.87279706791108 ], [ -76.562087191481481, 38.872804783960419 ], [ -76.5620794754321, 38.872812500009751 ], [ -76.562071759382704, 38.872820216059075 ], [ -76.562064043333322, 38.872827932108407 ], [ -76.562056327283955, 38.872835648157746 ], [ -76.562044753209875, 38.872839506182409 ], [ -76.562029321111112, 38.872839506182409 ], [ -76.562017747037046, 38.872843364207078 ], [ -76.562010030987651, 38.87285108025641 ], [ -76.562002314938269, 38.872858796305749 ], [ -76.561994598888901, 38.872866512355074 ], [ -76.56197530876544, 38.872870370379744 ], [ -76.561944444567899, 38.872870370379744 ], [ -76.561925154444452, 38.872874228404413 ], [ -76.561917438395056, 38.872881944453738 ], [ -76.561909722345689, 38.872889660503077 ], [ -76.561902006296293, 38.872897376552409 ], [ -76.561867284074083, 38.872901234577078 ], [ -76.561805555679001, 38.872901234577078 ], [ -76.561770833456791, 38.872905092601741 ], [ -76.561763117407395, 38.87291280865108 ], [ -76.561755401358027, 38.872920524700412 ], [ -76.561747685308632, 38.872928240749737 ], [ -76.561736111234566, 38.872932098774406 ], [ -76.561720679135803, 38.872932098774406 ], [ -76.561709105061738, 38.872935956799068 ], [ -76.561701389012342, 38.872943672848407 ], [ -76.561693672962974, 38.872951388897746 ], [ -76.561685956913578, 38.872959104947071 ], [ -76.561604938395064, 38.872962962971741 ], [ -76.561450617407417, 38.872962962971741 ], [ -76.561369598888888, 38.87296682099641 ], [ -76.561361882839506, 38.872974537045735 ], [ -76.561354166790125, 38.872982253095074 ], [ -76.561346450740729, 38.872989969144413 ], [ -76.561338734691361, 38.872997685193745 ], [ -76.561331018641965, 38.87300540124307 ], [ -76.561331018641965, 38.873013117292402 ], [ -76.561338734691361, 38.873020833341741 ], [ -76.561346450740729, 38.873028549391073 ], [ -76.561354166790125, 38.873036265440398 ], [ -76.561358024814808, 38.873055555563731 ], [ -76.561358024814808, 38.873086419761073 ], [ -76.561361882839506, 38.873105709884406 ], [ -76.561369598888888, 38.873113425933731 ], [ -76.561377314938269, 38.873121141983063 ], [ -76.561385030987665, 38.873128858032402 ], [ -76.561388889012349, 38.873140432106396 ], [ -76.561388889012349, 38.873155864205067 ], [ -76.561385030987665, 38.873167438279069 ], [ -76.561377314938269, 38.873175154328393 ], [ -76.561365740864204, 38.873179012353063 ], [ -76.561350308765427, 38.873179012353063 ], [ -76.561338734691361, 38.873182870377732 ], [ -76.561331018641965, 38.873190586427064 ], [ -76.561323302592598, 38.873198302476396 ], [ -76.561315586543202, 38.873206018525735 ], [ -76.561307870493835, 38.873213734575067 ], [ -76.561300154444439, 38.873221450624392 ], [ -76.561292438395071, 38.873229166673724 ], [ -76.561284722345675, 38.873236882723063 ], [ -76.561277006296308, 38.873244598772402 ], [ -76.561269290246912, 38.873252314821727 ], [ -76.561265432222228, 38.873263888895728 ], [ -76.561265432222228, 38.873279320994392 ], [ -76.56126157419753, 38.873290895068394 ], [ -76.561253858148149, 38.873298611117725 ], [ -76.561246142098767, 38.873306327167057 ], [ -76.561238426049371, 38.873314043216396 ], [ -76.561234568024688, 38.873341049389062 ], [ -76.561234568024688, 38.873387345685053 ], [ -76.56123071, 38.873414351857718 ], [ -76.561222993950622, 38.873422067907057 ], [ -76.56121527790124, 38.873429783956389 ], [ -76.561207561851845, 38.873437500005721 ], [ -76.561203703827161, 38.873456790129055 ], [ -76.561203703827161, 38.873487654326389 ], [ -76.561207561851845, 38.873506944449723 ], [ -76.56121527790124, 38.873514660499048 ], [ -76.561222993950622, 38.873522376548379 ], [ -76.56123071, 38.873530092597719 ], [ -76.561234568024688, 38.873557098770384 ], [ -76.561234568024688, 38.873603395066375 ], [ -76.56123071, 38.873630401239041 ], [ -76.561222993950622, 38.87363811728838 ], [ -76.561211419876543, 38.873641975313049 ], [ -76.561195987777779, 38.873641975313049 ], [ -76.561184413703714, 38.873645833337719 ], [ -76.561176697654318, 38.873653549387043 ], [ -76.561172839629634, 38.873680555559716 ], [ -76.561172839629634, 38.873726851855707 ], [ -76.561176697654318, 38.87375385802838 ], [ -76.561184413703714, 38.873761574077704 ], [ -76.561192129753096, 38.873769290127044 ], [ -76.561199845802463, 38.873777006176368 ], [ -76.561207561851845, 38.873784722225707 ], [ -76.56121527790124, 38.873792438275046 ], [ -76.561222993950622, 38.873800154324378 ], [ -76.56123071, 38.873807870373703 ], [ -76.561234568024688, 38.873819444447705 ], [ -76.561234568024688, 38.873834876546375 ], [ -76.56123071, 38.873846450620377 ], [ -76.561222993950622, 38.873854166669702 ], [ -76.561188271728398, 38.873858024694371 ], [ -76.56112654333333, 38.873858024694371 ], [ -76.56109182111112, 38.873854166669702 ], [ -76.561084105061724, 38.873846450620377 ], [ -76.561076389012356, 38.873838734571038 ], [ -76.561068672962961, 38.873831018521706 ], [ -76.561049382839514, 38.873827160497036 ], [ -76.561018518641973, 38.873827160497036 ], [ -76.560999228518511, 38.873831018521706 ], [ -76.560991512469144, 38.873838734571038 ], [ -76.560983796419762, 38.873846450620377 ], [ -76.560976080370367, 38.873854166669702 ], [ -76.560964506296301, 38.873858024694371 ], [ -76.560949074197524, 38.873858024694371 ], [ -76.560937500123458, 38.873861882719041 ], [ -76.560929784074062, 38.873869598768366 ], [ -76.560922068024695, 38.873877314817705 ], [ -76.560914351975299, 38.873885030867037 ], [ -76.560902777901234, 38.873888888891706 ], [ -76.56088734580247, 38.873888888891706 ], [ -76.560875771728405, 38.873892746916368 ], [ -76.560868055679009, 38.873900462965707 ], [ -76.560864197654325, 38.873912037039702 ], [ -76.560864197654325, 38.873927469138373 ], [ -76.560860339629627, 38.873939043212374 ], [ -76.560852623580246, 38.873946759261699 ], [ -76.560844907530864, 38.873954475311038 ], [ -76.560837191481468, 38.873962191360363 ], [ -76.560829475432087, 38.873969907409702 ], [ -76.560821759382719, 38.873977623459027 ], [ -76.560814043333338, 38.873985339508366 ], [ -76.560806327283942, 38.873993055557698 ], [ -76.56079861123456, 38.874000771607029 ], [ -76.560790895185193, 38.874008487656369 ], [ -76.560783179135811, 38.8740162037057 ], [ -76.560775463086415, 38.874023919755025 ], [ -76.560767747037033, 38.874031635804357 ], [ -76.560760030987666, 38.874039351853696 ], [ -76.56075231493827, 38.874047067903035 ], [ -76.560744598888888, 38.87405478395236 ], [ -76.56074074086419, 38.874066358026361 ], [ -76.56074074086419, 38.874081790125032 ], [ -76.560736882839507, 38.874093364199034 ], [ -76.560729166790111, 38.874101080248359 ], [ -76.560717592716045, 38.874104938273028 ], [ -76.560702160617282, 38.874104938273028 ], [ -76.560690586543217, 38.874108796297691 ], [ -76.560682870493821, 38.87411651234703 ], [ -76.560675154444453, 38.874124228396362 ], [ -76.560667438395058, 38.874131944445693 ], [ -76.56065972234569, 38.874139660495032 ], [ -76.560652006296294, 38.874147376544357 ], [ -76.560644290246913, 38.874155092593696 ], [ -76.560636574197531, 38.874162808643021 ], [ -76.560628858148135, 38.87417052469236 ], [ -76.560621142098768, 38.874178240741692 ], [ -76.56061728407407, 38.874189814815693 ], [ -76.56061728407407, 38.874205246914357 ], [ -76.560613426049386, 38.874216820988352 ], [ -76.56060571, 38.874224537037691 ], [ -76.560597993950608, 38.874224537037691 ], [ -76.560590277901241, 38.874216820988352 ], [ -76.560582561851859, 38.87420910493902 ], [ -76.560574845802464, 38.874201388889695 ], [ -76.560563271728398, 38.874197530865025 ], [ -76.560547839629621, 38.874197530865025 ], [ -76.560536265555555, 38.874193672840363 ], [ -76.560528549506159, 38.874185956791024 ], [ -76.560520833456792, 38.874178240741692 ], [ -76.560513117407396, 38.87417052469236 ], [ -76.560478395185186, 38.874166666667691 ], [ -76.560416666790132, 38.874166666667691 ], [ -76.560381944567908, 38.874162808643021 ], [ -76.560374228518512, 38.874155092593696 ], [ -76.56036651246913, 38.874147376544357 ], [ -76.560358796419763, 38.874139660495032 ], [ -76.560351080370381, 38.874131944445693 ], [ -76.560343364320985, 38.874124228396362 ], [ -76.560335648271604, 38.87411651234703 ], [ -76.560327932222222, 38.874108796297691 ], [ -76.560308642098761, 38.874104938273028 ], [ -76.560277777901234, 38.874104938273028 ], [ -76.560258487777787, 38.874101080248359 ], [ -76.560250771728391, 38.874093364199034 ], [ -76.560243055679024, 38.874085648149702 ], [ -76.560235339629628, 38.874077932100363 ], [ -76.560223765555563, 38.874074074075693 ], [ -76.560208333456785, 38.874074074075693 ], [ -76.560196759382706, 38.874070216051024 ], [ -76.560189043333338, 38.874062500001699 ], [ -76.560181327283956, 38.87405478395236 ], [ -76.560173611234561, 38.874047067903035 ], [ -76.560162037160495, 38.874043209878366 ], [ -76.560146605061732, 38.874043209878366 ], [ -76.560135030987652, 38.874039351853696 ], [ -76.560127314938271, 38.874031635804357 ], [ -76.560119598888889, 38.874023919755025 ], [ -76.560111882839493, 38.8740162037057 ], [ -76.560084876666664, 38.874012345681031 ], [ -76.56003858037036, 38.874012345681031 ], [ -76.560011574197532, 38.8740162037057 ], [ -76.560003858148136, 38.874023919755025 ], [ -76.559996142098754, 38.874031635804357 ], [ -76.559988426049387, 38.874039351853696 ], [ -76.55998071, 38.874047067903035 ], [ -76.559972993950609, 38.87405478395236 ], [ -76.559965277901227, 38.874062500001699 ], [ -76.55995756185186, 38.874070216051024 ], [ -76.559949845802478, 38.874077932100363 ], [ -76.559942129753082, 38.874085648149702 ], [ -76.559934413703701, 38.874093364199034 ], [ -76.559926697654333, 38.874101080248359 ], [ -76.559907407530872, 38.874104938273028 ], [ -76.559876543333331, 38.874104938273028 ], [ -76.559857253209884, 38.874108796297691 ], [ -76.559849537160488, 38.87411651234703 ], [ -76.559841821111121, 38.874124228396362 ], [ -76.559834105061725, 38.874131944445693 ], [ -76.55982253098766, 38.874135802470363 ], [ -76.559807098888882, 38.874135802470363 ], [ -76.559795524814803, 38.874139660495032 ], [ -76.559787808765435, 38.874147376544357 ], [ -76.559780092716053, 38.874155092593696 ], [ -76.559772376666658, 38.874162808643021 ], [ -76.559760802592592, 38.874166666667691 ], [ -76.559745370493829, 38.874166666667691 ], [ -76.559733796419749, 38.87417052469236 ], [ -76.559726080370382, 38.874178240741692 ], [ -76.559718364320986, 38.874185956791024 ], [ -76.559710648271604, 38.874193672840363 ], [ -76.559702932222223, 38.874201388889695 ], [ -76.559695216172827, 38.87420910493902 ], [ -76.559691358148143, 38.874220679013021 ], [ -76.559691358148143, 38.874236111111692 ], [ -76.559687500123459, 38.874247685185694 ], [ -76.559679784074063, 38.874255401235018 ], [ -76.559672068024696, 38.874263117284357 ], [ -76.5596643519753, 38.874270833333682 ], [ -76.559660493950616, 38.874282407407684 ], [ -76.559660493950616, 38.874297839506355 ], [ -76.559656635925933, 38.874309413580356 ], [ -76.559648919876537, 38.874317129629681 ], [ -76.559641203827169, 38.874324845679013 ], [ -76.559633487777774, 38.874332561728352 ], [ -76.55962962975309, 38.874344135802353 ], [ -76.55962962975309, 38.874359567901017 ], [ -76.559625771728406, 38.874371141975018 ], [ -76.55961805567901, 38.874378858024357 ], [ -76.559610339629629, 38.874386574073689 ], [ -76.559602623580247, 38.874394290123014 ], [ -76.559594907530851, 38.874402006172346 ], [ -76.559587191481484, 38.874409722221685 ], [ -76.559579475432102, 38.874417438271017 ], [ -76.559571759382706, 38.874425154320349 ], [ -76.559564043333324, 38.874432870369688 ], [ -76.559556327283957, 38.874440586419013 ], [ -76.559548611234575, 38.874448302468352 ], [ -76.559540895185179, 38.874456018517677 ], [ -76.559537037160496, 38.874467592591678 ], [ -76.559537037160496, 38.874483024690349 ], [ -76.559533179135798, 38.87449459876435 ], [ -76.55952546308643, 38.874502314813675 ], [ -76.559517747037049, 38.874510030863007 ], [ -76.559510030987653, 38.874517746912346 ], [ -76.559506172962969, 38.874529320986341 ], [ -76.559506172962969, 38.874544753085011 ], [ -76.559502314938271, 38.874556327159013 ], [ -76.55949459888889, 38.874564043208338 ], [ -76.559486882839508, 38.874571759257677 ], [ -76.559479166790112, 38.874579475307009 ], [ -76.559471450740745, 38.874587191356341 ], [ -76.559463734691349, 38.87459490740568 ], [ -76.559456018641981, 38.874602623455011 ], [ -76.559448302592585, 38.874610339504336 ], [ -76.559444444567902, 38.874637345677002 ], [ -76.559444444567902, 38.874683641973007 ], [ -76.559440586543218, 38.874710648145673 ], [ -76.559432870493822, 38.874718364194997 ], [ -76.559425154444455, 38.874726080244329 ], [ -76.559417438395059, 38.874733796293668 ], [ -76.559409722345677, 38.874741512343007 ], [ -76.559402006296295, 38.874749228392332 ], [ -76.5593942902469, 38.874756944441671 ], [ -76.559386574197532, 38.874764660490996 ], [ -76.559382716172834, 38.874783950614329 ], [ -76.559382716172834, 38.874814814811671 ], [ -76.55937885814815, 38.874834104935005 ], [ -76.559371142098755, 38.874841820984329 ], [ -76.559363426049373, 38.874849537033668 ], [ -76.55935571, 38.874857253082993 ], [ -76.559351851975308, 38.874876543206327 ], [ -76.559351851975308, 38.874907407403668 ], [ -76.559347993950624, 38.874926697527002 ], [ -76.559340277901228, 38.874934413576327 ], [ -76.559332561851846, 38.874942129625666 ], [ -76.559324845802479, 38.87494984567499 ], [ -76.559320987777781, 38.874969135798324 ], [ -76.559320987777781, 38.874999999995651 ], [ -76.559317129753097, 38.875019290118985 ], [ -76.559309413703701, 38.875027006168324 ], [ -76.55930169765432, 38.875034722217663 ], [ -76.559293981604938, 38.875042438266988 ], [ -76.559293981604938, 38.875050154316327 ], [ -76.55930169765432, 38.875057870365652 ], [ -76.559309413703701, 38.875065586414991 ], [ -76.559317129753097, 38.87507330246433 ], [ -76.559317129753097, 38.875081018513661 ], [ -76.559309413703701, 38.875088734562986 ], [ -76.55930169765432, 38.875096450612318 ], [ -76.559293981604938, 38.875104166661657 ], [ -76.55929012358024, 38.875115740735652 ], [ -76.55929012358024, 38.875131172834323 ], [ -76.559286265555556, 38.875142746908324 ], [ -76.559278549506161, 38.875150462957649 ], [ -76.559270833456793, 38.875158179006988 ], [ -76.559263117407397, 38.875165895056313 ], [ -76.559259259382713, 38.875177469130314 ], [ -76.559259259382713, 38.875192901228985 ], [ -76.55925540135803, 38.875204475302979 ], [ -76.559247685308634, 38.875212191352318 ], [ -76.559239969259266, 38.87521990740165 ], [ -76.559232253209871, 38.875227623450982 ], [ -76.559228395185187, 38.875262345672979 ], [ -76.559228395185187, 38.875324074067649 ], [ -76.559224537160503, 38.875358796289646 ], [ -76.559216821111107, 38.875366512338985 ], [ -76.55920910506174, 38.875366512338985 ], [ -76.559201389012344, 38.875358796289646 ], [ -76.559193672962962, 38.875351080240307 ], [ -76.559185956913581, 38.875343364190982 ], [ -76.559166666790119, 38.875339506166313 ], [ -76.559135802592593, 38.875339506166313 ], [ -76.559116512469146, 38.875335648141643 ], [ -76.55910879641975, 38.875327932092318 ], [ -76.559101080370368, 38.875320216042979 ], [ -76.559093364320987, 38.87531249999364 ], [ -76.559081790246907, 38.875308641968978 ], [ -76.559066358148144, 38.875308641968978 ], [ -76.559054784074078, 38.875304783944308 ], [ -76.559047068024682, 38.875297067894984 ], [ -76.559039351975315, 38.875289351845652 ], [ -76.559031635925919, 38.875281635796313 ], [ -76.558989197654313, 38.87527777777165 ], [ -76.558912037160496, 38.87527777777165 ], [ -76.55886959888889, 38.875281635796313 ], [ -76.558861882839494, 38.875289351845652 ], [ -76.558854166790127, 38.875297067894984 ], [ -76.558846450740731, 38.875304783944308 ], [ -76.558838734691363, 38.87531249999364 ], [ -76.558831018641968, 38.875320216042979 ], [ -76.5588233025926, 38.875327932092318 ], [ -76.558815586543204, 38.875335648141643 ], [ -76.558807870493837, 38.875335648141643 ], [ -76.558800154444441, 38.875327932092318 ], [ -76.558792438395059, 38.875320216042979 ], [ -76.558784722345678, 38.87531249999364 ], [ -76.558765432222216, 38.875308641968978 ], [ -76.55873456802469, 38.875308641968978 ], [ -76.558715277901243, 38.87531249999364 ], [ -76.558707561851847, 38.875320216042979 ], [ -76.558699845802465, 38.875327932092318 ], [ -76.558692129753098, 38.875335648141643 ], [ -76.558657407530873, 38.875339506166313 ], [ -76.558595679135792, 38.875339506166313 ], [ -76.558560956913567, 38.875343364190982 ], [ -76.5585532408642, 38.875351080240307 ], [ -76.558545524814818, 38.875358796289646 ], [ -76.558537808765422, 38.875366512338985 ], [ -76.55853009271604, 38.875374228388317 ], [ -76.558522376666673, 38.875381944437642 ], [ -76.558514660617291, 38.875389660486974 ], [ -76.558506944567895, 38.875397376536313 ], [ -76.558464506296289, 38.875401234560975 ], [ -76.558387345802473, 38.875401234560975 ], [ -76.558344907530866, 38.875405092585645 ], [ -76.558337191481471, 38.87541280863497 ], [ -76.558329475432089, 38.875420524684301 ], [ -76.558321759382721, 38.87542824073364 ], [ -76.558287037160497, 38.87543209875831 ], [ -76.558225308765429, 38.87543209875831 ], [ -76.558190586543219, 38.875435956782979 ], [ -76.558182870493823, 38.875443672832304 ], [ -76.558175154444456, 38.875451388881643 ], [ -76.55816743839506, 38.875459104930968 ], [ -76.558117284074086, 38.875462962955638 ], [ -76.558024691481478, 38.875462962955638 ], [ -76.557974537160504, 38.875466820980307 ], [ -76.557966821111108, 38.875474537029646 ], [ -76.557959105061727, 38.875482253078978 ], [ -76.557951389012345, 38.875489969128303 ], [ -76.557932098888884, 38.875493827152972 ], [ -76.557901234691357, 38.875493827152972 ], [ -76.55788194456791, 38.875497685177635 ], [ -76.557874228518514, 38.875505401226974 ], [ -76.557870370493831, 38.875516975300968 ], [ -76.557870370493831, 38.875532407399639 ], [ -76.557866512469133, 38.875543981473641 ], [ -76.557858796419765, 38.875551697522965 ], [ -76.557824074197541, 38.875555555547635 ], [ -76.557762345802459, 38.875555555547635 ], [ -76.557727623580234, 38.875559413572304 ], [ -76.557719907530867, 38.875567129621636 ], [ -76.557712191481485, 38.875574845670968 ], [ -76.557704475432089, 38.875582561720307 ], [ -76.557692901358024, 38.87558641974497 ], [ -76.557677469259261, 38.87558641974497 ], [ -76.557665895185181, 38.875590277769639 ], [ -76.557658179135814, 38.875597993818964 ], [ -76.557650463086418, 38.875605709868296 ], [ -76.557642747037036, 38.875613425917635 ], [ -76.557592592716048, 38.875617283942304 ], [ -76.557500000123468, 38.875617283942304 ], [ -76.557449845802481, 38.875613425917635 ], [ -76.557442129753085, 38.875605709868296 ], [ -76.557434413703703, 38.875597993818964 ], [ -76.557426697654321, 38.875590277769639 ], [ -76.55740740753086, 38.87558641974497 ], [ -76.557376543333334, 38.87558641974497 ], [ -76.557357253209886, 38.875582561720307 ], [ -76.557349537160491, 38.875574845670968 ], [ -76.557341821111109, 38.875567129621636 ], [ -76.557334105061727, 38.875559413572304 ], [ -76.557326389012331, 38.875559413572304 ], [ -76.557318672962964, 38.875567129621636 ], [ -76.557310956913582, 38.875574845670968 ], [ -76.557303240864186, 38.875582561720307 ], [ -76.557295524814805, 38.875590277769639 ], [ -76.557287808765437, 38.875597993818964 ], [ -76.557280092716056, 38.875605709868296 ], [ -76.55727237666666, 38.875613425917635 ], [ -76.557229938395054, 38.875617283942304 ], [ -76.557152777901237, 38.875617283942304 ], [ -76.557110339629631, 38.875613425917635 ], [ -76.557102623580235, 38.875605709868296 ], [ -76.557094907530853, 38.875597993818964 ], [ -76.557087191481486, 38.875590277769639 ], [ -76.557079475432104, 38.875582561720307 ], [ -76.557071759382708, 38.875574845670968 ], [ -76.557064043333327, 38.875567129621636 ], [ -76.557056327283959, 38.875559413572304 ], [ -76.557048611234578, 38.875551697522965 ], [ -76.557040895185182, 38.875543981473641 ], [ -76.5570331791358, 38.875536265424302 ], [ -76.557025463086418, 38.875528549374977 ], [ -76.557006172962957, 38.875524691350307 ], [ -76.556975308765431, 38.875524691350307 ], [ -76.556956018641984, 38.875520833325638 ], [ -76.556948302592588, 38.875513117276306 ], [ -76.55694058654322, 38.875505401226974 ], [ -76.556932870493824, 38.875497685177635 ], [ -76.556898148271614, 38.875493827152972 ], [ -76.556836419876532, 38.875493827152972 ], [ -76.556801697654322, 38.875489969128303 ], [ -76.556793981604926, 38.875482253078978 ], [ -76.556786265555559, 38.875474537029646 ], [ -76.556778549506163, 38.875466820980307 ], [ -76.556728395185189, 38.875462962955638 ], [ -76.556635802592581, 38.875462962955638 ], [ -76.556585648271607, 38.875459104930968 ], [ -76.556577932222211, 38.875451388881643 ], [ -76.556570216172844, 38.875443672832304 ], [ -76.556562500123448, 38.875435956782979 ], [ -76.556535493950619, 38.87543209875831 ], [ -76.556489197654315, 38.87543209875831 ], [ -76.556462191481472, 38.87542824073364 ], [ -76.556454475432105, 38.875420524684301 ], [ -76.556446759382723, 38.87541280863497 ], [ -76.556439043333327, 38.875405092585645 ], [ -76.556419753209866, 38.875401234560975 ], [ -76.556388889012339, 38.875401234560975 ], [ -76.556369598888892, 38.875405092585645 ], [ -76.556361882839497, 38.87541280863497 ], [ -76.556354166790129, 38.875420524684301 ], [ -76.556346450740733, 38.87542824073364 ], [ -76.556338734691366, 38.87542824073364 ], [ -76.55633101864197, 38.875420524684301 ], [ -76.556323302592602, 38.87541280863497 ], [ -76.556315586543207, 38.875405092585645 ], [ -76.556288580370378, 38.875401234560975 ], [ -76.556242284074074, 38.875401234560975 ], [ -76.556215277901245, 38.875397376536313 ], [ -76.556207561851849, 38.875389660486974 ], [ -76.556199845802468, 38.875381944437642 ], [ -76.556192129753086, 38.875374228388317 ], [ -76.556184413703704, 38.875366512338985 ], [ -76.556176697654308, 38.875358796289646 ], [ -76.556168981604941, 38.875351080240307 ], [ -76.556161265555545, 38.875343364190982 ], [ -76.55614969148148, 38.875339506166313 ], [ -76.556134259382716, 38.875339506166313 ], [ -76.556122685308651, 38.875335648141643 ], [ -76.556114969259255, 38.875327932092318 ], [ -76.556107253209888, 38.875320216042979 ], [ -76.556099537160492, 38.87531249999364 ], [ -76.556080247037045, 38.875308641968978 ], [ -76.556049382839504, 38.875308641968978 ], [ -76.556030092716043, 38.875304783944308 ], [ -76.556022376666675, 38.875297067894984 ], [ -76.556014660617294, 38.875289351845652 ], [ -76.556006944567898, 38.875281635796313 ], [ -76.555979938395069, 38.87527777777165 ], [ -76.555933642098765, 38.87527777777165 ], [ -76.555906635925936, 38.875273919746981 ], [ -76.55589891987654, 38.875266203697649 ], [ -76.555891203827159, 38.87525848764831 ], [ -76.555883487777777, 38.875250771598985 ], [ -76.555875771728395, 38.875250771598985 ], [ -76.555868055678999, 38.87525848764831 ], [ -76.555860339629618, 38.875266203697649 ], [ -76.55585262358025, 38.875273919746981 ], [ -76.555844907530869, 38.875273919746981 ], [ -76.555837191481473, 38.875266203697649 ], [ -76.555829475432091, 38.87525848764831 ], [ -76.555821759382724, 38.875250771598985 ], [ -76.555794753209881, 38.875246913574315 ], [ -76.555748456913577, 38.875246913574315 ], [ -76.555721450740748, 38.875243055549646 ], [ -76.555713734691352, 38.875235339500321 ], [ -76.555706018641985, 38.875227623450982 ], [ -76.555698302592589, 38.87521990740165 ], [ -76.555690586543221, 38.87521990740165 ], [ -76.555682870493825, 38.875227623450982 ], [ -76.555675154444444, 38.875235339500321 ], [ -76.555667438395062, 38.875243055549646 ], [ -76.555648148271601, 38.875246913574315 ], [ -76.555617284074074, 38.875246913574315 ], [ -76.555597993950613, 38.875243055549646 ], [ -76.555590277901246, 38.875235339500321 ], [ -76.55558256185185, 38.875227623450982 ], [ -76.555574845802468, 38.87521990740165 ], [ -76.555567129753086, 38.875212191352318 ], [ -76.555559413703691, 38.875204475302979 ], [ -76.555551697654323, 38.875196759253647 ], [ -76.555543981604927, 38.875189043204323 ], [ -76.555532407530862, 38.875185185179653 ], [ -76.555516975432099, 38.875185185179653 ], [ -76.555505401358033, 38.875181327154991 ], [ -76.555497685308637, 38.875173611105652 ], [ -76.55548996925927, 38.875165895056313 ], [ -76.555482253209874, 38.875158179006988 ], [ -76.555470679135809, 38.875154320982318 ], [ -76.555455247037031, 38.875154320982318 ], [ -76.555443672962966, 38.875150462957649 ], [ -76.55543595691357, 38.875142746908324 ], [ -76.555428240864188, 38.875135030858985 ], [ -76.555420524814821, 38.87512731480966 ], [ -76.555412808765439, 38.87512731480966 ], [ -76.555405092716043, 38.875135030858985 ], [ -76.555397376666662, 38.875142746908324 ], [ -76.555389660617294, 38.875150462957649 ], [ -76.55535493839507, 38.875154320982318 ], [ -76.555293209999988, 38.875154320982318 ], [ -76.555258487777763, 38.875158179006988 ], [ -76.555250771728396, 38.875165895056313 ], [ -76.555243055679014, 38.875173611105652 ], [ -76.555235339629618, 38.875181327154991 ], [ -76.555216049506171, 38.875185185179653 ], [ -76.555185185308645, 38.875185185179653 ], [ -76.555165895185183, 38.875189043204323 ], [ -76.555158179135802, 38.875196759253647 ], [ -76.55515046308642, 38.875204475302979 ], [ -76.555142747037024, 38.875212191352318 ], [ -76.555135030987657, 38.87521990740165 ], [ -76.555127314938261, 38.875227623450982 ], [ -76.555119598888894, 38.875235339500321 ], [ -76.555111882839498, 38.875243055549646 ], [ -76.555092592716051, 38.875246913574315 ], [ -76.555061728518524, 38.875246913574315 ], [ -76.555042438395063, 38.875250771598985 ], [ -76.555034722345667, 38.87525848764831 ], [ -76.555027006296285, 38.875266203697649 ], [ -76.555019290246918, 38.875273919746981 ], [ -76.555011574197536, 38.875281635796313 ], [ -76.55500385814814, 38.875289351845652 ], [ -76.554996142098759, 38.875297067894984 ], [ -76.554988426049391, 38.875304783944308 ], [ -76.55498071, 38.87531249999364 ], [ -76.554972993950614, 38.875320216042979 ], [ -76.554965277901232, 38.875327932092318 ], [ -76.554957561851865, 38.875335648141643 ], [ -76.554949845802469, 38.875343364190982 ], [ -76.554942129753087, 38.875351080240307 ], [ -76.554934413703705, 38.875358796289646 ], [ -76.554926697654309, 38.875366512338985 ], [ -76.554891975432099, 38.875370370363648 ], [ -76.554830247037032, 38.875370370363648 ], [ -76.554795524814807, 38.875374228388317 ], [ -76.55478780876544, 38.875381944437642 ], [ -76.554780092716058, 38.875389660486974 ], [ -76.554772376666662, 38.875397376536313 ], [ -76.55476466061728, 38.875405092585645 ], [ -76.554756944567913, 38.87541280863497 ], [ -76.554749228518517, 38.875420524684301 ], [ -76.554741512469136, 38.87542824073364 ], [ -76.554714506296293, 38.87543209875831 ], [ -76.55466821, 38.87543209875831 ], [ -76.55464120382716, 38.875435956782979 ], [ -76.554633487777778, 38.875443672832304 ], [ -76.554625771728382, 38.875451388881643 ], [ -76.554618055679015, 38.875459104930968 ], [ -76.554598765555554, 38.875462962955638 ], [ -76.554567901358027, 38.875462962955638 ], [ -76.554548611234566, 38.875466820980307 ], [ -76.554540895185184, 38.875474537029646 ], [ -76.554533179135802, 38.875482253078978 ], [ -76.554525463086406, 38.875489969128303 ], [ -76.554517747037039, 38.875497685177635 ], [ -76.554510030987643, 38.875505401226974 ], [ -76.554502314938276, 38.875513117276306 ], [ -76.55449459888888, 38.875520833325638 ], [ -76.554486882839512, 38.875520833325638 ], [ -76.554479166790117, 38.875513117276306 ], [ -76.554471450740749, 38.875505401226974 ], [ -76.554463734691353, 38.875497685177635 ], [ -76.554456018641986, 38.875497685177635 ], [ -76.55444830259259, 38.875505401226974 ], [ -76.554440586543208, 38.875513117276306 ], [ -76.554432870493827, 38.875520833325638 ], [ -76.554425154444431, 38.875528549374977 ], [ -76.554417438395063, 38.875536265424302 ], [ -76.554409722345682, 38.875543981473641 ], [ -76.554402006296286, 38.875551697522965 ], [ -76.554394290246904, 38.875559413572304 ], [ -76.554386574197537, 38.875567129621636 ], [ -76.554378858148155, 38.875574845670968 ], [ -76.554371142098759, 38.875582561720307 ], [ -76.554297839629626, 38.87558641974497 ], [ -76.554158950740742, 38.87558641974497 ], [ -76.554085648271609, 38.875582561720307 ], [ -76.554077932222214, 38.875574845670968 ], [ -76.554070216172846, 38.875567129621636 ], [ -76.55406250012345, 38.875559413572304 ], [ -76.553966049506172, 38.875555555547635 ], [ -76.553780864320984, 38.875555555547635 ], [ -76.553684413703706, 38.875559413572304 ], [ -76.553676697654311, 38.875567129621636 ], [ -76.553668981604943, 38.875574845670968 ], [ -76.553661265555547, 38.875582561720307 ], [ -76.55365354950618, 38.875590277769639 ], [ -76.553645833456784, 38.875597993818964 ], [ -76.553638117407417, 38.875605709868296 ], [ -76.553630401358021, 38.875613425917635 ], [ -76.553587963086414, 38.875617283942304 ], [ -76.553510802592598, 38.875617283942304 ], [ -76.553468364320992, 38.875621141966974 ], [ -76.553460648271596, 38.875628858016299 ], [ -76.553452932222228, 38.875636574065638 ], [ -76.553445216172832, 38.875644290114963 ], [ -76.553437500123465, 38.875652006164302 ], [ -76.553429784074069, 38.875659722213626 ], [ -76.553422068024702, 38.875667438262965 ], [ -76.553414351975306, 38.875675154312297 ], [ -76.553395061851859, 38.875679012336967 ], [ -76.553364197654332, 38.875679012336967 ], [ -76.553344907530871, 38.875675154312297 ], [ -76.553337191481475, 38.875667438262965 ], [ -76.553329475432093, 38.875659722213626 ], [ -76.553321759382726, 38.875652006164302 ], [ -76.553314043333344, 38.875644290114963 ], [ -76.553306327283948, 38.875636574065638 ], [ -76.553298611234567, 38.875628858016299 ], [ -76.553290895185185, 38.875621141966974 ], [ -76.553283179135803, 38.875613425917635 ], [ -76.553275463086408, 38.875605709868296 ], [ -76.55326774703704, 38.875597993818964 ], [ -76.553260030987644, 38.875590277769639 ], [ -76.553252314938277, 38.875582561720307 ], [ -76.553244598888881, 38.875574845670968 ], [ -76.553236882839514, 38.875567129621636 ], [ -76.553229166790118, 38.875559413572304 ], [ -76.55322145074075, 38.875551697522965 ], [ -76.553213734691354, 38.875543981473641 ], [ -76.553206018641987, 38.875536265424302 ], [ -76.553198302592591, 38.875528549374977 ], [ -76.553190586543209, 38.875520833325638 ], [ -76.553182870493828, 38.875513117276306 ], [ -76.55317901246913, 38.875501543202304 ], [ -76.55317901246913, 38.87548611110364 ], [ -76.553175154444446, 38.875474537029646 ], [ -76.55316743839505, 38.875466820980307 ], [ -76.553159722345669, 38.875459104930968 ], [ -76.553152006296301, 38.875451388881643 ], [ -76.553144290246919, 38.875443672832304 ], [ -76.553136574197524, 38.875435956782979 ], [ -76.553128858148142, 38.87542824073364 ], [ -76.553121142098774, 38.875420524684301 ], [ -76.553113426049393, 38.87541280863497 ], [ -76.55310571, 38.875405092585645 ], [ -76.553094135925932, 38.875401234560975 ], [ -76.553078703827154, 38.875401234560975 ], [ -76.553067129753089, 38.875397376536313 ], [ -76.553059413703693, 38.875389660486974 ], [ -76.553051697654325, 38.875381944437642 ], [ -76.55304398160493, 38.875374228388317 ], [ -76.553036265555562, 38.875366512338985 ], [ -76.553028549506166, 38.875358796289646 ], [ -76.553020833456799, 38.875351080240307 ], [ -76.553013117407403, 38.875343364190982 ], [ -76.553005401358035, 38.875335648141643 ], [ -76.55299768530864, 38.875327932092318 ], [ -76.552993827283956, 38.875300925919646 ], [ -76.552993827283956, 38.875254629623655 ], [ -76.552989969259258, 38.875227623450982 ], [ -76.552982253209876, 38.87521990740165 ], [ -76.552974537160495, 38.875212191352318 ], [ -76.552966821111099, 38.875204475302979 ], [ -76.552959105061717, 38.875196759253647 ], [ -76.55295138901235, 38.875189043204323 ], [ -76.552932098888888, 38.875185185179653 ], [ -76.552901234691362, 38.875185185179653 ], [ -76.552881944567901, 38.875181327154991 ], [ -76.552874228518519, 38.875173611105652 ], [ -76.552866512469137, 38.875165895056313 ], [ -76.552858796419741, 38.875158179006988 ], [ -76.552847222345676, 38.875154320982318 ], [ -76.552831790246913, 38.875154320982318 ], [ -76.552820216172847, 38.875158179006988 ], [ -76.552812500123451, 38.875165895056313 ], [ -76.552808642098768, 38.875177469130314 ], [ -76.552808642098768, 38.875192901228985 ], [ -76.552804784074084, 38.875204475302979 ], [ -76.552797068024688, 38.875212191352318 ], [ -76.552739197654319, 38.875216049376981 ], [ -76.552631172962975, 38.875216049376981 ], [ -76.552573302592592, 38.87521990740165 ], [ -76.55256558654321, 38.875227623450982 ], [ -76.552557870493814, 38.875235339500321 ], [ -76.552550154444447, 38.875243055549646 ], [ -76.552530864320985, 38.875246913574315 ], [ -76.552500000123459, 38.875246913574315 ], [ -76.55248071, 38.875250771598985 ], [ -76.552472993950616, 38.87525848764831 ], [ -76.552465277901234, 38.875266203697649 ], [ -76.552457561851838, 38.875273919746981 ], [ -76.552449845802471, 38.875273919746981 ], [ -76.552442129753075, 38.875266203697649 ], [ -76.552438271728391, 38.875254629623647 ], [ -76.552438271728391, 38.875239197524984 ], [ -76.552434413703708, 38.875227623450982 ], [ -76.552426697654312, 38.87521990740165 ], [ -76.552418981604944, 38.875212191352318 ], [ -76.552411265555548, 38.875204475302979 ], [ -76.552403549506181, 38.875196759253647 ], [ -76.552395833456785, 38.875189043204323 ], [ -76.552388117407418, 38.875181327154991 ], [ -76.552380401358022, 38.875173611105652 ], [ -76.552380401358022, 38.875165895056313 ], [ -76.552388117407418, 38.875158179006988 ], [ -76.552395833456785, 38.875150462957649 ], [ -76.552403549506181, 38.875142746908324 ], [ -76.552411265555548, 38.875135030858985 ], [ -76.552418981604944, 38.87512731480966 ], [ -76.552426697654312, 38.875119598760321 ], [ -76.552434413703708, 38.875111882710989 ], [ -76.552442129753075, 38.875104166661657 ], [ -76.552449845802471, 38.875096450612318 ], [ -76.552461419876536, 38.875092592587656 ], [ -76.552476851975314, 38.875092592587656 ], [ -76.552488426049393, 38.875088734562986 ], [ -76.552496142098761, 38.875081018513661 ], [ -76.552503858148143, 38.87507330246433 ], [ -76.552511574197538, 38.875065586414991 ], [ -76.552530864321, 38.875061728390321 ], [ -76.552561728518526, 38.875061728390321 ], [ -76.552581018641973, 38.875057870365652 ], [ -76.552588734691369, 38.875050154316327 ], [ -76.552592592716053, 38.875030864192993 ], [ -76.552592592716053, 38.874999999995659 ], [ -76.552596450740737, 38.874980709872325 ], [ -76.552604166790132, 38.874972993822993 ], [ -76.55262345691358, 38.874969135798324 ], [ -76.552654321111106, 38.874969135798324 ], [ -76.552673611234567, 38.874965277773654 ], [ -76.552681327283949, 38.874957561724329 ], [ -76.552689043333345, 38.87494984567499 ], [ -76.552696759382712, 38.874942129625666 ], [ -76.552704475432094, 38.874934413576327 ], [ -76.55271219148149, 38.874926697527002 ], [ -76.552716049506174, 38.874891975304998 ], [ -76.552716049506174, 38.874830246910335 ], [ -76.55271219148149, 38.874795524688331 ], [ -76.552704475432094, 38.874787808639006 ], [ -76.552685185308633, 38.874783950614336 ], [ -76.552654321111106, 38.874783950614336 ], [ -76.552635030987659, 38.874780092589674 ], [ -76.552627314938263, 38.874772376540335 ], [ -76.552619598888896, 38.874764660490996 ], [ -76.5526118828395, 38.874756944441671 ], [ -76.552604166790132, 38.874749228392332 ], [ -76.552596450740737, 38.874741512343007 ], [ -76.552588734691369, 38.874733796293668 ], [ -76.552581018641973, 38.874726080244329 ], [ -76.552573302592592, 38.874718364194997 ], [ -76.55256558654321, 38.874710648145673 ], [ -76.552561728518512, 38.874699074071671 ], [ -76.552561728518512, 38.874683641973007 ], [ -76.552557870493814, 38.874672067899013 ], [ -76.552550154444447, 38.874664351849674 ], [ -76.552542438395065, 38.874656635800335 ], [ -76.552534722345669, 38.87464891975101 ], [ -76.552527006296287, 38.874641203701671 ], [ -76.55251929024692, 38.874633487652346 ], [ -76.552511574197538, 38.874625771603007 ], [ -76.552503858148143, 38.874618055553668 ], [ -76.552496142098761, 38.874610339504336 ], [ -76.552488426049393, 38.874602623455011 ], [ -76.55248071, 38.87459490740568 ], [ -76.552472993950616, 38.874587191356341 ], [ -76.552465277901234, 38.874579475307009 ], [ -76.552457561851838, 38.874571759257677 ], [ -76.552449845802471, 38.874564043208338 ], [ -76.552442129753075, 38.874556327159013 ], [ -76.552434413703708, 38.874548611109674 ], [ -76.552426697654312, 38.874540895060349 ], [ -76.552418981604944, 38.87453317901101 ], [ -76.552411265555548, 38.874525462961678 ], [ -76.552407407530865, 38.874513888887677 ], [ -76.552407407530865, 38.874498456789013 ], [ -76.552403549506181, 38.874486882715019 ], [ -76.552395833456785, 38.874479166665679 ], [ -76.552388117407418, 38.87447145061634 ], [ -76.552380401358022, 38.874463734567016 ], [ -76.55237268530864, 38.874456018517677 ], [ -76.552364969259258, 38.874448302468352 ], [ -76.552357253209863, 38.874440586419013 ], [ -76.552349537160495, 38.874432870369688 ], [ -76.552345679135797, 38.874413580246355 ], [ -76.552345679135797, 38.874382716049013 ], [ -76.552341821111114, 38.874363425925679 ], [ -76.552334105061718, 38.874355709876355 ], [ -76.552326389012336, 38.874347993827016 ], [ -76.552318672962969, 38.874340277777691 ], [ -76.552314814938271, 38.874328703703689 ], [ -76.552314814938271, 38.874313271605018 ], [ -76.552318672962969, 38.874301697531024 ], [ -76.552326389012336, 38.874293981481685 ], [ -76.552334105061718, 38.874286265432353 ], [ -76.552341821111114, 38.874278549383021 ], [ -76.552345679135797, 38.87426697530902 ], [ -76.552345679135797, 38.874251543210356 ], [ -76.552341821111114, 38.874239969136354 ], [ -76.552334105061718, 38.874232253087023 ], [ -76.552326389012336, 38.874224537037691 ], [ -76.552318672962969, 38.874216820988352 ], [ -76.552314814938271, 38.874197530865018 ], [ -76.552314814938271, 38.874166666667691 ], [ -76.552310956913587, 38.874147376544357 ], [ -76.552303240864191, 38.874139660495032 ], [ -76.552295524814809, 38.874131944445693 ], [ -76.552287808765442, 38.874124228396362 ], [ -76.55228009271606, 38.87411651234703 ], [ -76.552272376666664, 38.874108796297691 ], [ -76.552264660617283, 38.874101080248359 ], [ -76.552256944567901, 38.874093364199034 ], [ -76.552253086543203, 38.874081790125032 ], [ -76.552253086543203, 38.874066358026361 ], [ -76.552249228518519, 38.87405478395236 ], [ -76.552241512469124, 38.874047067903035 ], [ -76.552233796419756, 38.874039351853696 ], [ -76.55222608037036, 38.874031635804357 ], [ -76.552222222345677, 38.874020061730363 ], [ -76.552222222345677, 38.874004629631699 ], [ -76.552218364320993, 38.873993055557698 ], [ -76.552210648271597, 38.873985339508366 ], [ -76.552202932222229, 38.873977623459027 ], [ -76.552195216172834, 38.873969907409702 ], [ -76.552187500123466, 38.873962191360363 ], [ -76.55217978407407, 38.873954475311038 ], [ -76.552172068024703, 38.873946759261699 ], [ -76.552164351975307, 38.873939043212374 ], [ -76.552156635925925, 38.873931327163035 ], [ -76.552148919876544, 38.873923611113696 ], [ -76.552137345802464, 38.873919753089034 ], [ -76.552121913703701, 38.873919753089034 ], [ -76.552110339629635, 38.873915895064364 ], [ -76.55210262358024, 38.873908179015039 ], [ -76.552098765555556, 38.873896604941038 ], [ -76.552098765555556, 38.873881172842367 ], [ -76.55210262358024, 38.873869598768366 ], [ -76.552110339629635, 38.873861882719041 ], [ -76.552118055679017, 38.873854166669702 ], [ -76.552125771728385, 38.873846450620377 ], [ -76.552129629753082, 38.873788580250377 ], [ -76.552129629753082, 38.873680555559709 ], [ -76.552125771728385, 38.873622685189709 ], [ -76.552118055679017, 38.873614969140384 ], [ -76.552110339629635, 38.873607253091052 ], [ -76.55210262358024, 38.873599537041713 ], [ -76.55210262358024, 38.873591820992381 ], [ -76.552110339629635, 38.873584104943049 ], [ -76.552118055679017, 38.87357638889371 ], [ -76.552125771728385, 38.873568672844385 ], [ -76.552133487777766, 38.873560956795046 ], [ -76.552141203827162, 38.873553240745721 ], [ -76.552148919876544, 38.873545524696382 ], [ -76.552156635925925, 38.87353780864705 ], [ -76.552160493950623, 38.873503086425053 ], [ -76.552160493950623, 38.873441358030384 ], [ -76.552156635925925, 38.873406635808387 ], [ -76.552148919876544, 38.873398919759062 ], [ -76.552141203827162, 38.87339120370973 ], [ -76.552133487777766, 38.873383487660391 ], [ -76.552129629753082, 38.873371913586389 ], [ -76.552129629753082, 38.873356481487725 ], [ -76.552125771728385, 38.873344907413724 ], [ -76.552118055679017, 38.873337191364385 ], [ -76.552110339629635, 38.873329475315053 ], [ -76.55210262358024, 38.873321759265728 ], [ -76.552098765555556, 38.873302469142395 ], [ -76.552098765555556, 38.87327160494506 ], [ -76.552094907530858, 38.873252314821727 ], [ -76.55208719148149, 38.873244598772402 ], [ -76.552079475432109, 38.873236882723063 ], [ -76.552071759382713, 38.873229166673724 ], [ -76.552067901358029, 38.873209876550391 ], [ -76.552067901358029, 38.873179012353063 ], [ -76.552064043333331, 38.87315972222973 ], [ -76.55205632728395, 38.873152006180405 ], [ -76.552048611234568, 38.873144290131066 ], [ -76.552040895185172, 38.873136574081734 ], [ -76.552033179135805, 38.873128858032402 ], [ -76.552025463086409, 38.873121141983063 ], [ -76.552017747037041, 38.873113425933731 ], [ -76.552010030987645, 38.873105709884406 ], [ -76.552002314938278, 38.873097993835074 ], [ -76.551994598888882, 38.873090277785735 ], [ -76.551986882839515, 38.873082561736396 ], [ -76.551979166790119, 38.873074845687071 ], [ -76.551971450740751, 38.873067129637732 ], [ -76.551963734691356, 38.873059413588408 ], [ -76.551956018641974, 38.873051697539069 ], [ -76.551948302592592, 38.87304398148973 ], [ -76.551940586543211, 38.873036265440398 ], [ -76.551932870493815, 38.873028549391073 ], [ -76.551925154444433, 38.873020833341741 ], [ -76.551917438395066, 38.873013117292402 ], [ -76.551909722345684, 38.87300540124307 ], [ -76.551902006296288, 38.872997685193745 ], [ -76.551894290246906, 38.872989969144413 ], [ -76.551886574197539, 38.872982253095074 ], [ -76.551878858148157, 38.872974537045735 ], [ -76.551871142098761, 38.87296682099641 ], [ -76.55186342604938, 38.872959104947071 ], [ -76.551855710000012, 38.872951388897746 ], [ -76.551847993950616, 38.872943672848407 ], [ -76.551840277901235, 38.872935956799068 ], [ -76.551832561851853, 38.872935956799068 ], [ -76.551824845802457, 38.872943672848407 ], [ -76.55181712975309, 38.872951388897746 ], [ -76.551809413703694, 38.872959104947071 ], [ -76.551801697654327, 38.872959104947071 ], [ -76.551793981604931, 38.872951388897746 ], [ -76.551786265555563, 38.872943672848407 ], [ -76.551778549506167, 38.872935956799068 ], [ -76.5517708334568, 38.872928240749737 ], [ -76.551763117407404, 38.872920524700412 ], [ -76.551755401358022, 38.87291280865108 ], [ -76.551747685308641, 38.872905092601741 ], [ -76.551739969259259, 38.872897376552409 ], [ -76.551732253209863, 38.872889660503077 ], [ -76.551724537160482, 38.872881944453738 ], [ -76.551716821111114, 38.872874228404413 ], [ -76.551709105061732, 38.872866512355074 ], [ -76.551701389012337, 38.872858796305749 ], [ -76.551693672962955, 38.87285108025641 ], [ -76.551685956913587, 38.872843364207078 ], [ -76.551674382839508, 38.872839506182409 ], [ -76.551658950740745, 38.872839506182409 ], [ -76.551647376666665, 38.872835648157746 ], [ -76.551639660617283, 38.872827932108407 ], [ -76.551631944567902, 38.872820216059075 ], [ -76.551624228518506, 38.872812500009751 ], [ -76.55161265444444, 38.872808641985081 ], [ -76.551597222345677, 38.872808641985081 ], [ -76.551585648271612, 38.872804783960419 ], [ -76.551577932222216, 38.87279706791108 ], [ -76.551570216172848, 38.872789351861741 ], [ -76.551562500123453, 38.872781635812416 ], [ -76.551554784074085, 38.872773919763077 ], [ -76.551547068024689, 38.872766203713752 ], [ -76.551539351975308, 38.872758487664413 ], [ -76.551531635925926, 38.872750771615088 ], [ -76.55152391987653, 38.872743055565749 ], [ -76.551516203827163, 38.872735339516417 ], [ -76.551508487777781, 38.872727623467085 ], [ -76.551500771728385, 38.872719907417746 ], [ -76.55148919765432, 38.872716049393084 ], [ -76.551473765555556, 38.872716049393084 ], [ -76.551462191481477, 38.872712191368414 ], [ -76.551454475432109, 38.87270447531909 ], [ -76.551446759382728, 38.872696759269758 ], [ -76.551439043333332, 38.872689043220419 ], [ -76.551427469259266, 38.872685185195749 ], [ -76.551412037160489, 38.872685185195749 ], [ -76.551400463086424, 38.87268132717108 ], [ -76.551392747037028, 38.872673611121755 ], [ -76.55138503098766, 38.872665895072416 ], [ -76.551377314938264, 38.872658179023091 ], [ -76.551369598888897, 38.872650462973752 ], [ -76.551361882839501, 38.872642746924413 ], [ -76.551354166790134, 38.872635030875081 ], [ -76.551346450740738, 38.872627314825756 ], [ -76.551338734691356, 38.872619598776424 ], [ -76.551331018641974, 38.872611882727085 ], [ -76.551327160617276, 38.872592592603752 ], [ -76.551327160617276, 38.872561728406424 ], [ -76.551323302592579, 38.872542438283091 ], [ -76.551315586543211, 38.872534722233752 ], [ -76.551304012469132, 38.872530864209089 ], [ -76.551288580370368, 38.872530864209089 ], [ -76.551277006296303, 38.87252700618442 ], [ -76.551269290246907, 38.872519290135095 ], [ -76.551265432222223, 38.872500000011762 ], [ -76.551265432222223, 38.872469135814427 ], [ -76.551261574197525, 38.872449845691094 ], [ -76.551253858148158, 38.872442129641762 ], [ -76.551246142098776, 38.87243441359243 ], [ -76.55123842604938, 38.872426697543091 ], [ -76.551234568024697, 38.872407407419757 ], [ -76.551234568024697, 38.87237654322243 ], [ -76.55123071, 38.872357253099096 ], [ -76.551222993950617, 38.872349537049757 ], [ -76.551211419876537, 38.872345679025095 ], [ -76.551195987777774, 38.872345679025095 ], [ -76.551184413703709, 38.872341821000425 ], [ -76.551176697654313, 38.872334104951101 ], [ -76.551168981604945, 38.872326388901769 ], [ -76.55116126555555, 38.87231867285243 ], [ -76.551153549506182, 38.872310956803098 ], [ -76.551145833456786, 38.872303240753766 ], [ -76.551138117407419, 38.872295524704427 ], [ -76.551130401358023, 38.872287808655102 ], [ -76.551122685308641, 38.872280092605763 ], [ -76.55111496925926, 38.872272376556438 ], [ -76.551107253209878, 38.872264660507099 ], [ -76.551099537160482, 38.872256944457774 ], [ -76.551087963086417, 38.872253086433105 ], [ -76.551072530987653, 38.872253086433105 ], [ -76.551060956913574, 38.872249228408435 ], [ -76.551053240864206, 38.872241512359096 ], [ -76.551045524814825, 38.872233796309764 ], [ -76.551037808765429, 38.87222608026044 ], [ -76.551003086543204, 38.87222222223577 ], [ -76.550941358148151, 38.87222222223577 ], [ -76.550906635925926, 38.872218364211108 ], [ -76.550898919876531, 38.872210648161769 ], [ -76.550891203827149, 38.872202932112437 ], [ -76.550883487777782, 38.872195216063105 ], [ -76.550725308765436, 38.872191358038435 ], [ -76.550416666790113, 38.872191358038435 ], [ -76.550258487777768, 38.872187500013766 ], [ -76.5502507717284, 38.872179783964441 ], [ -76.550243055679019, 38.872172067915102 ], [ -76.550235339629623, 38.872164351865777 ], [ -76.550185185308635, 38.872160493841108 ], [ -76.550092592716055, 38.872160493841108 ], [ -76.550042438395067, 38.872164351865777 ], [ -76.550034722345671, 38.872172067915102 ], [ -76.55002700629629, 38.872179783964441 ], [ -76.550019290246922, 38.872187500013766 ], [ -76.550011574197541, 38.872195216063105 ], [ -76.550003858148145, 38.872202932112437 ], [ -76.549996142098763, 38.872210648161769 ], [ -76.549988426049381, 38.872218364211108 ], [ -76.54998071, 38.87222608026044 ], [ -76.549972993950604, 38.872233796309764 ], [ -76.549965277901237, 38.872241512359096 ], [ -76.549957561851841, 38.872249228408435 ], [ -76.549930555679012, 38.872253086433105 ], [ -76.549884259382708, 38.872253086433105 ], [ -76.549857253209865, 38.872256944457774 ], [ -76.549849537160497, 38.872264660507099 ], [ -76.549841821111116, 38.872272376556438 ], [ -76.54983410506172, 38.872280092605763 ], [ -76.549826389012338, 38.872287808655102 ], [ -76.549818672962971, 38.872295524704427 ], [ -76.549810956913589, 38.872303240753766 ], [ -76.549803240864193, 38.872310956803098 ], [ -76.549795524814812, 38.87231867285243 ], [ -76.549787808765444, 38.872326388901769 ], [ -76.549780092716048, 38.872334104951101 ], [ -76.549772376666667, 38.872341821000425 ], [ -76.549764660617285, 38.872349537049757 ], [ -76.549756944567889, 38.872357253099096 ], [ -76.549749228518522, 38.872364969148435 ], [ -76.549741512469126, 38.87237268519776 ], [ -76.549733796419758, 38.872380401247099 ], [ -76.549726080370363, 38.872388117296424 ], [ -76.549718364320995, 38.872395833345763 ], [ -76.549710648271599, 38.872403549395102 ], [ -76.549702932222232, 38.872403549395102 ], [ -76.549695216172836, 38.872395833345763 ], [ -76.549687500123468, 38.872388117296424 ], [ -76.549679784074073, 38.872380401247099 ], [ -76.549672068024691, 38.87237268519776 ], [ -76.549664351975309, 38.872364969148435 ], [ -76.549656635925913, 38.872357253099096 ], [ -76.549648919876546, 38.872349537049757 ], [ -76.549641203827164, 38.872341821000425 ], [ -76.549633487777768, 38.872334104951101 ], [ -76.549625771728387, 38.872326388901769 ], [ -76.549618055679019, 38.87231867285243 ], [ -76.549610339629638, 38.872310956803098 ], [ -76.549602623580242, 38.872303240753766 ], [ -76.549598765555558, 38.872291666679764 ], [ -76.549598765555558, 38.872276234581101 ], [ -76.54959490753086, 38.872264660507099 ], [ -76.549587191481493, 38.872256944457774 ], [ -76.549579475432097, 38.872249228408435 ], [ -76.549571759382715, 38.872241512359096 ], [ -76.549564043333334, 38.872233796309764 ], [ -76.549556327283938, 38.87222608026044 ], [ -76.549544753209872, 38.87222222223577 ], [ -76.549529321111109, 38.87222222223577 ], [ -76.549517747037044, 38.872218364211108 ], [ -76.549510030987648, 38.872210648161769 ], [ -76.54950231493828, 38.872202932112437 ], [ -76.549494598888884, 38.872195216063105 ], [ -76.549483024814819, 38.872191358038435 ], [ -76.549467592716042, 38.872191358038435 ], [ -76.549456018641962, 38.872187500013766 ], [ -76.549448302592594, 38.872179783964441 ], [ -76.549440586543213, 38.872172067915102 ], [ -76.549432870493817, 38.872164351865777 ], [ -76.54941358037037, 38.872160493841108 ], [ -76.549382716172843, 38.872160493841108 ], [ -76.549363426049382, 38.872156635816438 ], [ -76.54935571, 38.872148919767106 ], [ -76.549347993950619, 38.872141203717774 ], [ -76.549340277901223, 38.872133487668435 ], [ -76.549332561851855, 38.872125771619103 ], [ -76.54932484580246, 38.872118055569779 ], [ -76.549317129753092, 38.872110339520447 ], [ -76.549309413703696, 38.872102623471108 ], [ -76.549301697654329, 38.872094907421769 ], [ -76.549293981604933, 38.872087191372444 ], [ -76.549286265555565, 38.872079475323105 ], [ -76.54927854950617, 38.87207175927378 ], [ -76.549270833456788, 38.872064043224441 ], [ -76.549263117407406, 38.872056327175102 ], [ -76.54925540135801, 38.87204861112577 ], [ -76.549247685308643, 38.872040895076445 ], [ -76.549228395185182, 38.872037037051776 ], [ -76.549197530987655, 38.872037037051776 ], [ -76.549178240864208, 38.872033179027113 ], [ -76.549170524814812, 38.872025462977774 ], [ -76.549162808765431, 38.872017746928442 ], [ -76.549155092716049, 38.872010030879117 ], [ -76.549135802592588, 38.872006172854448 ], [ -76.549104938395061, 38.872006172854448 ], [ -76.549085648271614, 38.872002314829786 ], [ -76.549077932222218, 38.871994598780446 ], [ -76.549070216172851, 38.871986882731107 ], [ -76.549062500123455, 38.871979166681783 ], [ -76.549054784074073, 38.871971450632444 ], [ -76.549047068024691, 38.871963734583119 ], [ -76.54903935197531, 38.87195601853378 ], [ -76.549031635925914, 38.871948302484441 ], [ -76.548981481604926, 38.871944444459778 ], [ -76.548888889012346, 38.871944444459778 ], [ -76.548838734691358, 38.871940586435109 ], [ -76.548831018641962, 38.871932870385784 ], [ -76.548831018641962, 38.871925154336452 ], [ -76.548838734691358, 38.871917438287113 ], [ -76.54884645074074, 38.871909722237781 ], [ -76.548854166790122, 38.871902006188449 ], [ -76.54885802481482, 38.871875000015784 ], [ -76.54885802481482, 38.871828703719785 ], [ -76.548854166790122, 38.87180169754712 ], [ -76.54884645074074, 38.871793981497788 ], [ -76.548838734691358, 38.871786265448449 ], [ -76.548831018641962, 38.871778549399124 ], [ -76.548827160617279, 38.871720679029124 ], [ -76.548827160617279, 38.871612654338463 ], [ -76.548823302592581, 38.871554783968463 ], [ -76.548815586543213, 38.871547067919124 ], [ -76.548807870493832, 38.871539351869792 ], [ -76.548800154444436, 38.871531635820467 ], [ -76.548796296419752, 38.871520061746466 ], [ -76.548796296419752, 38.871504629647795 ], [ -76.548800154444436, 38.871493055573794 ], [ -76.548807870493832, 38.871485339524469 ], [ -76.548815586543213, 38.87147762347513 ], [ -76.548823302592581, 38.871469907425805 ], [ -76.548827160617279, 38.871458333351804 ], [ -76.548827160617279, 38.871442901253133 ], [ -76.548823302592581, 38.871431327179131 ], [ -76.548815586543213, 38.871423611129806 ], [ -76.548807870493832, 38.871415895080474 ], [ -76.548800154444436, 38.871408179031135 ], [ -76.548796296419752, 38.871396604957134 ], [ -76.548796296419752, 38.87138117285847 ], [ -76.548792438395054, 38.871369598784469 ], [ -76.548784722345687, 38.87136188273513 ], [ -76.548777006296305, 38.871354166685798 ], [ -76.548769290246909, 38.871346450636473 ], [ -76.548769290246909, 38.871338734587141 ], [ -76.548777006296305, 38.871331018537802 ], [ -76.548784722345687, 38.87132330248847 ], [ -76.548792438395054, 38.871315586439145 ], [ -76.548792438395054, 38.871307870389813 ], [ -76.548784722345687, 38.871300154340474 ], [ -76.548777006296305, 38.871292438291135 ], [ -76.548769290246909, 38.871284722241811 ], [ -76.548765432222226, 38.871257716069138 ], [ -76.548765432222226, 38.871211419773147 ], [ -76.548761574197528, 38.871184413600474 ], [ -76.54875385814816, 38.871176697551149 ], [ -76.548746142098764, 38.87116898150181 ], [ -76.548738426049383, 38.871161265452479 ], [ -76.54873071, 38.871153549403147 ], [ -76.548722993950605, 38.871145833353808 ], [ -76.548715277901238, 38.871138117304476 ], [ -76.548707561851842, 38.871130401255151 ], [ -76.548703703827158, 38.871118827181149 ], [ -76.548703703827158, 38.871103395082478 ], [ -76.548707561851842, 38.871091821008477 ], [ -76.548715277901238, 38.871084104959152 ], [ -76.548722993950605, 38.871076388909813 ], [ -76.54873071, 38.871068672860488 ], [ -76.548734568024685, 38.871049382737155 ], [ -76.548734568024685, 38.871018518539813 ], [ -76.54873071, 38.87099922841648 ], [ -76.548722993950605, 38.870991512367155 ], [ -76.548715277901238, 38.870983796317816 ], [ -76.548707561851842, 38.870976080268491 ], [ -76.548699845802474, 38.870968364219152 ], [ -76.548692129753078, 38.870960648169813 ], [ -76.548684413703711, 38.870952932120481 ], [ -76.548676697654315, 38.870945216071156 ], [ -76.548672839629631, 38.870918209898491 ], [ -76.548672839629631, 38.870871913602485 ], [ -76.548668981604948, 38.87084490742982 ], [ -76.548661265555552, 38.870837191380495 ], [ -76.548653549506184, 38.870829475331163 ], [ -76.548645833456789, 38.870821759281824 ], [ -76.548641975432105, 38.87081018520783 ], [ -76.548641975432105, 38.870794753109159 ], [ -76.548638117407407, 38.870783179035158 ], [ -76.548630401358025, 38.870775462985833 ], [ -76.548622685308629, 38.870767746936494 ], [ -76.548614969259262, 38.870760030887162 ], [ -76.54860725320988, 38.87075231483783 ], [ -76.548599537160484, 38.870744598788491 ], [ -76.548591821111103, 38.870736882739159 ], [ -76.548584105061735, 38.870729166689834 ], [ -76.548576389012354, 38.870721450640502 ], [ -76.548568672962958, 38.870713734591163 ], [ -76.548560956913576, 38.870706018541824 ], [ -76.548553240864209, 38.870698302492499 ], [ -76.548549382839511, 38.870655864221163 ], [ -76.548549382839511, 38.870578703727837 ], [ -76.548553240864209, 38.870536265456508 ], [ -76.548560956913576, 38.870528549407169 ], [ -76.548572530987656, 38.870524691382506 ], [ -76.548587963086419, 38.870524691382506 ], [ -76.548599537160484, 38.870520833357837 ], [ -76.54860725320988, 38.870513117308505 ], [ -76.548614969259262, 38.870505401259166 ], [ -76.548622685308629, 38.870497685209841 ], [ -76.548649691481472, 38.870493827185172 ], [ -76.548695987777776, 38.870493827185172 ], [ -76.548722993950605, 38.870489969160502 ], [ -76.54873071, 38.870482253111177 ], [ -76.548738426049383, 38.870474537061838 ], [ -76.548746142098764, 38.870466821012506 ], [ -76.54875385814816, 38.870459104963174 ], [ -76.548761574197528, 38.870451388913835 ], [ -76.548765432222226, 38.870439814839841 ], [ -76.548765432222226, 38.87042438274117 ], [ -76.548769290246909, 38.870412808667169 ], [ -76.548777006296305, 38.870405092617844 ], [ -76.548784722345687, 38.870397376568505 ], [ -76.548792438395054, 38.87038966051918 ], [ -76.548800154444436, 38.870381944469841 ], [ -76.548807870493832, 38.870374228420516 ], [ -76.548815586543213, 38.870366512371177 ], [ -76.548823302592581, 38.870358796321845 ], [ -76.548831018641962, 38.870351080272513 ], [ -76.548838734691358, 38.870343364223174 ], [ -76.54884645074074, 38.870335648173842 ], [ -76.548854166790122, 38.870327932124518 ], [ -76.548861882839503, 38.870320216075186 ], [ -76.548869598888899, 38.870312500025847 ], [ -76.548896605061728, 38.870308642001177 ], [ -76.548942901358032, 38.870308642001177 ], [ -76.548969907530861, 38.870304783976508 ], [ -76.548977623580257, 38.870297067927183 ], [ -76.54898148160494, 38.870285493853181 ], [ -76.54898148160494, 38.87027006175451 ], [ -76.548985339629638, 38.870258487680509 ], [ -76.548993055679006, 38.870250771631184 ], [ -76.549004629753085, 38.870246913606515 ], [ -76.549020061851849, 38.870246913606515 ], [ -76.549031635925914, 38.870243055581852 ], [ -76.54903935197531, 38.870235339532513 ], [ -76.54904321, 38.870223765458519 ], [ -76.54904321, 38.870208333359848 ], [ -76.549047068024691, 38.870196759285847 ], [ -76.549054784074073, 38.870189043236522 ], [ -76.549062500123455, 38.870181327187183 ], [ -76.549070216172851, 38.870173611137851 ], [ -76.549077932222218, 38.870165895088519 ], [ -76.549085648271614, 38.87015817903918 ], [ -76.549093364320981, 38.870150462989848 ], [ -76.549101080370377, 38.870142746940523 ], [ -76.549108796419745, 38.870135030891191 ], [ -76.549116512469141, 38.870127314841852 ], [ -76.549124228518508, 38.87011959879252 ], [ -76.549131944567904, 38.870111882743188 ], [ -76.549139660617271, 38.870104166693849 ], [ -76.549147376666667, 38.870096450644525 ], [ -76.549155092716049, 38.870088734595186 ], [ -76.549162808765431, 38.870081018545861 ], [ -76.549170524814812, 38.870073302496522 ], [ -76.549178240864208, 38.87006558644719 ], [ -76.54918595691359, 38.870057870397858 ], [ -76.549193672962957, 38.870050154348519 ], [ -76.549201389012339, 38.870042438299187 ], [ -76.549209105061735, 38.870034722249862 ], [ -76.549216821111116, 38.87002700620053 ], [ -76.549224537160484, 38.870019290151191 ], [ -76.549228395185182, 38.87000771607719 ], [ -76.549228395185182, 38.869992283978526 ], [ -76.549232253209865, 38.869980709904524 ], [ -76.549239969259261, 38.869972993855185 ], [ -76.549247685308643, 38.869965277805854 ], [ -76.54925540135801, 38.869957561756529 ], [ -76.549259259382708, 38.869945987682527 ], [ -76.549259259382708, 38.869930555583856 ], [ -76.549263117407406, 38.869918981509855 ], [ -76.549270833456788, 38.86991126546053 ], [ -76.54927854950617, 38.869903549411191 ], [ -76.549286265555565, 38.869895833361866 ], [ -76.549293981604933, 38.869888117312527 ], [ -76.549301697654329, 38.869880401263202 ], [ -76.549309413703696, 38.869872685213863 ], [ -76.549317129753092, 38.869864969164524 ], [ -76.54932484580246, 38.869857253115192 ], [ -76.549332561851855, 38.869849537065868 ], [ -76.549340277901223, 38.869841821016536 ], [ -76.549347993950619, 38.869834104967197 ], [ -76.54935571, 38.869826388917865 ], [ -76.549363426049382, 38.869818672868533 ], [ -76.549375000123462, 38.869814814843863 ], [ -76.549390432222225, 38.869814814843863 ], [ -76.54940200629629, 38.869810956819194 ], [ -76.549409722345686, 38.869803240769869 ], [ -76.549417438395068, 38.86979552472053 ], [ -76.549425154444435, 38.869787808671205 ], [ -76.549432870493817, 38.869780092621866 ], [ -76.549440586543213, 38.869772376572534 ], [ -76.549444444567897, 38.869760802498533 ], [ -76.549444444567897, 38.869745370399869 ], [ -76.549448302592594, 38.869733796325875 ], [ -76.549456018641962, 38.869726080276536 ], [ -76.549463734691358, 38.869718364227197 ], [ -76.549471450740739, 38.869710648177872 ], [ -76.549475308765437, 38.869675925955875 ], [ -76.549475308765437, 38.869614197561205 ], [ -76.549471450740739, 38.869579475339208 ], [ -76.549463734691358, 38.869571759289869 ], [ -76.549452160617278, 38.869567901265206 ], [ -76.549436728518515, 38.869567901265206 ], [ -76.549425154444435, 38.869564043240537 ], [ -76.549417438395068, 38.869556327191212 ], [ -76.549409722345686, 38.86954861114188 ], [ -76.54940200629629, 38.869540895092541 ], [ -76.549394290246909, 38.869533179043209 ], [ -76.549386574197541, 38.869525462993877 ], [ -76.54937885814816, 38.869517746944538 ], [ -76.549371142098764, 38.869510030895214 ], [ -76.549363426049382, 38.869502314845874 ], [ -76.54935571, 38.86949459879655 ], [ -76.549351851975302, 38.869459876574545 ], [ -76.549351851975302, 38.869398148179883 ], [ -76.54935571, 38.869363425957886 ], [ -76.549363426049382, 38.869355709908547 ], [ -76.549371142098764, 38.869347993859215 ], [ -76.54937885814816, 38.86934027780989 ], [ -76.549382716172843, 38.869313271637225 ], [ -76.549382716172843, 38.869266975341219 ], [ -76.54937885814816, 38.869239969168554 ], [ -76.549371142098764, 38.869232253119222 ], [ -76.549363426049382, 38.869224537069883 ], [ -76.54935571, 38.869216821020558 ], [ -76.54935571, 38.869209104971219 ], [ -76.549363426049382, 38.869201388921894 ], [ -76.549371142098764, 38.869193672872555 ], [ -76.54937885814816, 38.869185956823223 ], [ -76.549382716172843, 38.86916666669989 ], [ -76.549382716172843, 38.869135802502555 ], [ -76.54937885814816, 38.869116512379222 ], [ -76.549371142098764, 38.869108796329897 ], [ -76.549363426049382, 38.869101080280558 ], [ -76.54935571, 38.869093364231233 ], [ -76.549347993950619, 38.869085648181894 ], [ -76.549340277901223, 38.869077932132562 ], [ -76.549332561851855, 38.86907021608323 ], [ -76.54932484580246, 38.869062500033891 ], [ -76.549317129753092, 38.869054783984559 ], [ -76.549309413703696, 38.869047067935234 ], [ -76.549301697654329, 38.869039351885903 ], [ -76.549293981604933, 38.869031635836564 ], [ -76.549286265555565, 38.869023919787224 ], [ -76.54927854950617, 38.8690162037379 ], [ -76.549270833456788, 38.869008487688561 ], [ -76.549263117407406, 38.869000771639236 ], [ -76.54925540135801, 38.868993055589897 ], [ -76.549247685308643, 38.868985339540558 ], [ -76.549239969259261, 38.868977623491226 ], [ -76.549232253209865, 38.868969907441901 ], [ -76.549224537160484, 38.868962191392569 ], [ -76.549216821111116, 38.86895447534323 ], [ -76.549209105061735, 38.868946759293898 ], [ -76.549201389012339, 38.868939043244566 ], [ -76.549197530987655, 38.868919753121233 ], [ -76.549197530987655, 38.868888888923898 ], [ -76.549193672962957, 38.868869598800565 ], [ -76.54918595691359, 38.86886188275124 ], [ -76.549178240864208, 38.868854166701908 ], [ -76.549170524814812, 38.868846450652569 ], [ -76.549162808765431, 38.868838734603237 ], [ -76.549155092716049, 38.868831018553905 ], [ -76.549147376666667, 38.868823302504566 ], [ -76.549139660617271, 38.868815586455241 ], [ -76.549135802592588, 38.86880401238124 ], [ -76.549135802592588, 38.868788580282569 ], [ -76.549131944567904, 38.868777006208575 ], [ -76.549124228518508, 38.868769290159236 ], [ -76.549116512469141, 38.868761574109904 ], [ -76.549108796419745, 38.868753858060579 ], [ -76.549101080370377, 38.868746142011247 ], [ -76.549093364320981, 38.868738425961908 ], [ -76.549074074197534, 38.868734567937238 ], [ -76.54904321, 38.868734567937238 ], [ -76.549023919876532, 38.868730709912569 ], [ -76.549016203827165, 38.868722993863244 ], [ -76.549008487777783, 38.868715277813905 ], [ -76.549000771728387, 38.86870756176458 ], [ -76.548993055679006, 38.868699845715241 ], [ -76.548985339629638, 38.868692129665916 ], [ -76.548977623580257, 38.868684413616577 ], [ -76.548969907530861, 38.868676697567246 ], [ -76.548962191481479, 38.868668981517914 ], [ -76.548954475432097, 38.868661265468575 ], [ -76.548946759382716, 38.868653549419243 ], [ -76.54893904333332, 38.868645833369918 ], [ -76.548931327283952, 38.868638117320586 ], [ -76.548923611234557, 38.868630401271247 ], [ -76.548915895185189, 38.868622685221908 ], [ -76.548908179135793, 38.868614969172583 ], [ -76.548900463086426, 38.868607253123244 ], [ -76.54889274703703, 38.868599537073919 ], [ -76.548885030987663, 38.86859182102458 ], [ -76.548877314938267, 38.868584104975241 ], [ -76.548869598888899, 38.868576388925909 ], [ -76.548861882839503, 38.868568672876584 ], [ -76.548854166790122, 38.868560956827253 ], [ -76.54884645074074, 38.868553240777914 ], [ -76.54883487666666, 38.868549382753251 ], [ -76.548819444567897, 38.868549382753251 ], [ -76.548807870493832, 38.868545524728582 ], [ -76.548800154444436, 38.86853780867925 ], [ -76.548792438395054, 38.868530092629911 ], [ -76.548784722345687, 38.868522376580586 ], [ -76.548777006296305, 38.868514660531247 ], [ -76.548769290246909, 38.868506944481922 ], [ -76.548761574197528, 38.868499228432583 ], [ -76.54875385814816, 38.868491512383251 ], [ -76.548742284074081, 38.868487654358582 ], [ -76.548726851975303, 38.868487654358582 ], [ -76.548715277901238, 38.868483796333919 ], [ -76.548707561851842, 38.86847608028458 ], [ -76.548699845802474, 38.868468364235248 ], [ -76.548692129753078, 38.868460648185923 ], [ -76.548672839629631, 38.868456790161254 ], [ -76.548641975432091, 38.868456790161254 ], [ -76.548622685308629, 38.868452932136591 ], [ -76.548614969259262, 38.868445216087252 ], [ -76.54860725320988, 38.868437500037921 ], [ -76.548599537160484, 38.868429783988589 ], [ -76.548587963086419, 38.868425925963919 ], [ -76.548572530987656, 38.868425925963919 ], [ -76.548560956913576, 38.86842206793925 ], [ -76.548553240864209, 38.868414351889925 ], [ -76.548545524814813, 38.868406635840586 ], [ -76.548537808765431, 38.868398919791261 ], [ -76.548530092716049, 38.868391203741922 ], [ -76.548522376666654, 38.86838348769259 ], [ -76.548514660617286, 38.868375771643258 ], [ -76.54850694456789, 38.868368055593919 ], [ -76.548499228518523, 38.868360339544587 ], [ -76.548491512469127, 38.868352623495262 ], [ -76.54848379641976, 38.86834490744593 ], [ -76.548476080370364, 38.868337191396591 ], [ -76.548456790246917, 38.868333333371922 ], [ -76.54842592604939, 38.868333333371922 ], [ -76.548406635925929, 38.868329475347252 ], [ -76.548398919876533, 38.868321759297928 ], [ -76.548391203827151, 38.868314043248589 ], [ -76.548383487777784, 38.868306327199264 ], [ -76.548375771728402, 38.868298611149925 ], [ -76.548368055679006, 38.868290895100586 ], [ -76.548360339629625, 38.868283179051254 ], [ -76.548352623580257, 38.868275463001929 ], [ -76.548341049506178, 38.868271604977259 ], [ -76.5483256174074, 38.868271604977259 ], [ -76.548314043333335, 38.868267746952597 ], [ -76.548306327283939, 38.868260030903258 ], [ -76.548298611234571, 38.868252314853926 ], [ -76.548290895185175, 38.868244598804594 ], [ -76.548283179135808, 38.868236882755255 ], [ -76.548275463086412, 38.86822916670593 ], [ -76.548267747037045, 38.868221450656591 ], [ -76.548260030987649, 38.868213734607266 ], [ -76.548240740864202, 38.868209876582597 ], [ -76.548209876666661, 38.868209876582597 ], [ -76.5481905865432, 38.868206018557927 ], [ -76.548182870493832, 38.868198302508603 ], [ -76.548175154444451, 38.868190586459264 ], [ -76.548167438395055, 38.868182870409925 ], [ -76.548155864320989, 38.868179012385262 ], [ -76.548140432222226, 38.868179012385262 ], [ -76.548128858148146, 38.868175154360593 ], [ -76.548121142098765, 38.868167438311268 ], [ -76.548113426049383, 38.868159722261936 ], [ -76.548105709999987, 38.868152006212597 ], [ -76.54808641987654, 38.868148148187935 ], [ -76.548055555679014, 38.868148148187935 ], [ -76.548036265555567, 38.868144290163265 ], [ -76.548028549506171, 38.868136574113933 ], [ -76.548024691481487, 38.868125000039932 ], [ -76.548024691481487, 38.868109567941268 ], [ -76.548020833456789, 38.868097993867266 ], [ -76.548013117407407, 38.868090277817934 ], [ -76.548001543333328, 38.868086419793265 ], [ -76.547986111234565, 38.868086419793265 ], [ -76.547974537160499, 38.868082561768603 ], [ -76.547966821111103, 38.868074845719264 ], [ -76.54796296308642, 38.868063271645269 ], [ -76.54796296308642, 38.868047839546598 ], [ -76.547959105061722, 38.868036265472597 ], [ -76.547951389012354, 38.868028549423272 ], [ -76.54791666679013, 38.868024691398602 ], [ -76.547854938395062, 38.868024691398602 ], [ -76.547820216172838, 38.868020833373933 ], [ -76.547812500123456, 38.868013117324608 ], [ -76.547804784074074, 38.868005401275269 ], [ -76.547797068024678, 38.86799768522593 ], [ -76.547785493950613, 38.867993827201268 ], [ -76.54777006185185, 38.867993827201268 ], [ -76.54775848777777, 38.867989969176598 ], [ -76.547750771728403, 38.867982253127273 ], [ -76.547746913703705, 38.867970679053272 ], [ -76.547746913703705, 38.867955246954608 ], [ -76.547743055679021, 38.867943672880614 ], [ -76.547735339629625, 38.867935956831275 ], [ -76.54772376555556, 38.867932098806605 ], [ -76.547708333456782, 38.867932098806605 ], [ -76.547696759382717, 38.867928240781936 ], [ -76.547689043333321, 38.867920524732611 ], [ -76.547681327283954, 38.867912808683272 ], [ -76.547673611234558, 38.867905092633947 ], [ -76.54766589518519, 38.867897376584608 ], [ -76.547658179135794, 38.867889660535269 ], [ -76.547650463086427, 38.867881944485937 ], [ -76.547642747037031, 38.867874228436612 ], [ -76.547592592716057, 38.867870370411943 ], [ -76.547500000123449, 38.867870370411943 ], [ -76.547449845802475, 38.86786651238728 ], [ -76.54744212975308, 38.867858796337941 ], [ -76.547438271728396, 38.867847222263947 ], [ -76.547438271728396, 38.867831790165276 ], [ -76.547434413703712, 38.867820216091275 ], [ -76.547426697654316, 38.86781250004195 ], [ -76.547376543333343, 38.86780864201728 ], [ -76.547283950740734, 38.86780864201728 ], [ -76.547233796419761, 38.867804783992611 ], [ -76.547226080370365, 38.867797067943279 ], [ -76.547218364320997, 38.867789351893947 ], [ -76.547210648271601, 38.867781635844608 ], [ -76.547183642098773, 38.867777777819946 ], [ -76.547137345802469, 38.867777777819946 ], [ -76.54711033962964, 38.867773919795276 ], [ -76.547102623580244, 38.867766203745951 ], [ -76.54709876555556, 38.86775462967195 ], [ -76.54709876555556, 38.867739197573279 ], [ -76.547094907530862, 38.867727623499277 ], [ -76.547087191481481, 38.867719907449953 ], [ -76.547079475432099, 38.867712191400614 ], [ -76.547071759382703, 38.867704475351289 ], [ -76.54706790135802, 38.867677469178616 ], [ -76.54706790135802, 38.867631172882625 ], [ -76.547064043333336, 38.867604166709953 ], [ -76.54705632728394, 38.867596450660614 ], [ -76.547044753209875, 38.867592592635951 ], [ -76.547029321111111, 38.867592592635951 ], [ -76.547017747037046, 38.867588734611282 ], [ -76.54701003098765, 38.867581018561957 ], [ -76.547002314938283, 38.867573302512625 ], [ -76.546994598888887, 38.867565586463286 ], [ -76.54697530876544, 38.867561728438623 ], [ -76.546944444567899, 38.867561728438623 ], [ -76.546925154444438, 38.867557870413954 ], [ -76.54691743839507, 38.867550154364622 ], [ -76.546909722345688, 38.867542438315283 ], [ -76.546902006296293, 38.867534722265958 ], [ -76.546894290246911, 38.867527006216619 ], [ -76.546886574197543, 38.867519290167294 ], [ -76.546878858148148, 38.867511574117955 ], [ -76.546871142098766, 38.867503858068623 ], [ -76.546859568024686, 38.867500000043954 ], [ -76.546844135925923, 38.867500000043954 ], [ -76.546832561851858, 38.867496142019291 ], [ -76.546824845802462, 38.867488425969952 ], [ -76.546824845802462, 38.867480709920621 ], [ -76.546832561851858, 38.867472993871296 ], [ -76.546840277901225, 38.867465277821964 ], [ -76.546847993950621, 38.867457561772625 ], [ -76.546851851975305, 38.867438271649291 ], [ -76.546851851975305, 38.867407407451964 ], [ -76.546855709999988, 38.86738811732863 ], [ -76.546863426049384, 38.867380401279291 ], [ -76.546871142098766, 38.867372685229959 ], [ -76.546878858148148, 38.867364969180635 ], [ -76.546882716172846, 38.867353395106633 ], [ -76.546882716172846, 38.867337963007962 ], [ -76.546886574197543, 38.867326388933961 ], [ -76.546894290246911, 38.867318672884636 ], [ -76.546902006296293, 38.867310956835297 ], [ -76.546909722345688, 38.867303240785958 ], [ -76.546913580370372, 38.867283950662625 ], [ -76.546913580370372, 38.867253086465297 ], [ -76.54691743839507, 38.867233796341964 ], [ -76.546925154444438, 38.867226080292639 ], [ -76.546932870493819, 38.8672183642433 ], [ -76.546940586543215, 38.867210648193975 ], [ -76.546944444567899, 38.867183642021303 ], [ -76.546944444567899, 38.867137345725311 ], [ -76.546940586543215, 38.867110339552639 ], [ -76.546932870493819, 38.867102623503307 ], [ -76.546925154444438, 38.867094907453975 ], [ -76.54691743839507, 38.867087191404636 ], [ -76.546909722345688, 38.867079475355304 ], [ -76.546902006296293, 38.867071759305979 ], [ -76.546882716172831, 38.86706790128131 ], [ -76.546851851975305, 38.86706790128131 ], [ -76.546832561851858, 38.867064043256647 ], [ -76.546824845802462, 38.867056327207308 ], [ -76.546820987777778, 38.867037037083975 ], [ -76.546820987777778, 38.867006172886647 ], [ -76.546824845802462, 38.866986882763314 ], [ -76.546832561851858, 38.866979166713975 ], [ -76.546840277901225, 38.866971450664643 ], [ -76.546847993950621, 38.866963734615318 ], [ -76.546855709999988, 38.866956018565986 ], [ -76.546863426049384, 38.866948302516647 ], [ -76.546871142098766, 38.866940586467308 ], [ -76.546878858148148, 38.866932870417983 ], [ -76.546886574197543, 38.866925154368644 ], [ -76.546894290246911, 38.866917438319319 ], [ -76.546905864320991, 38.86691358029465 ], [ -76.546921296419754, 38.86691358029465 ], [ -76.546932870493819, 38.86690972226998 ], [ -76.546940586543215, 38.866902006220641 ], [ -76.546948302592597, 38.866894290171309 ], [ -76.546956018641964, 38.866886574121985 ], [ -76.546963734691346, 38.866878858072653 ], [ -76.546971450740742, 38.866871142023314 ], [ -76.546979166790123, 38.866863425973982 ], [ -76.546986882839505, 38.86685570992465 ], [ -76.546994598888887, 38.866847993875311 ], [ -76.547002314938283, 38.866840277825986 ], [ -76.54701003098765, 38.866832561776647 ], [ -76.547017747037046, 38.866824845727322 ], [ -76.547025463086413, 38.866817129677983 ], [ -76.547033179135809, 38.866809413628651 ], [ -76.547037037160493, 38.86679783955465 ], [ -76.547037037160493, 38.866782407455986 ], [ -76.547040895185177, 38.866770833381992 ], [ -76.547048611234572, 38.866763117332653 ], [ -76.54706790135802, 38.86675925930799 ], [ -76.54709876555556, 38.86675925930799 ], [ -76.547118055679022, 38.866755401283321 ], [ -76.547125771728389, 38.866747685233989 ], [ -76.547133487777771, 38.86673996918465 ], [ -76.547141203827167, 38.866732253135325 ], [ -76.547148919876548, 38.866724537085986 ], [ -76.547156635925916, 38.866716821036661 ], [ -76.547164351975297, 38.866709104987322 ], [ -76.547172068024693, 38.86670138893799 ], [ -76.547183642098759, 38.866697530913321 ], [ -76.547199074197536, 38.866697530913321 ], [ -76.547210648271601, 38.866693672888658 ], [ -76.547218364320997, 38.866685956839319 ], [ -76.547222222345681, 38.866674382765325 ], [ -76.547222222345681, 38.866658950666654 ], [ -76.547226080370365, 38.866647376592653 ], [ -76.547233796419761, 38.866639660543328 ], [ -76.547245370493826, 38.866635802518658 ], [ -76.547260802592589, 38.866635802518658 ], [ -76.547272376666655, 38.866631944493989 ], [ -76.547280092716051, 38.866624228444664 ], [ -76.547287808765432, 38.866616512395325 ], [ -76.547295524814814, 38.866608796345986 ], [ -76.547303240864196, 38.866601080296654 ], [ -76.547310956913591, 38.866593364247329 ], [ -76.547318672962973, 38.866585648197997 ], [ -76.547326389012341, 38.866577932148658 ], [ -76.54733796308642, 38.866574074123996 ], [ -76.547353395185183, 38.866574074123996 ], [ -76.547364969259249, 38.866570216099326 ], [ -76.547372685308645, 38.866562500049994 ], [ -76.547380401358026, 38.866554784000655 ], [ -76.547388117407394, 38.866547067951331 ], [ -76.54739583345679, 38.866539351901991 ], [ -76.547403549506171, 38.866531635852667 ], [ -76.547407407530869, 38.866520061778665 ], [ -76.547407407530869, 38.866504629679994 ], [ -76.547411265555553, 38.866493055605993 ], [ -76.547418981604949, 38.866485339556668 ], [ -76.547430555679014, 38.866481481531999 ], [ -76.547445987777778, 38.866481481531999 ], [ -76.547457561851843, 38.866477623507336 ], [ -76.547465277901239, 38.866469907457997 ], [ -76.547472993950606, 38.866462191408665 ], [ -76.54748071, 38.866454475359333 ], [ -76.54748842604937, 38.866446759309994 ], [ -76.547496142098765, 38.866439043260669 ], [ -76.547503858148147, 38.86643132721133 ], [ -76.547511574197529, 38.866423611162006 ], [ -76.547519290246925, 38.866415895112667 ], [ -76.547527006296292, 38.866408179063335 ], [ -76.547534722345674, 38.866400463014003 ], [ -76.54754243839507, 38.866392746964664 ], [ -76.547550154444451, 38.866385030915332 ], [ -76.547557870493819, 38.866377314866007 ], [ -76.5475655865432, 38.866369598816675 ], [ -76.547573302592596, 38.866361882767336 ], [ -76.547581018641978, 38.866354166717997 ], [ -76.547588734691345, 38.866346450668672 ], [ -76.547592592716043, 38.866334876594671 ], [ -76.547592592716043, 38.866319444496 ], [ -76.547596450740741, 38.866307870421998 ], [ -76.547604166790123, 38.866300154372674 ], [ -76.547615740864202, 38.866296296348004 ], [ -76.547631172962966, 38.866296296348004 ], [ -76.547642747037031, 38.866292438323342 ], [ -76.547650463086427, 38.866284722274003 ], [ -76.547658179135794, 38.866277006224671 ], [ -76.54766589518519, 38.866269290175346 ], [ -76.547677469259256, 38.866265432150676 ], [ -76.547692901358019, 38.866265432150676 ], [ -76.547704475432099, 38.866261574126014 ], [ -76.54771219148148, 38.866253858076675 ], [ -76.547719907530876, 38.866246142027336 ], [ -76.547727623580244, 38.866238425978011 ], [ -76.547739197654323, 38.866234567953342 ], [ -76.547754629753086, 38.866234567953342 ], [ -76.547766203827152, 38.866230709928672 ], [ -76.547773919876548, 38.866222993879347 ], [ -76.547781635925929, 38.866215277830008 ], [ -76.547789351975297, 38.866207561780669 ], [ -76.547797068024678, 38.866199845731337 ], [ -76.547804784074074, 38.866192129682013 ], [ -76.547812500123456, 38.866184413632681 ], [ -76.547820216172838, 38.866176697583342 ], [ -76.547827932222219, 38.86616898153401 ], [ -76.547835648271615, 38.866161265484678 ], [ -76.547843364320983, 38.866153549435339 ], [ -76.547851080370378, 38.866145833386014 ], [ -76.547870370493825, 38.866141975361344 ], [ -76.547901234691366, 38.866141975361344 ], [ -76.547920524814828, 38.866138117336675 ], [ -76.547928240864195, 38.86613040128735 ], [ -76.547935956913577, 38.866122685238011 ], [ -76.547943672962973, 38.866114969188679 ], [ -76.547951389012354, 38.866107253139347 ], [ -76.547959105061722, 38.866099537090008 ], [ -76.547959105061722, 38.866091821040676 ], [ -76.547951389012354, 38.866084104991351 ], [ -76.547943672962973, 38.86607638894202 ], [ -76.547935956913577, 38.866068672892681 ], [ -76.547935956913577, 38.866060956843342 ], [ -76.547943672962973, 38.866053240794017 ], [ -76.54796296308642, 38.866049382769347 ], [ -76.547993827283946, 38.866049382769347 ], [ -76.548013117407407, 38.866045524744678 ], [ -76.548020833456789, 38.866037808695353 ], [ -76.548028549506171, 38.866030092646014 ], [ -76.548036265555567, 38.866022376596689 ], [ -76.548043981604934, 38.86601466054735 ], [ -76.54805169765433, 38.866006944498018 ], [ -76.548055555679014, 38.865995370424017 ], [ -76.548055555679014, 38.865979938325353 ], [ -76.548059413703697, 38.865968364251358 ], [ -76.548067129753093, 38.865960648202019 ], [ -76.548074845802461, 38.865960648202019 ], [ -76.548082561851857, 38.865968364251358 ], [ -76.548090277901224, 38.86597608030069 ], [ -76.54809799395062, 38.865983796350015 ], [ -76.548109568024685, 38.865987654374685 ], [ -76.548125000123463, 38.865987654374685 ], [ -76.548136574197528, 38.865983796350015 ], [ -76.548144290246924, 38.86597608030069 ], [ -76.548152006296306, 38.865968364251358 ], [ -76.548159722345673, 38.865960648202019 ], [ -76.548171296419753, 38.86595679017735 ], [ -76.548186728518516, 38.86595679017735 ], [ -76.548198302592581, 38.86595293215268 ], [ -76.548206018641977, 38.865945216103356 ], [ -76.548213734691359, 38.865937500054017 ], [ -76.548221450740726, 38.865929784004692 ], [ -76.548240740864188, 38.865925925980022 ], [ -76.548271605061728, 38.865925925980022 ], [ -76.548290895185175, 38.865922067955353 ], [ -76.548298611234571, 38.865914351906014 ], [ -76.548302469259255, 38.865902777832019 ], [ -76.548302469259255, 38.865887345733356 ], [ -76.548306327283939, 38.865875771659354 ], [ -76.548314043333335, 38.865868055610022 ], [ -76.548321759382716, 38.865868055610022 ], [ -76.548329475432098, 38.865875771659354 ], [ -76.54833719148148, 38.865883487708686 ], [ -76.548344907530876, 38.865891203758025 ], [ -76.548352623580257, 38.865898919807357 ], [ -76.548360339629625, 38.865906635856682 ], [ -76.548368055679006, 38.865914351906014 ], [ -76.548375771728402, 38.865922067955353 ], [ -76.548387345802468, 38.865925925980022 ], [ -76.548402777901231, 38.865925925980022 ], [ -76.54841435197531, 38.865929784004692 ], [ -76.548422068024678, 38.865937500054017 ], [ -76.548425926049376, 38.865972222276014 ], [ -76.548425926049376, 38.866033950670683 ], [ -76.548429784074074, 38.866068672892681 ], [ -76.548437500123455, 38.86607638894202 ], [ -76.548456790246917, 38.866080246966682 ], [ -76.548487654444443, 38.866080246966682 ], [ -76.54850694456789, 38.86607638894202 ], [ -76.548514660617286, 38.866068672892681 ], [ -76.548522376666654, 38.866060956843342 ], [ -76.548530092716049, 38.866053240794017 ], [ -76.548541666790115, 38.866049382769347 ], [ -76.548557098888892, 38.866049382769347 ], [ -76.548568672962958, 38.866045524744678 ], [ -76.548576389012354, 38.866037808695353 ], [ -76.548584105061735, 38.866030092646014 ], [ -76.548591821111103, 38.866022376596689 ], [ -76.548599537160484, 38.86601466054735 ], [ -76.54860725320988, 38.866006944498018 ], [ -76.548614969259262, 38.865999228448686 ], [ -76.548622685308629, 38.865991512399347 ], [ -76.548630401358025, 38.865983796350015 ], [ -76.548638117407407, 38.86597608030069 ], [ -76.548645833456789, 38.865968364251358 ], [ -76.548653549506184, 38.865960648202019 ], [ -76.548672839629631, 38.86595679017735 ], [ -76.548703703827158, 38.86595679017735 ], [ -76.548722993950605, 38.865960648202019 ], [ -76.54873071, 38.865968364251358 ], [ -76.548738426049383, 38.86597608030069 ], [ -76.548746142098764, 38.865983796350015 ], [ -76.548757716172844, 38.865987654374685 ], [ -76.548773148271607, 38.865987654374685 ], [ -76.548784722345687, 38.865983796350015 ], [ -76.548792438395054, 38.86597608030069 ], [ -76.548800154444436, 38.865968364251358 ], [ -76.548807870493832, 38.865960648202019 ], [ -76.548815586543213, 38.86595293215268 ], [ -76.548823302592581, 38.865945216103356 ], [ -76.548831018641962, 38.865937500054017 ], [ -76.548838734691358, 38.865929784004692 ], [ -76.548850308765424, 38.865925925980022 ], [ -76.548865740864201, 38.865925925980022 ], [ -76.548877314938267, 38.865922067955353 ], [ -76.548885030987663, 38.865914351906014 ], [ -76.54889274703703, 38.865906635856682 ], [ -76.548900463086426, 38.865898919807357 ], [ -76.548908179135793, 38.865898919807357 ], [ -76.548915895185189, 38.865906635856682 ], [ -76.548923611234557, 38.865914351906014 ], [ -76.548931327283952, 38.865922067955353 ], [ -76.548942901358018, 38.865925925980022 ], [ -76.548958333456795, 38.865925925980022 ], [ -76.548969907530861, 38.865922067955353 ], [ -76.548977623580257, 38.865914351906014 ], [ -76.548985339629638, 38.865906635856682 ], [ -76.548993055679006, 38.865898919807357 ], [ -76.549012345802467, 38.865895061782687 ], [ -76.54904321, 38.865895061782687 ], [ -76.549062500123455, 38.865891203758025 ], [ -76.549070216172851, 38.865883487708686 ], [ -76.549077932222218, 38.865875771659354 ], [ -76.549085648271614, 38.865868055610022 ], [ -76.549104938395061, 38.865864197585353 ], [ -76.549135802592588, 38.865864197585353 ], [ -76.549155092716049, 38.865860339560683 ], [ -76.549162808765431, 38.865852623511358 ], [ -76.549170524814812, 38.865844907462019 ], [ -76.549178240864208, 38.865837191412695 ], [ -76.549212963086433, 38.865833333388025 ], [ -76.549274691481486, 38.865833333388025 ], [ -76.549309413703696, 38.865829475363356 ], [ -76.549317129753092, 38.865821759314031 ], [ -76.54932484580246, 38.865814043264692 ], [ -76.549332561851855, 38.865806327215353 ], [ -76.549340277901223, 38.865806327215353 ], [ -76.549347993950619, 38.865814043264692 ], [ -76.54935571, 38.865821759314031 ], [ -76.549363426049382, 38.865829475363356 ], [ -76.549375000123462, 38.865833333388025 ], [ -76.549390432222225, 38.865833333388025 ], [ -76.54940200629629, 38.865829475363356 ], [ -76.549409722345686, 38.865821759314031 ], [ -76.54941358037037, 38.865802469190697 ], [ -76.54941358037037, 38.865771604993355 ], [ -76.549409722345686, 38.865752314870022 ], [ -76.54940200629629, 38.865744598820697 ], [ -76.549394290246909, 38.865736882771358 ], [ -76.549386574197541, 38.865729166722033 ], [ -76.549382716172843, 38.865717592648032 ], [ -76.549382716172843, 38.865702160549361 ], [ -76.54937885814816, 38.86569058647536 ], [ -76.549371142098764, 38.865682870426035 ], [ -76.549363426049382, 38.865675154376703 ], [ -76.54935571, 38.865667438327364 ], [ -76.549351851975302, 38.865655864253362 ], [ -76.549351851975302, 38.865640432154699 ], [ -76.549347993950619, 38.865628858080697 ], [ -76.549340277901223, 38.865621142031358 ], [ -76.549332561851855, 38.865613425982026 ], [ -76.54932484580246, 38.865605709932701 ], [ -76.549320987777776, 38.865586419809368 ], [ -76.549320987777776, 38.865555555612033 ], [ -76.549317129753092, 38.8655362654887 ], [ -76.549309413703696, 38.865528549439375 ], [ -76.549301697654329, 38.865520833390036 ], [ -76.549293981604933, 38.865513117340697 ], [ -76.549290123580249, 38.865501543266703 ], [ -76.549290123580249, 38.865486111168039 ], [ -76.549293981604933, 38.865474537094038 ], [ -76.549301697654329, 38.865466821044706 ], [ -76.549309413703696, 38.865459104995367 ], [ -76.549317129753092, 38.865451388946042 ], [ -76.549320987777776, 38.865416666724045 ], [ -76.549320987777776, 38.865354938329375 ], [ -76.54932484580246, 38.865320216107378 ], [ -76.549332561851855, 38.865312500058046 ], [ -76.549340277901223, 38.865304784008714 ], [ -76.549347993950619, 38.865297067959375 ], [ -76.549351851975302, 38.865285493885381 ], [ -76.549351851975302, 38.86527006178671 ], [ -76.54935571, 38.865258487712708 ], [ -76.549363426049382, 38.865250771663383 ], [ -76.549375000123462, 38.865246913638714 ], [ -76.549390432222225, 38.865246913638714 ], [ -76.54940200629629, 38.865243055614044 ], [ -76.549409722345686, 38.86523533956472 ], [ -76.549417438395068, 38.865227623515381 ], [ -76.549425154444435, 38.865219907466042 ], [ -76.549432870493817, 38.86521219141671 ], [ -76.549440586543213, 38.865204475367385 ], [ -76.549448302592594, 38.865196759318053 ], [ -76.549456018641962, 38.865189043268714 ], [ -76.549467592716042, 38.865185185244052 ], [ -76.549483024814819, 38.865185185244052 ], [ -76.549494598888884, 38.865181327219382 ], [ -76.54950231493828, 38.86517361117005 ], [ -76.549510030987648, 38.865165895120711 ], [ -76.549517747037044, 38.865158179071386 ], [ -76.549525463086411, 38.865150463022047 ], [ -76.549533179135807, 38.865142746972722 ], [ -76.549537037160491, 38.86511574080005 ], [ -76.549537037160491, 38.865069444504059 ], [ -76.549540895185174, 38.865042438331386 ], [ -76.54954861123457, 38.865034722282061 ], [ -76.549556327283938, 38.865027006232722 ], [ -76.549564043333334, 38.86501929018339 ], [ -76.549567901358017, 38.865000000060057 ], [ -76.549567901358017, 38.864969135862722 ], [ -76.549564043333334, 38.864949845739389 ], [ -76.549556327283938, 38.864942129690064 ], [ -76.549544753209872, 38.864938271665395 ], [ -76.549529321111109, 38.864938271665395 ], [ -76.549517747037044, 38.864934413640725 ], [ -76.549510030987648, 38.864926697591386 ], [ -76.54950231493828, 38.864918981542054 ], [ -76.549494598888884, 38.864911265492729 ], [ -76.549486882839517, 38.864903549443397 ], [ -76.549479166790121, 38.864895833394058 ], [ -76.549475308765437, 38.864884259320064 ], [ -76.549475308765437, 38.864868827221393 ], [ -76.549479166790121, 38.864857253147392 ], [ -76.549486882839517, 38.864849537098067 ], [ -76.549494598888884, 38.864841821048728 ], [ -76.54950231493828, 38.864834104999403 ], [ -76.549510030987648, 38.864826388950064 ], [ -76.549517747037044, 38.864818672900725 ], [ -76.549525463086411, 38.864810956851393 ], [ -76.549533179135807, 38.864803240802068 ], [ -76.549537037160491, 38.864791666728067 ], [ -76.549537037160491, 38.864776234629396 ], [ -76.549540895185174, 38.864764660555394 ], [ -76.54954861123457, 38.86475694450607 ], [ -76.549556327283938, 38.864749228456731 ], [ -76.549564043333334, 38.864741512407406 ], [ -76.549571759382715, 38.864733796358067 ], [ -76.549579475432097, 38.864726080308735 ], [ -76.54960648160494, 38.864722222284065 ], [ -76.549652777901244, 38.864722222284065 ], [ -76.549679784074073, 38.864718364259403 ], [ -76.549687500123468, 38.864710648210064 ], [ -76.549695216172836, 38.864702932160732 ], [ -76.549702932222232, 38.864695216111407 ], [ -76.549710648271599, 38.864687500062075 ], [ -76.549718364320995, 38.864679784012736 ], [ -76.549726080370363, 38.864672067963397 ], [ -76.549733796419758, 38.864664351914072 ], [ -76.549741512469126, 38.864656635864733 ], [ -76.549749228518522, 38.864648919815409 ], [ -76.549756944567889, 38.86464120376607 ], [ -76.549764660617285, 38.864633487716731 ], [ -76.54977623469135, 38.864629629692068 ], [ -76.549791666790128, 38.864629629692068 ], [ -76.549803240864193, 38.864625771667399 ], [ -76.549810956913589, 38.864618055618074 ], [ -76.549818672962971, 38.864610339568742 ], [ -76.549826389012338, 38.864602623519403 ], [ -76.549853395185181, 38.86459876549474 ], [ -76.549899691481485, 38.86459876549474 ], [ -76.549926697654314, 38.864602623519403 ], [ -76.54993441370371, 38.864610339568742 ], [ -76.549942129753077, 38.864618055618074 ], [ -76.549949845802473, 38.864625771667399 ], [ -76.549992284074079, 38.864629629692068 ], [ -76.550069444567896, 38.864629629692068 ], [ -76.550111882839502, 38.864633487716731 ], [ -76.550119598888898, 38.86464120376607 ], [ -76.550127314938265, 38.864648919815409 ], [ -76.550135030987661, 38.864656635864733 ], [ -76.550146605061727, 38.864660493889403 ], [ -76.55016203716049, 38.864660493889403 ], [ -76.550173611234555, 38.864656635864733 ], [ -76.550181327283951, 38.864648919815409 ], [ -76.550189043333333, 38.86464120376607 ], [ -76.550196759382715, 38.864633487716731 ], [ -76.550204475432096, 38.864625771667399 ], [ -76.550212191481492, 38.864618055618074 ], [ -76.550219907530874, 38.864610339568742 ], [ -76.550227623580241, 38.864602623519403 ], [ -76.550239197654321, 38.86459876549474 ], [ -76.550254629753084, 38.86459876549474 ], [ -76.55026620382715, 38.864594907470071 ], [ -76.550273919876545, 38.864587191420746 ], [ -76.550281635925927, 38.864579475371414 ], [ -76.550289351975294, 38.864571759322075 ], [ -76.550316358148137, 38.864567901297406 ], [ -76.550362654444442, 38.864567901297406 ], [ -76.550389660617284, 38.864571759322075 ], [ -76.550397376666666, 38.864579475371414 ], [ -76.550405092716048, 38.864587191420746 ], [ -76.550412808765444, 38.864594907470071 ], [ -76.550432098888891, 38.86459876549474 ], [ -76.550462963086417, 38.86459876549474 ], [ -76.550482253209879, 38.864594907470071 ], [ -76.550489969259246, 38.864587191420746 ], [ -76.550497685308642, 38.864579475371414 ], [ -76.550505401358024, 38.864571759322075 ], [ -76.550524691481485, 38.864567901297406 ], [ -76.550555555679011, 38.864567901297406 ], [ -76.550574845802458, 38.864564043272736 ], [ -76.550582561851854, 38.864556327223411 ], [ -76.550590277901222, 38.864548611174072 ], [ -76.550597993950618, 38.864540895124748 ], [ -76.55060571, 38.864533179075408 ], [ -76.550613426049381, 38.864525463026069 ], [ -76.550621142098777, 38.864517746976738 ], [ -76.550628858148144, 38.864510030927413 ], [ -76.550636574197526, 38.864502314878081 ], [ -76.550644290246922, 38.864494598828742 ], [ -76.550644290246922, 38.86448688277941 ], [ -76.550636574197526, 38.864479166730078 ], [ -76.550628858148144, 38.864471450680739 ], [ -76.550621142098777, 38.864463734631414 ], [ -76.550617284074079, 38.864436728458742 ], [ -76.550617284074079, 38.86439043216275 ], [ -76.550621142098777, 38.864363425990078 ], [ -76.550628858148144, 38.864355709940753 ], [ -76.550663580370369, 38.864351851916084 ], [ -76.550725308765436, 38.864351851916084 ], [ -76.550760030987647, 38.864347993891414 ], [ -76.550767747037042, 38.864340277842089 ], [ -76.550771605061726, 38.864328703768088 ], [ -76.550771605061726, 38.864313271669417 ], [ -76.55077546308641, 38.864301697595415 ], [ -76.550783179135806, 38.864293981546091 ], [ -76.550790895185173, 38.864286265496759 ], [ -76.550798611234569, 38.86427854944742 ], [ -76.550806327283951, 38.864270833398081 ], [ -76.550814043333332, 38.864263117348756 ], [ -76.550825617407412, 38.864259259324086 ], [ -76.550841049506175, 38.864259259324086 ], [ -76.550852623580255, 38.864255401299417 ], [ -76.550860339629622, 38.864247685250092 ], [ -76.550868055679004, 38.864239969200753 ], [ -76.5508757717284, 38.864232253151414 ], [ -76.550883487777782, 38.864224537102082 ], [ -76.550891203827149, 38.864216821052757 ], [ -76.550895061851847, 38.86418209883076 ], [ -76.550895061851847, 38.86412037043609 ], [ -76.550898919876531, 38.864085648214093 ], [ -76.550906635925926, 38.864077932164761 ], [ -76.55091821, 38.864074074140092 ], [ -76.550933642098769, 38.864074074140092 ], [ -76.550945216172835, 38.864070216115422 ], [ -76.550952932222231, 38.864062500066098 ], [ -76.550956790246914, 38.864050925992096 ], [ -76.550956790246914, 38.864035493893425 ], [ -76.550960648271598, 38.864023919819431 ], [ -76.550968364320994, 38.864016203770092 ], [ -76.550979938395059, 38.864012345745429 ], [ -76.550995370493823, 38.864012345745429 ], [ -76.551006944567888, 38.864016203770092 ], [ -76.551014660617284, 38.864023919819431 ], [ -76.551022376666666, 38.864031635868763 ], [ -76.551030092716047, 38.864039351918095 ], [ -76.551049382839508, 38.864043209942764 ], [ -76.551080247037035, 38.864043209942764 ], [ -76.551099537160482, 38.864047067967434 ], [ -76.551107253209878, 38.864054784016759 ], [ -76.55111496925926, 38.864062500066098 ], [ -76.551122685308641, 38.864070216115422 ], [ -76.551149691481484, 38.864074074140092 ], [ -76.551195987777774, 38.864074074140092 ], [ -76.551222993950617, 38.864077932164761 ], [ -76.55123071, 38.864085648214093 ], [ -76.55123842604938, 38.864093364263425 ], [ -76.551246142098776, 38.864101080312764 ], [ -76.551273148271605, 38.864104938337427 ], [ -76.551319444567909, 38.864104938337427 ], [ -76.551346450740738, 38.864101080312764 ], [ -76.551354166790134, 38.864093364263425 ], [ -76.551358024814817, 38.86406635809076 ], [ -76.551358024814817, 38.864020061794768 ], [ -76.551361882839501, 38.863993055622103 ], [ -76.551369598888897, 38.863985339572764 ], [ -76.551377314938264, 38.863977623523425 ], [ -76.55138503098766, 38.8639699074741 ], [ -76.551392747037028, 38.863962191424761 ], [ -76.551400463086424, 38.863954475375436 ], [ -76.551458333456793, 38.863950617350767 ], [ -76.551566358148136, 38.863950617350767 ], [ -76.551624228518506, 38.863946759326097 ], [ -76.551631944567902, 38.863939043276758 ], [ -76.551639660617283, 38.863931327227426 ], [ -76.551647376666665, 38.863923611178102 ], [ -76.551655092716061, 38.86391589512877 ], [ -76.551662808765428, 38.863908179079431 ], [ -76.551666666790126, 38.863896605005436 ], [ -76.551666666790126, 38.863881172906765 ], [ -76.55167052481481, 38.863869598832764 ], [ -76.551678240864206, 38.863861882783439 ], [ -76.551685956913587, 38.863861882783439 ], [ -76.551693672962955, 38.863869598832764 ], [ -76.551701389012337, 38.863877314882103 ], [ -76.551709105061732, 38.863885030931442 ], [ -76.551728395185194, 38.863888888956104 ], [ -76.55175925938272, 38.863888888956104 ], [ -76.551778549506167, 38.863885030931442 ], [ -76.551786265555563, 38.863877314882103 ], [ -76.551793981604931, 38.863869598832764 ], [ -76.551801697654327, 38.863861882783439 ], [ -76.551809413703694, 38.8638541667341 ], [ -76.55181712975309, 38.863846450684775 ], [ -76.551824845802457, 38.863838734635436 ], [ -76.551832561851853, 38.863831018586097 ], [ -76.551840277901235, 38.863831018586097 ], [ -76.551847993950616, 38.863838734635436 ], [ -76.551855710000012, 38.863846450684775 ], [ -76.55186342604938, 38.8638541667341 ], [ -76.551871142098761, 38.8638541667341 ], [ -76.551878858148157, 38.863846450684775 ], [ -76.551886574197539, 38.863838734635436 ], [ -76.551894290246906, 38.863831018586097 ], [ -76.551936728518513, 38.863827160561435 ], [ -76.552013889012343, 38.863827160561435 ], [ -76.55205632728395, 38.863831018586097 ], [ -76.552064043333331, 38.863838734635436 ], [ -76.552071759382713, 38.863846450684775 ], [ -76.552079475432109, 38.8638541667341 ], [ -76.552137345802478, 38.86385802475877 ], [ -76.552245370493821, 38.86385802475877 ], [ -76.552303240864191, 38.8638541667341 ], [ -76.552310956913587, 38.863846450684775 ], [ -76.552318672962969, 38.863838734635436 ], [ -76.552326389012336, 38.863831018586097 ], [ -76.552353395185179, 38.863827160561435 ], [ -76.552399691481483, 38.863827160561435 ], [ -76.552426697654312, 38.863823302536765 ], [ -76.552434413703708, 38.863815586487441 ], [ -76.552442129753075, 38.863807870438109 ], [ -76.552449845802471, 38.86380015438877 ], [ -76.552469135925918, 38.863796296364107 ], [ -76.552500000123459, 38.863796296364107 ], [ -76.55251929024692, 38.863792438339438 ], [ -76.552527006296287, 38.863784722290106 ], [ -76.552534722345669, 38.863777006240767 ], [ -76.552542438395065, 38.863769290191442 ], [ -76.552550154444447, 38.863761574142103 ], [ -76.552557870493814, 38.863753858092778 ], [ -76.55256558654321, 38.863746142043439 ], [ -76.552573302592592, 38.863738425994107 ], [ -76.552584876666671, 38.863734567969438 ], [ -76.552600308765435, 38.863734567969438 ], [ -76.5526118828395, 38.863730709944775 ], [ -76.552619598888896, 38.863722993895436 ], [ -76.552627314938263, 38.863715277846104 ], [ -76.552635030987659, 38.86370756179678 ], [ -76.552662037160488, 38.86370370377211 ], [ -76.552708333456792, 38.86370370377211 ], [ -76.552735339629621, 38.863699845747448 ], [ -76.552743055679016, 38.863692129698109 ], [ -76.552750771728398, 38.86368441364877 ], [ -76.552758487777766, 38.863676697599445 ], [ -76.552770061851845, 38.863672839574775 ], [ -76.552785493950623, 38.863672839574775 ], [ -76.552797068024688, 38.863668981550106 ], [ -76.552804784074084, 38.863661265500781 ], [ -76.552812500123451, 38.863653549451442 ], [ -76.552820216172847, 38.863645833402117 ], [ -76.55289351864198, 38.863641975377448 ], [ -76.553032407530864, 38.863641975377448 ], [ -76.55310571, 38.863638117352778 ], [ -76.553113426049393, 38.863630401303446 ], [ -76.553121142098774, 38.863622685254114 ], [ -76.553128858148142, 38.863614969204775 ], [ -76.553148148271603, 38.863611111180113 ], [ -76.553179012469144, 38.863611111180113 ], [ -76.553198302592591, 38.863607253155443 ], [ -76.553206018641987, 38.863599537106118 ], [ -76.553213734691354, 38.863591821056787 ], [ -76.55322145074075, 38.863584105007448 ], [ -76.553248456913579, 38.863580246982778 ], [ -76.553294753209883, 38.863580246982778 ], [ -76.553321759382726, 38.863576388958109 ], [ -76.553329475432093, 38.863568672908784 ], [ -76.553337191481475, 38.863560956859445 ], [ -76.553344907530871, 38.86355324081012 ], [ -76.5533719137037, 38.86354938278545 ], [ -76.55341821, 38.86354938278545 ], [ -76.553445216172832, 38.863545524760781 ], [ -76.553452932222228, 38.863537808711442 ], [ -76.553460648271596, 38.86353009266211 ], [ -76.553468364320992, 38.863522376612785 ], [ -76.553526234691361, 38.863518518588116 ], [ -76.553634259382704, 38.863518518588116 ], [ -76.553692129753074, 38.863514660563453 ], [ -76.55369984580247, 38.863506944514114 ], [ -76.553707561851851, 38.863499228464782 ], [ -76.553715277901233, 38.86349151241545 ], [ -76.553726851975313, 38.863487654390781 ], [ -76.553742284074076, 38.863487654390781 ], [ -76.553753858148156, 38.86349151241545 ], [ -76.553761574197523, 38.863499228464782 ], [ -76.553769290246905, 38.863506944514114 ], [ -76.553777006296301, 38.863514660563453 ], [ -76.553784722345682, 38.863514660563453 ], [ -76.55379243839505, 38.863506944514114 ], [ -76.553800154444431, 38.863499228464782 ], [ -76.553807870493827, 38.86349151241545 ], [ -76.553834876666656, 38.863487654390781 ], [ -76.55388117296296, 38.863487654390781 ], [ -76.553908179135803, 38.86349151241545 ], [ -76.553915895185185, 38.863499228464782 ], [ -76.55392361123458, 38.863506944514114 ], [ -76.553931327283948, 38.863514660563453 ], [ -76.553958333456791, 38.863518518588116 ], [ -76.554004629753095, 38.863518518588116 ], [ -76.554031635925924, 38.863514660563453 ], [ -76.55403935197532, 38.863506944514114 ], [ -76.554047068024687, 38.863499228464782 ], [ -76.554054784074083, 38.86349151241545 ], [ -76.55406250012345, 38.863483796366111 ], [ -76.554070216172846, 38.863476080316786 ], [ -76.55407407419753, 38.863456790193453 ], [ -76.55407407419753, 38.863425925996125 ], [ -76.554077932222214, 38.863406635872792 ], [ -76.554085648271609, 38.863398919823453 ], [ -76.554093364320977, 38.863391203774121 ], [ -76.554101080370373, 38.863383487724789 ], [ -76.55410879641974, 38.86337577167545 ], [ -76.554116512469136, 38.863368055626125 ], [ -76.554124228518518, 38.863360339576786 ], [ -76.554131944567899, 38.863352623527462 ], [ -76.554135802592597, 38.86334104945346 ], [ -76.554135802592597, 38.863325617354789 ], [ -76.554139660617281, 38.863314043280788 ], [ -76.554147376666677, 38.863306327231463 ], [ -76.554155092716059, 38.863298611182131 ], [ -76.554162808765426, 38.863290895132792 ], [ -76.554170524814808, 38.863283179083453 ], [ -76.554178240864204, 38.863275463034128 ], [ -76.554189814938269, 38.863271605009459 ], [ -76.554205247037032, 38.863271605009459 ], [ -76.554216821111112, 38.863267746984789 ], [ -76.554224537160493, 38.863260030935464 ], [ -76.554232253209875, 38.863252314886125 ], [ -76.554239969259271, 38.863244598836786 ], [ -76.554247685308638, 38.863236882787454 ], [ -76.554255401358034, 38.86322916673813 ], [ -76.554259259382718, 38.863217592664128 ], [ -76.554259259382718, 38.863202160565457 ], [ -76.554263117407402, 38.863190586491456 ], [ -76.554270833456798, 38.863182870442131 ], [ -76.554282407530863, 38.863179012417461 ], [ -76.554297839629626, 38.863179012417461 ], [ -76.554309413703692, 38.863175154392792 ], [ -76.554317129753088, 38.863167438343467 ], [ -76.554324845802469, 38.863159722294128 ], [ -76.554332561851851, 38.863152006244803 ], [ -76.554340277901233, 38.863144290195464 ], [ -76.554347993950628, 38.863136574146125 ], [ -76.55435571000001, 38.863128858096793 ], [ -76.554363426049377, 38.863121142047468 ], [ -76.554371142098759, 38.863113425998137 ], [ -76.554378858148155, 38.863105709948798 ], [ -76.554386574197537, 38.863097993899466 ], [ -76.554394290246904, 38.863090277850134 ], [ -76.554402006296286, 38.863082561800795 ], [ -76.554409722345682, 38.86307484575147 ], [ -76.554417438395063, 38.863067129702131 ], [ -76.554425154444431, 38.863059413652806 ], [ -76.554432870493827, 38.863051697603467 ], [ -76.554440586543208, 38.863043981554135 ], [ -76.55444830259259, 38.863036265504803 ], [ -76.554456018641986, 38.863028549455464 ], [ -76.554467592716051, 38.863024691430802 ], [ -76.554483024814814, 38.863024691430802 ], [ -76.55449459888888, 38.863020833406132 ], [ -76.554502314938276, 38.863013117356807 ], [ -76.554510030987643, 38.863005401307475 ], [ -76.554517747037039, 38.862997685258136 ], [ -76.554525463086406, 38.862989969208797 ], [ -76.554533179135802, 38.862982253159473 ], [ -76.554540895185184, 38.862974537110134 ], [ -76.554548611234566, 38.862966821060809 ], [ -76.554560185308645, 38.862962963036139 ], [ -76.554575617407409, 38.862962963036139 ], [ -76.554587191481488, 38.862966821060809 ], [ -76.554594907530856, 38.862974537110134 ], [ -76.554602623580237, 38.862982253159473 ], [ -76.554610339629633, 38.862989969208797 ], [ -76.554645061851858, 38.862993827233467 ], [ -76.554706790246911, 38.862993827233467 ], [ -76.554741512469136, 38.862989969208797 ], [ -76.554749228518517, 38.862982253159473 ], [ -76.554756944567913, 38.862974537110134 ], [ -76.55476466061728, 38.862966821060809 ], [ -76.554791666790123, 38.862962963036139 ], [ -76.554837963086428, 38.862962963036139 ], [ -76.554864969259256, 38.86295910501147 ], [ -76.554872685308652, 38.862951388962131 ], [ -76.55488040135802, 38.862943672912799 ], [ -76.554888117407415, 38.862935956863474 ], [ -76.554922839629626, 38.862932098838805 ], [ -76.554984568024693, 38.862932098838805 ], [ -76.555019290246918, 38.862928240814142 ], [ -76.555027006296285, 38.862920524764803 ], [ -76.555034722345667, 38.862912808715471 ], [ -76.555042438395063, 38.862905092666146 ], [ -76.555092592716051, 38.862901234641477 ], [ -76.55518518530863, 38.862901234641477 ], [ -76.555235339629618, 38.862905092666146 ], [ -76.555243055679014, 38.862912808715471 ], [ -76.555250771728396, 38.862920524764803 ], [ -76.555258487777763, 38.862928240814142 ], [ -76.555293209999988, 38.862932098838805 ], [ -76.55535493839507, 38.862932098838805 ], [ -76.555389660617294, 38.862928240814142 ], [ -76.555397376666662, 38.862920524764803 ], [ -76.555405092716043, 38.862912808715471 ], [ -76.555412808765439, 38.862905092666146 ], [ -76.555420524814821, 38.862905092666146 ], [ -76.555428240864188, 38.862912808715471 ], [ -76.55543595691357, 38.862920524764803 ], [ -76.555443672962966, 38.862928240814142 ], [ -76.555451389012347, 38.862928240814142 ], [ -76.555459105061715, 38.862920524764803 ], [ -76.555466821111111, 38.862912808715471 ], [ -76.555474537160492, 38.862905092666146 ], [ -76.555486111234572, 38.862901234641477 ], [ -76.555501543333335, 38.862901234641477 ], [ -76.555513117407401, 38.862905092666146 ], [ -76.555520833456796, 38.862912808715471 ], [ -76.555528549506164, 38.862920524764803 ], [ -76.55553626555556, 38.862928240814142 ], [ -76.555547839629625, 38.862932098838805 ], [ -76.555563271728388, 38.862932098838805 ], [ -76.555574845802468, 38.862928240814142 ], [ -76.55558256185185, 38.862920524764803 ], [ -76.555590277901246, 38.862912808715471 ], [ -76.555597993950613, 38.862905092666146 ], [ -76.555655864320983, 38.862901234641477 ], [ -76.555763889012354, 38.862901234641477 ], [ -76.555821759382724, 38.862897376616814 ], [ -76.555829475432091, 38.862889660567475 ], [ -76.555837191481473, 38.862881944518136 ], [ -76.555844907530869, 38.862874228468812 ], [ -76.555856481604934, 38.862870370444142 ], [ -76.555871913703697, 38.862870370444142 ], [ -76.555883487777777, 38.862866512419473 ], [ -76.555891203827159, 38.862858796370148 ], [ -76.55589891987654, 38.862851080320809 ], [ -76.555906635925936, 38.86284336427147 ], [ -76.555925926049383, 38.862839506246807 ], [ -76.55595679024691, 38.862839506246807 ], [ -76.555976080370371, 38.862835648222138 ], [ -76.555983796419753, 38.862827932172813 ], [ -76.555991512469149, 38.862820216123481 ], [ -76.555999228518516, 38.862812500074142 ], [ -76.556006944567898, 38.86280478402481 ], [ -76.556014660617294, 38.862797067975478 ], [ -76.556018518641977, 38.862770061802813 ], [ -76.556018518641977, 38.862723765506814 ], [ -76.556022376666675, 38.862696759334149 ], [ -76.556030092716043, 38.862689043284817 ], [ -76.556037808765424, 38.862681327235478 ], [ -76.55604552481482, 38.862673611186153 ], [ -76.556049382839504, 38.86265432106282 ], [ -76.556049382839504, 38.862623456865492 ], [ -76.556053240864202, 38.862604166742159 ], [ -76.556060956913569, 38.86259645069282 ], [ -76.556068672962951, 38.862588734643481 ], [ -76.556076389012347, 38.862581018594156 ], [ -76.556080247037031, 38.862561728470823 ], [ -76.556080247037031, 38.862530864273488 ], [ -76.556084105061728, 38.862511574150155 ], [ -76.55609182111111, 38.862503858100823 ], [ -76.556099537160492, 38.862496142051484 ], [ -76.556107253209888, 38.862488426002159 ], [ -76.556111111234571, 38.862453703780162 ], [ -76.556111111234571, 38.862391975385492 ], [ -76.556114969259255, 38.862357253163495 ], [ -76.556122685308651, 38.862349537114163 ], [ -76.556130401358018, 38.862341821064831 ], [ -76.556138117407414, 38.862334105015492 ], [ -76.556141975432098, 38.862322530941498 ], [ -76.556141975432098, 38.862307098842827 ], [ -76.556145833456782, 38.862295524768825 ], [ -76.556153549506178, 38.862287808719501 ], [ -76.556165123580243, 38.862283950694831 ], [ -76.556180555679006, 38.862283950694831 ], [ -76.556192129753086, 38.862280092670161 ], [ -76.556199845802468, 38.862272376620837 ], [ -76.556207561851849, 38.862264660571498 ], [ -76.556215277901245, 38.862256944522159 ], [ -76.55622685197531, 38.862253086497496 ], [ -76.556242284074074, 38.862253086497496 ], [ -76.556253858148153, 38.862249228472827 ], [ -76.556261574197521, 38.862241512423502 ], [ -76.556265432222219, 38.8622299383495 ], [ -76.556265432222219, 38.862214506250837 ], [ -76.556269290246902, 38.862202932176842 ], [ -76.556277006296298, 38.862195216127503 ], [ -76.556358024814813, 38.862191358102834 ], [ -76.55651234580246, 38.862191358102834 ], [ -76.556593364320975, 38.862187500078164 ], [ -76.55660108037037, 38.862179784028839 ], [ -76.556608796419752, 38.8621720679795 ], [ -76.556616512469134, 38.862164351930176 ], [ -76.55665895074074, 38.862160493905506 ], [ -76.556736111234571, 38.862160493905506 ], [ -76.556778549506163, 38.862156635880837 ], [ -76.556786265555559, 38.862148919831498 ], [ -76.556790123580242, 38.862137345757503 ], [ -76.556790123580242, 38.862121913658839 ], [ -76.556793981604926, 38.862110339584838 ], [ -76.556801697654322, 38.862102623535506 ], [ -76.556813271728387, 38.862098765510837 ], [ -76.556828703827165, 38.862098765510837 ], [ -76.55684027790123, 38.862102623535506 ], [ -76.556847993950626, 38.862110339584838 ], [ -76.55685571, 38.86211805563417 ], [ -76.556863426049375, 38.862125771683509 ], [ -76.556871142098757, 38.862133487732841 ], [ -76.556878858148153, 38.862141203782166 ], [ -76.556886574197534, 38.862148919831498 ], [ -76.556894290246902, 38.862156635880837 ], [ -76.556913580370363, 38.862160493905506 ], [ -76.556944444567904, 38.862160493905506 ], [ -76.556963734691351, 38.862164351930176 ], [ -76.556971450740747, 38.8621720679795 ], [ -76.556979166790114, 38.862179784028839 ], [ -76.55698688283951, 38.862187500078164 ], [ -76.556998456913576, 38.862191358102834 ], [ -76.557013889012339, 38.862191358102834 ], [ -76.557025463086418, 38.862187500078164 ], [ -76.5570331791358, 38.862179784028839 ], [ -76.557040895185182, 38.8621720679795 ], [ -76.557048611234578, 38.862164351930176 ], [ -76.557075617407406, 38.862160493905506 ], [ -76.55712191370371, 38.862160493905506 ], [ -76.557148919876539, 38.862164351930176 ], [ -76.557156635925935, 38.8621720679795 ], [ -76.557164351975302, 38.862179784028839 ], [ -76.557172068024698, 38.862187500078164 ], [ -76.557183642098764, 38.862191358102834 ], [ -76.557199074197527, 38.862191358102834 ], [ -76.557210648271592, 38.862187500078164 ], [ -76.557218364320988, 38.862179784028839 ], [ -76.55722608037037, 38.8621720679795 ], [ -76.557233796419752, 38.862164351930176 ], [ -76.557253086543213, 38.862160493905506 ], [ -76.557283950740739, 38.862160493905506 ], [ -76.557303240864186, 38.862164351930176 ], [ -76.557310956913582, 38.8621720679795 ], [ -76.557318672962964, 38.862179784028839 ], [ -76.557326389012331, 38.862187500078164 ], [ -76.557345679135793, 38.862191358102834 ], [ -76.557376543333334, 38.862191358102834 ], [ -76.557395833456781, 38.862187500078164 ], [ -76.557403549506176, 38.862179784028839 ], [ -76.557411265555544, 38.8621720679795 ], [ -76.55741898160494, 38.862164351930176 ], [ -76.557426697654321, 38.862156635880837 ], [ -76.557434413703703, 38.862148919831498 ], [ -76.557442129753085, 38.862141203782166 ], [ -76.557449845802481, 38.862133487732841 ], [ -76.557457561851862, 38.862125771683509 ], [ -76.55746527790123, 38.86211805563417 ], [ -76.557472993950611, 38.862110339584838 ], [ -76.55748071, 38.862102623535506 ], [ -76.557492284074073, 38.862098765510837 ], [ -76.557507716172836, 38.862098765510837 ], [ -76.557519290246915, 38.862094907486167 ], [ -76.557527006296283, 38.862087191436842 ], [ -76.557534722345679, 38.862079475387503 ], [ -76.55754243839506, 38.862071759338178 ], [ -76.557550154444442, 38.862064043288839 ], [ -76.557557870493838, 38.862056327239507 ], [ -76.557565586543205, 38.862048611190176 ], [ -76.557573302592601, 38.862040895140836 ], [ -76.557608024814812, 38.862037037116174 ], [ -76.557669753209865, 38.862037037116174 ], [ -76.557704475432089, 38.862033179091505 ], [ -76.557712191481485, 38.86202546304218 ], [ -76.557719907530867, 38.862017746992848 ], [ -76.557727623580234, 38.862010030943509 ], [ -76.55773533962963, 38.86200231489417 ], [ -76.557743055679012, 38.861994598844845 ], [ -76.557750771728394, 38.861986882795506 ], [ -76.557758487777789, 38.861979166746181 ], [ -76.557766203827157, 38.861971450696842 ], [ -76.557773919876553, 38.861963734647517 ], [ -76.55778163592592, 38.861956018598178 ], [ -76.557789351975316, 38.861948302548846 ], [ -76.557797068024684, 38.861940586499514 ], [ -76.557804784074079, 38.861932870450175 ], [ -76.557808642098763, 38.861921296376181 ], [ -76.557808642098763, 38.86190586427751 ], [ -76.557812500123447, 38.861894290203509 ], [ -76.557820216172843, 38.861886574154184 ], [ -76.55782793222221, 38.861878858104845 ], [ -76.557835648271606, 38.86187114205552 ], [ -76.55783950629629, 38.861828703784184 ], [ -76.55783950629629, 38.86175154329085 ], [ -76.557843364320988, 38.861709105019521 ], [ -76.557851080370369, 38.861701388970189 ], [ -76.557858796419765, 38.86169367292085 ], [ -76.557866512469133, 38.861685956871526 ], [ -76.557874228518514, 38.861678240822187 ], [ -76.55788194456791, 38.861670524772862 ], [ -76.557893518641976, 38.861666666748192 ], [ -76.557908950740739, 38.861666666748192 ], [ -76.557920524814818, 38.861662808723523 ], [ -76.557928240864186, 38.861655092674191 ], [ -76.557932098888884, 38.861643518600189 ], [ -76.557932098888884, 38.861628086501526 ], [ -76.557928240864186, 38.861616512427531 ], [ -76.557920524814818, 38.861608796378192 ], [ -76.557912808765437, 38.861601080328853 ], [ -76.557905092716041, 38.861593364279528 ], [ -76.557905092716041, 38.861585648230189 ], [ -76.557912808765437, 38.861577932180865 ], [ -76.557920524814818, 38.861570216131526 ], [ -76.557928240864186, 38.861562500082186 ], [ -76.557935956913568, 38.861554784032855 ], [ -76.557943672962963, 38.86154706798353 ], [ -76.557970679135792, 38.86154320995886 ], [ -76.558016975432096, 38.86154320995886 ], [ -76.558043981604925, 38.861539351934198 ], [ -76.558051697654321, 38.861531635884859 ], [ -76.558055555679005, 38.861520061810864 ], [ -76.558055555679005, 38.861504629712194 ], [ -76.558059413703702, 38.861493055638192 ], [ -76.558067129753084, 38.861485339588867 ], [ -76.558078703827164, 38.861481481564198 ], [ -76.558094135925927, 38.861481481564198 ], [ -76.55810571, 38.861477623539528 ], [ -76.558113426049388, 38.861469907490203 ], [ -76.558117284074072, 38.86145061736687 ], [ -76.558117284074072, 38.861419753169528 ], [ -76.55812114209877, 38.861400463046195 ], [ -76.558128858148137, 38.86139274699687 ], [ -76.558136574197519, 38.861385030947531 ], [ -76.558144290246915, 38.861377314898206 ], [ -76.558152006296297, 38.861369598848867 ], [ -76.558159722345678, 38.861361882799535 ], [ -76.558194444567903, 38.861358024774866 ], [ -76.55825617296297, 38.861358024774866 ], [ -76.558290895185195, 38.861354166750203 ], [ -76.558298611234562, 38.861346450700864 ], [ -76.55830246925926, 38.861327160577531 ], [ -76.55830246925926, 38.861296296380203 ], [ -76.558306327283944, 38.86127700625687 ], [ -76.55831404333334, 38.861269290207531 ], [ -76.558321759382721, 38.861261574158199 ], [ -76.558329475432089, 38.861253858108874 ], [ -76.558337191481471, 38.861246142059542 ], [ -76.558344907530866, 38.861238426010203 ], [ -76.558352623580248, 38.861230709960871 ], [ -76.558360339629616, 38.861222993911547 ], [ -76.558364197654313, 38.861195987738881 ], [ -76.558364197654313, 38.861149691442876 ], [ -76.558368055679011, 38.86112268527021 ], [ -76.558375771728393, 38.861114969220878 ], [ -76.558383487777775, 38.861107253171539 ], [ -76.558391203827171, 38.861099537122215 ], [ -76.558398919876538, 38.861091821072876 ], [ -76.558406635925934, 38.861084105023551 ], [ -76.55841821, 38.861080246998881 ], [ -76.558433642098763, 38.861080246998881 ], [ -76.558445216172828, 38.861076388974212 ], [ -76.558452932222224, 38.86106867292488 ], [ -76.558456790246908, 38.861057098850878 ], [ -76.558456790246908, 38.861041666752214 ], [ -76.558460648271605, 38.86103009267822 ], [ -76.558468364320987, 38.861022376628881 ], [ -76.558479938395067, 38.861018518604219 ], [ -76.55849537049383, 38.861018518604219 ], [ -76.558506944567895, 38.861014660579549 ], [ -76.558514660617291, 38.861006944530217 ], [ -76.558522376666673, 38.860999228480878 ], [ -76.55853009271604, 38.860991512431553 ], [ -76.55854166679012, 38.860987654406884 ], [ -76.558557098888883, 38.860987654406884 ], [ -76.558568672962963, 38.860983796382214 ], [ -76.558576389012345, 38.86097608033289 ], [ -76.558580247037042, 38.860949074160217 ], [ -76.558580247037042, 38.860902777864226 ], [ -76.558584105061726, 38.860875771691553 ], [ -76.558591821111122, 38.860868055642214 ], [ -76.558599537160489, 38.860860339592882 ], [ -76.558607253209885, 38.860852623543558 ], [ -76.558614969259253, 38.860844907494226 ], [ -76.558622685308649, 38.860837191444887 ], [ -76.558657407530859, 38.860833333420224 ], [ -76.558719135925926, 38.860833333420224 ], [ -76.558753858148151, 38.860829475395555 ], [ -76.558761574197518, 38.860821759346223 ], [ -76.558765432222216, 38.860810185272221 ], [ -76.558765432222216, 38.860794753173558 ], [ -76.5587692902469, 38.860783179099556 ], [ -76.558777006296296, 38.860775463050231 ], [ -76.558784722345678, 38.860767747000892 ], [ -76.558792438395059, 38.860760030951553 ], [ -76.558800154444441, 38.860752314902221 ], [ -76.558807870493837, 38.860744598852897 ], [ -76.558819444567902, 38.860740740828227 ], [ -76.558834876666666, 38.860740740828227 ], [ -76.558846450740731, 38.860744598852897 ], [ -76.558854166790127, 38.860752314902221 ], [ -76.558858024814811, 38.860763888976223 ], [ -76.558858024814811, 38.860779321074894 ], [ -76.558861882839494, 38.860790895148895 ], [ -76.55886959888889, 38.86079861119822 ], [ -76.558877314938272, 38.860806327247559 ], [ -76.558885030987653, 38.860814043296884 ], [ -76.558892747037049, 38.860821759346223 ], [ -76.558900463086417, 38.860829475395555 ], [ -76.558912037160496, 38.860833333420224 ], [ -76.55892746925926, 38.860833333420224 ], [ -76.558939043333325, 38.860837191444887 ], [ -76.558946759382721, 38.860844907494226 ], [ -76.558954475432103, 38.860852623543558 ], [ -76.55896219148147, 38.860860339592882 ], [ -76.558996913703695, 38.860864197617552 ], [ -76.559058642098762, 38.860864197617552 ], [ -76.559093364320987, 38.860868055642214 ], [ -76.559101080370368, 38.860875771691553 ], [ -76.55910879641975, 38.860883487740892 ], [ -76.559116512469146, 38.860891203790217 ], [ -76.559143518641974, 38.860895061814887 ], [ -76.559189814938279, 38.860895061814887 ], [ -76.559216821111107, 38.860898919839556 ], [ -76.559224537160503, 38.860906635888881 ], [ -76.559232253209871, 38.86091435193822 ], [ -76.559239969259266, 38.860922067987559 ], [ -76.559247685308634, 38.860929784036891 ], [ -76.55925540135803, 38.860937500086216 ], [ -76.559263117407397, 38.860945216135548 ], [ -76.559270833456793, 38.860952932184887 ], [ -76.559320987777767, 38.860956790209549 ], [ -76.559413580370375, 38.860956790209549 ], [ -76.559463734691349, 38.860960648234219 ], [ -76.559471450740745, 38.860968364283551 ], [ -76.559479166790112, 38.86097608033289 ], [ -76.559486882839508, 38.860983796382214 ], [ -76.559498456913573, 38.860987654406884 ], [ -76.559513889012351, 38.860987654406884 ], [ -76.55952546308643, 38.860991512431553 ], [ -76.559533179135798, 38.860999228480878 ], [ -76.559540895185179, 38.861006944530217 ], [ -76.559548611234575, 38.861014660579549 ], [ -76.559575617407404, 38.861018518604219 ], [ -76.559621913703708, 38.861018518604219 ], [ -76.559648919876537, 38.861022376628881 ], [ -76.559656635925933, 38.86103009267822 ], [ -76.5596643519753, 38.861037808727552 ], [ -76.559672068024696, 38.861045524776877 ], [ -76.559679784074063, 38.861045524776877 ], [ -76.559687500123459, 38.861037808727552 ], [ -76.559695216172827, 38.86103009267822 ], [ -76.559702932222223, 38.861022376628881 ], [ -76.559710648271604, 38.861014660579549 ], [ -76.559718364320986, 38.861006944530217 ], [ -76.559722222345684, 38.860987654406884 ], [ -76.559722222345684, 38.860956790209549 ], [ -76.559726080370382, 38.860937500086216 ], [ -76.559733796419749, 38.860929784036891 ], [ -76.559741512469131, 38.860922067987559 ], [ -76.559749228518527, 38.86091435193822 ], [ -76.559756944567908, 38.860906635888881 ], [ -76.559764660617276, 38.860898919839556 ], [ -76.559776234691356, 38.860895061814887 ], [ -76.559791666790119, 38.860895061814887 ], [ -76.559803240864184, 38.860891203790217 ], [ -76.55981095691358, 38.860883487740892 ], [ -76.559818672962962, 38.860875771691553 ], [ -76.559826389012343, 38.860868055642214 ], [ -76.559861111234568, 38.860864197617552 ], [ -76.559922839629635, 38.860864197617552 ], [ -76.55995756185186, 38.860868055642214 ], [ -76.559965277901227, 38.860875771691553 ], [ -76.559969135925925, 38.860887345765555 ], [ -76.559969135925925, 38.860902777864219 ], [ -76.559972993950609, 38.86091435193822 ], [ -76.55998071, 38.860922067987559 ], [ -76.559988426049387, 38.860929784036891 ], [ -76.559996142098754, 38.860937500086216 ], [ -76.560003858148136, 38.860945216135548 ], [ -76.560011574197532, 38.860952932184887 ], [ -76.560084876666664, 38.860956790209549 ], [ -76.560223765555548, 38.860956790209549 ], [ -76.560297068024681, 38.860960648234219 ], [ -76.560304784074077, 38.860968364283551 ], [ -76.560312500123445, 38.86097608033289 ], [ -76.56032021617284, 38.860983796382214 ], [ -76.560339506296287, 38.860987654406884 ], [ -76.560370370493828, 38.860987654406884 ], [ -76.56038966061729, 38.860991512431553 ], [ -76.560397376666657, 38.860999228480878 ], [ -76.560405092716039, 38.861006944530217 ], [ -76.560412808765435, 38.861014660579549 ], [ -76.560420524814816, 38.861022376628881 ], [ -76.560428240864184, 38.86103009267822 ], [ -76.56043595691358, 38.861037808727552 ], [ -76.560443672962961, 38.861045524776877 ], [ -76.560451389012343, 38.861053240826209 ], [ -76.560459105061739, 38.861060956875548 ], [ -76.560466821111106, 38.86106867292488 ], [ -76.560474537160502, 38.861076388974212 ], [ -76.560486111234567, 38.861080246998881 ], [ -76.560501543333331, 38.861080246998881 ], [ -76.560513117407396, 38.861084105023551 ], [ -76.560520833456792, 38.861091821072876 ], [ -76.560524691481476, 38.861111111196209 ], [ -76.560524691481476, 38.861141975393537 ], [ -76.560528549506159, 38.86116126551687 ], [ -76.560536265555555, 38.861168981566209 ], [ -76.560547839629621, 38.861172839590878 ], [ -76.560563271728398, 38.861172839590878 ], [ -76.560574845802464, 38.861168981566209 ], [ -76.560582561851859, 38.86116126551687 ], [ -76.560590277901241, 38.861153549467538 ], [ -76.560597993950608, 38.861145833418213 ], [ -76.56060571, 38.861145833418213 ], [ -76.560613426049386, 38.861153549467538 ], [ -76.560621142098768, 38.86116126551687 ], [ -76.560628858148135, 38.861168981566209 ], [ -76.560640432222215, 38.861172839590878 ], [ -76.560655864320992, 38.861172839590878 ], [ -76.560667438395058, 38.861176697615548 ], [ -76.560675154444453, 38.861184413664873 ], [ -76.560679012469137, 38.861195987738874 ], [ -76.560679012469137, 38.861211419837545 ], [ -76.560682870493821, 38.861222993911547 ], [ -76.560690586543217, 38.861230709960871 ], [ -76.560698302592584, 38.861238426010203 ], [ -76.56070601864198, 38.861246142059542 ], [ -76.560713734691348, 38.861253858108874 ], [ -76.560721450740743, 38.861261574158199 ], [ -76.560729166790111, 38.861269290207531 ], [ -76.560736882839507, 38.86127700625687 ], [ -76.56074074086419, 38.861296296380203 ], [ -76.56074074086419, 38.861327160577531 ], [ -76.560744598888888, 38.861346450700864 ], [ -76.56075231493827, 38.861354166750203 ], [ -76.56076388901235, 38.861358024774866 ], [ -76.560779321111113, 38.861358024774866 ], [ -76.560790895185193, 38.861361882799535 ], [ -76.56079861123456, 38.861369598848867 ], [ -76.560806327283942, 38.861377314898206 ], [ -76.560814043333338, 38.861385030947531 ], [ -76.560821759382719, 38.86139274699687 ], [ -76.560829475432087, 38.861400463046195 ], [ -76.560837191481468, 38.861408179095534 ], [ -76.560844907530864, 38.861415895144866 ], [ -76.560852623580246, 38.861423611194198 ], [ -76.560860339629627, 38.861431327243537 ], [ -76.560868055679009, 38.861439043292869 ], [ -76.560875771728405, 38.861446759342194 ], [ -76.560883487777772, 38.861454475391525 ], [ -76.560891203827168, 38.861462191440864 ], [ -76.560895061851852, 38.861473765514866 ], [ -76.560895061851852, 38.86148919761353 ], [ -76.560898919876536, 38.861500771687531 ], [ -76.560906635925932, 38.861508487736856 ], [ -76.560914351975299, 38.861516203786195 ], [ -76.560922068024695, 38.861523919835527 ], [ -76.560925926049379, 38.86154320995886 ], [ -76.560925926049379, 38.861574074156195 ], [ -76.560929784074062, 38.861593364279528 ], [ -76.560937500123458, 38.861601080328853 ], [ -76.56094521617284, 38.861608796378192 ], [ -76.560952932222222, 38.861616512427531 ], [ -76.560956790246919, 38.861628086501526 ], [ -76.560956790246919, 38.861643518600189 ], [ -76.560960648271617, 38.861655092674191 ], [ -76.560968364320985, 38.861662808723523 ], [ -76.560979938395064, 38.861666666748192 ], [ -76.560995370493828, 38.861666666748192 ], [ -76.561006944567893, 38.861670524772862 ], [ -76.561014660617289, 38.861678240822187 ], [ -76.561022376666671, 38.861685956871526 ], [ -76.561030092716038, 38.86169367292085 ], [ -76.56103780876542, 38.861701388970189 ], [ -76.561045524814816, 38.861709105019521 ], [ -76.561053240864197, 38.861716821068853 ], [ -76.561060956913579, 38.861724537118192 ], [ -76.561068672962961, 38.861732253167524 ], [ -76.561076389012356, 38.861739969216849 ], [ -76.561084105061724, 38.861747685266181 ], [ -76.56109182111112, 38.86175540131552 ], [ -76.561099537160487, 38.861763117364852 ], [ -76.561107253209883, 38.861770833414184 ], [ -76.561111111234567, 38.861782407488185 ], [ -76.561111111234567, 38.861797839586849 ], [ -76.561114969259251, 38.861809413660851 ], [ -76.561122685308646, 38.861817129710182 ], [ -76.561157407530857, 38.861820987734852 ], [ -76.561219135925924, 38.861820987734852 ], [ -76.561253858148149, 38.861817129710182 ], [ -76.56126157419753, 38.861809413660851 ], [ -76.561269290246912, 38.861801697611511 ], [ -76.561277006296308, 38.861793981562187 ], [ -76.561304012469137, 38.861790123537517 ], [ -76.561350308765441, 38.861790123537517 ], [ -76.561377314938269, 38.861786265512848 ], [ -76.561385030987665, 38.861778549463523 ], [ -76.561392747037047, 38.861770833414184 ], [ -76.561400463086414, 38.861763117364852 ], [ -76.561419753209876, 38.861759259340182 ], [ -76.561450617407402, 38.861759259340182 ], [ -76.561469907530864, 38.861763117364852 ], [ -76.561477623580245, 38.861770833414184 ], [ -76.561485339629627, 38.861778549463523 ], [ -76.561493055679023, 38.861786265512848 ], [ -76.56150077172839, 38.861793981562187 ], [ -76.561508487777786, 38.861801697611511 ], [ -76.561516203827154, 38.861809413660851 ], [ -76.561523919876549, 38.861817129710182 ], [ -76.561535493950615, 38.861820987734852 ], [ -76.561550926049378, 38.861820987734852 ], [ -76.561562500123443, 38.861824845759514 ], [ -76.561570216172839, 38.861832561808853 ], [ -76.561577932222221, 38.861840277858185 ], [ -76.561585648271603, 38.86184799390751 ], [ -76.561604938395064, 38.86185185193218 ], [ -76.56163580259259, 38.86185185193218 ], [ -76.561655092716052, 38.861855709956842 ], [ -76.561662808765419, 38.861863426006181 ], [ -76.561662808765419, 38.86187114205552 ], [ -76.561655092716052, 38.861878858104845 ], [ -76.56164737666667, 38.861886574154184 ], [ -76.561639660617274, 38.861894290203509 ], [ -76.56163580259259, 38.86190586427751 ], [ -76.56163580259259, 38.861921296376181 ], [ -76.561631944567893, 38.861932870450175 ], [ -76.561624228518525, 38.861940586499514 ], [ -76.561616512469143, 38.861948302548846 ], [ -76.561608796419748, 38.861956018598178 ], [ -76.561601080370366, 38.861963734647517 ], [ -76.561593364320998, 38.861971450696842 ], [ -76.561585648271603, 38.861979166746181 ], [ -76.561577932222221, 38.861986882795506 ], [ -76.561570216172839, 38.861994598844845 ], [ -76.561562500123443, 38.86200231489417 ], [ -76.561550926049378, 38.862006172918839 ], [ -76.561535493950615, 38.862006172918839 ], [ -76.561523919876549, 38.862010030943509 ], [ -76.561516203827154, 38.862017746992848 ], [ -76.561508487777786, 38.86202546304218 ], [ -76.56150077172839, 38.862033179091505 ], [ -76.561493055679023, 38.862040895140836 ], [ -76.561485339629627, 38.862048611190176 ], [ -76.561481481604943, 38.862067901313509 ], [ -76.561481481604943, 38.862098765510837 ], [ -76.561485339629627, 38.86211805563417 ], [ -76.561493055679023, 38.862125771683509 ], [ -76.56150077172839, 38.862133487732841 ], [ -76.561508487777786, 38.862141203782166 ], [ -76.561516203827154, 38.862148919831498 ], [ -76.561523919876549, 38.862156635880837 ], [ -76.561535493950615, 38.862160493905506 ], [ -76.561550926049378, 38.862160493905506 ], [ -76.561562500123443, 38.862164351930176 ], [ -76.561570216172839, 38.8621720679795 ], [ -76.561574074197523, 38.862199074152173 ], [ -76.561574074197523, 38.862245370448164 ], [ -76.561577932222221, 38.862272376620837 ], [ -76.561585648271603, 38.862280092670161 ], [ -76.561597222345682, 38.862283950694831 ], [ -76.561612654444446, 38.862283950694831 ], [ -76.561624228518525, 38.862287808719501 ], [ -76.561631944567893, 38.862295524768825 ], [ -76.56163580259259, 38.862314814892159 ], [ -76.56163580259259, 38.862345679089501 ], [ -76.561639660617274, 38.862364969212834 ], [ -76.56164737666667, 38.862372685262159 ], [ -76.561658950740735, 38.862376543286828 ], [ -76.561674382839513, 38.862376543286828 ], [ -76.561685956913578, 38.862380401311498 ], [ -76.561693672962974, 38.862388117360823 ], [ -76.561697530987658, 38.862399691434824 ], [ -76.561697530987658, 38.862415123533495 ], [ -76.561701389012342, 38.862426697607496 ], [ -76.561709105061738, 38.862434413656821 ], [ -76.561716821111105, 38.862442129706153 ], [ -76.561724537160501, 38.862449845755492 ], [ -76.561728395185185, 38.862469135878825 ], [ -76.561728395185185, 38.862500000076153 ], [ -76.561732253209868, 38.862519290199486 ], [ -76.561739969259264, 38.862527006248826 ], [ -76.56175154333333, 38.862530864273488 ], [ -76.561766975432093, 38.862530864273488 ], [ -76.561778549506172, 38.862534722298157 ], [ -76.561786265555554, 38.862542438347482 ], [ -76.561790123580252, 38.862569444520147 ], [ -76.561790123580252, 38.862615740816153 ], [ -76.561786265555554, 38.862642746988818 ], [ -76.561778549506172, 38.86265046303815 ], [ -76.561759259382711, 38.86265432106282 ], [ -76.561728395185185, 38.86265432106282 ], [ -76.561709105061738, 38.862658179087489 ], [ -76.561701389012342, 38.862665895136814 ], [ -76.561697530987658, 38.862685185260148 ], [ -76.561697530987658, 38.862716049457475 ], [ -76.561693672962974, 38.862735339580809 ], [ -76.561685956913578, 38.862743055630148 ], [ -76.561678240864197, 38.86275077167948 ], [ -76.561670524814815, 38.862758487728811 ], [ -76.561666666790117, 38.862770061802813 ], [ -76.561666666790117, 38.862785493901477 ], [ -76.561662808765419, 38.862797067975478 ], [ -76.561655092716052, 38.86280478402481 ], [ -76.56164737666667, 38.862812500074142 ], [ -76.561639660617274, 38.862820216123481 ], [ -76.561631944567893, 38.862827932172813 ], [ -76.561624228518525, 38.862835648222138 ], [ -76.561616512469143, 38.86284336427147 ], [ -76.561608796419748, 38.862851080320809 ], [ -76.561608796419748, 38.862858796370148 ], [ -76.561616512469143, 38.862866512419473 ], [ -76.561624228518525, 38.862874228468812 ], [ -76.561631944567893, 38.862881944518136 ], [ -76.56163580259259, 38.86290123464147 ], [ -76.56163580259259, 38.862932098838797 ], [ -76.561631944567893, 38.862951388962131 ], [ -76.561624228518525, 38.86295910501147 ], [ -76.561616512469143, 38.862966821060809 ], [ -76.561608796419748, 38.862974537110134 ], [ -76.561601080370366, 38.862982253159473 ], [ -76.561593364320998, 38.862989969208797 ], [ -76.561585648271603, 38.862997685258136 ], [ -76.561577932222221, 38.863005401307475 ], [ -76.561577932222221, 38.863013117356807 ], [ -76.561585648271603, 38.863020833406132 ], [ -76.561593364320998, 38.863028549455464 ], [ -76.561601080370366, 38.863036265504803 ], [ -76.561604938395064, 38.863047839578797 ], [ -76.561604938395064, 38.863063271677468 ], [ -76.561608796419748, 38.86307484575147 ], [ -76.561616512469143, 38.863082561800795 ], [ -76.561624228518525, 38.863090277850134 ], [ -76.561631944567893, 38.863097993899466 ], [ -76.561639660617274, 38.863105709948798 ], [ -76.56164737666667, 38.863113425998137 ], [ -76.561655092716052, 38.863121142047468 ], [ -76.561662808765419, 38.863128858096793 ], [ -76.561670524814815, 38.863136574146125 ], [ -76.561678240864197, 38.863144290195464 ], [ -76.561685956913578, 38.863152006244803 ], [ -76.561693672962974, 38.863159722294128 ], [ -76.561701389012342, 38.863167438343467 ], [ -76.561709105061738, 38.863175154392792 ], [ -76.561716821111105, 38.863182870442131 ], [ -76.561724537160501, 38.863190586491456 ], [ -76.561732253209868, 38.863198302540795 ], [ -76.561739969259264, 38.863206018590127 ], [ -76.56175154333333, 38.863209876614796 ], [ -76.561766975432093, 38.863209876614796 ], [ -76.561778549506172, 38.863213734639459 ], [ -76.561786265555554, 38.863221450688798 ], [ -76.56179398160495, 38.86322916673813 ], [ -76.561801697654317, 38.863236882787454 ], [ -76.561809413703699, 38.863244598836786 ], [ -76.561817129753095, 38.863252314886125 ], [ -76.561824845802477, 38.863260030935464 ], [ -76.561832561851844, 38.863267746984789 ], [ -76.561840277901226, 38.863275463034128 ], [ -76.561847993950622, 38.863283179083453 ], [ -76.56185571, 38.863290895132792 ], [ -76.561863426049371, 38.863298611182131 ], [ -76.56187500012345, 38.863302469206793 ], [ -76.561890432222228, 38.863302469206793 ], [ -76.561902006296293, 38.863306327231463 ], [ -76.561909722345689, 38.863314043280788 ], [ -76.561917438395056, 38.86332175933012 ], [ -76.561925154444452, 38.863329475379459 ], [ -76.561944444567899, 38.863333333404121 ], [ -76.56197530876544, 38.863333333404121 ], [ -76.561994598888901, 38.863337191428791 ], [ -76.562002314938269, 38.863344907478123 ], [ -76.562010030987651, 38.863352623527462 ], [ -76.562017747037046, 38.863360339576786 ], [ -76.562025463086428, 38.863368055626125 ], [ -76.562033179135796, 38.86337577167545 ], [ -76.562037037160493, 38.863402777848123 ], [ -76.562037037160493, 38.863449074144114 ], [ -76.562040895185177, 38.863476080316786 ], [ -76.562048611234573, 38.863483796366111 ], [ -76.562056327283955, 38.86349151241545 ], [ -76.562064043333322, 38.863499228464782 ], [ -76.562071759382704, 38.863506944514114 ], [ -76.5620794754321, 38.863514660563453 ], [ -76.562087191481481, 38.863522376612785 ], [ -76.562094907530863, 38.86353009266211 ], [ -76.562098765555561, 38.863541666736111 ], [ -76.562098765555561, 38.863557098834782 ], [ -76.562102623580245, 38.863568672908784 ], [ -76.562110339629641, 38.863576388958109 ], [ -76.562121913703706, 38.863580246982778 ], [ -76.562137345802469, 38.863580246982778 ], [ -76.562148919876535, 38.863584105007448 ], [ -76.56215663592593, 38.863591821056787 ], [ -76.562160493950614, 38.86361111118012 ], [ -76.562160493950614, 38.863641975377448 ], [ -76.562164351975298, 38.863661265500781 ], [ -76.562172068024694, 38.863668981550106 ], [ -76.562179784074061, 38.863676697599445 ], [ -76.562187500123457, 38.86368441364877 ], [ -76.562195216172839, 38.863692129698109 ], [ -76.56220293222222, 38.863699845747448 ], [ -76.562210648271602, 38.86370756179678 ], [ -76.562218364320998, 38.863715277846104 ], [ -76.56222608037038, 38.863722993895436 ], [ -76.562233796419747, 38.863730709944775 ], [ -76.562245370493827, 38.863734567969438 ], [ -76.56226080259259, 38.863734567969438 ], [ -76.562272376666655, 38.863738425994107 ], [ -76.562280092716051, 38.863746142043439 ], [ -76.562283950740735, 38.863757716117441 ], [ -76.562283950740735, 38.863773148216104 ], [ -76.562287808765433, 38.863784722290106 ], [ -76.562295524814814, 38.863792438339438 ], [ -76.562303240864196, 38.86380015438877 ], [ -76.562310956913592, 38.863807870438109 ], [ -76.562318672962959, 38.863815586487441 ], [ -76.562326389012355, 38.863823302536765 ], [ -76.562345679135802, 38.863827160561435 ], [ -76.562376543333329, 38.863827160561435 ], [ -76.56239583345679, 38.863823302536765 ], [ -76.562403549506172, 38.863815586487441 ], [ -76.562411265555554, 38.863807870438109 ], [ -76.562418981604949, 38.86380015438877 ], [ -76.562445987777778, 38.863796296364107 ], [ -76.562492284074082, 38.863796296364107 ], [ -76.562519290246911, 38.86380015438877 ], [ -76.562527006296307, 38.863807870438109 ], [ -76.562534722345674, 38.863815586487441 ], [ -76.56254243839507, 38.863823302536765 ], [ -76.562554012469136, 38.863827160561435 ], [ -76.562569444567899, 38.863827160561435 ], [ -76.562581018641964, 38.863831018586097 ], [ -76.56258873469136, 38.863838734635436 ], [ -76.562596450740728, 38.863846450684775 ], [ -76.562604166790123, 38.8638541667341 ], [ -76.562611882839505, 38.863861882783439 ], [ -76.562619598888887, 38.863869598832764 ], [ -76.562627314938283, 38.863877314882103 ], [ -76.56263503098765, 38.863885030931442 ], [ -76.562642747037032, 38.863892746980774 ], [ -76.562650463086428, 38.863900463030099 ], [ -76.562658179135809, 38.863908179079431 ], [ -76.562665895185177, 38.86391589512877 ], [ -76.562673611234558, 38.863923611178102 ], [ -76.562681327283954, 38.863931327227426 ], [ -76.562689043333336, 38.863939043276758 ], [ -76.562696759382703, 38.863946759326097 ], [ -76.562708333456783, 38.863950617350767 ], [ -76.56272376555556, 38.863950617350767 ], [ -76.562735339629626, 38.863954475375436 ], [ -76.562743055679022, 38.863962191424761 ], [ -76.562746913703705, 38.863996913646766 ], [ -76.562746913703705, 38.864058642041428 ], [ -76.562750771728389, 38.864093364263425 ], [ -76.562758487777785, 38.864101080312764 ], [ -76.56277006185185, 38.864104938337427 ], [ -76.562785493950614, 38.864104938337427 ], [ -76.562797068024679, 38.864108796362096 ], [ -76.562804784074075, 38.864116512411421 ], [ -76.562808642098759, 38.864128086485422 ], [ -76.562808642098759, 38.864143518584093 ], [ -76.562812500123457, 38.864155092658095 ], [ -76.562820216172838, 38.86416280870742 ], [ -76.562827932222234, 38.864170524756759 ], [ -76.562835648271601, 38.864178240806083 ], [ -76.562843364320983, 38.864185956855422 ], [ -76.562851080370379, 38.864193672904754 ], [ -76.562858796419761, 38.864201388954086 ], [ -76.562866512469128, 38.864209105003425 ], [ -76.56287422851851, 38.864216821052757 ], [ -76.562881944567906, 38.864224537102082 ], [ -76.562889660617287, 38.864232253151414 ], [ -76.562897376666655, 38.864239969200753 ], [ -76.562905092716036, 38.864247685250092 ], [ -76.562912808765432, 38.864255401299417 ], [ -76.562920524814814, 38.864263117348756 ], [ -76.562928240864196, 38.864270833398081 ], [ -76.562932098888894, 38.864282407472082 ], [ -76.562932098888894, 38.864297839570753 ], [ -76.562935956913577, 38.864309413644747 ], [ -76.562943672962973, 38.864317129694086 ], [ -76.562951389012341, 38.864324845743418 ], [ -76.562959105061736, 38.86433256179275 ], [ -76.562966821111104, 38.864340277842089 ], [ -76.5629745371605, 38.864347993891414 ], [ -76.562982253209867, 38.864355709940753 ], [ -76.562989969259263, 38.864363425990078 ], [ -76.56299768530863, 38.864371142039417 ], [ -76.563005401358026, 38.864378858088742 ], [ -76.563013117407408, 38.864386574138081 ], [ -76.56302083345679, 38.86439429018742 ], [ -76.563024691481488, 38.864429012409417 ], [ -76.563024691481488, 38.864490740804072 ], [ -76.563028549506186, 38.864525463026069 ], [ -76.563036265555553, 38.864533179075408 ], [ -76.563043981604935, 38.864540895124748 ], [ -76.56305169765433, 38.864548611174072 ], [ -76.563059413703712, 38.864556327223411 ], [ -76.56306712975308, 38.864564043272736 ], [ -76.563074845802461, 38.864571759322075 ], [ -76.563082561851857, 38.864579475371414 ], [ -76.563090277901239, 38.864587191420746 ], [ -76.563097993950606, 38.864594907470071 ], [ -76.563105709999988, 38.864602623519403 ], [ -76.563113426049384, 38.864610339568742 ], [ -76.563117284074067, 38.864621913642736 ], [ -76.563117284074067, 38.864637345741407 ], [ -76.563121142098765, 38.864648919815409 ], [ -76.563128858148147, 38.864656635864733 ], [ -76.563136574197529, 38.864664351914072 ], [ -76.563144290246925, 38.864672067963397 ], [ -76.563152006296292, 38.864679784012736 ], [ -76.563159722345688, 38.864687500062075 ], [ -76.563167438395055, 38.864695216111407 ], [ -76.563175154444451, 38.864702932160732 ], [ -76.563179012469135, 38.864714506234733 ], [ -76.563179012469135, 38.864729938333404 ], [ -76.563182870493819, 38.864741512407406 ], [ -76.563190586543215, 38.864749228456731 ], [ -76.563198302592582, 38.86475694450607 ], [ -76.563206018641978, 38.864764660555394 ], [ -76.563209876666662, 38.864783950678728 ], [ -76.563209876666662, 38.86481481487607 ], [ -76.563213734691345, 38.864834104999403 ], [ -76.563221450740741, 38.864841821048728 ], [ -76.563229166790123, 38.864849537098067 ], [ -76.563236882839504, 38.864857253147392 ], [ -76.563244598888886, 38.864864969196731 ], [ -76.563252314938282, 38.864872685246056 ], [ -76.563260030987664, 38.864880401295395 ], [ -76.563267747037031, 38.864888117344726 ], [ -76.563271605061729, 38.86490740746806 ], [ -76.563271605061729, 38.864938271665395 ], [ -76.563275463086413, 38.864957561788728 ], [ -76.563283179135809, 38.864965277838053 ], [ -76.56329089518519, 38.864972993887392 ], [ -76.563298611234558, 38.864980709936731 ], [ -76.563306327283939, 38.864988425986063 ], [ -76.563314043333335, 38.864996142035388 ], [ -76.563321759382717, 38.865003858084719 ], [ -76.563329475432084, 38.865011574134058 ], [ -76.563333333456782, 38.865023148208053 ], [ -76.563333333456782, 38.865038580306724 ], [ -76.56333719148148, 38.865050154380725 ], [ -76.563344907530862, 38.86505787043005 ], [ -76.563352623580244, 38.865065586479389 ], [ -76.563360339629639, 38.865073302528721 ], [ -76.563364197654323, 38.865092592652054 ], [ -76.563364197654323, 38.865123456849389 ], [ -76.563368055679007, 38.865142746972722 ], [ -76.563375771728403, 38.865150463022047 ], [ -76.563387345802468, 38.865154321046717 ], [ -76.563402777901231, 38.865154321046717 ], [ -76.563414351975297, 38.865158179071386 ], [ -76.563422068024693, 38.865165895120711 ], [ -76.563425926049376, 38.865185185244044 ], [ -76.563425926049376, 38.865216049441386 ], [ -76.563429784074074, 38.86523533956472 ], [ -76.563437500123456, 38.865243055614044 ], [ -76.563445216172838, 38.865250771663383 ], [ -76.563452932222233, 38.865258487712708 ], [ -76.563456790246917, 38.86527006178671 ], [ -76.563456790246917, 38.865285493885381 ], [ -76.563460648271615, 38.865297067959375 ], [ -76.563468364320983, 38.865304784008714 ], [ -76.563476080370364, 38.865312500058046 ], [ -76.56348379641976, 38.865320216107378 ], [ -76.563487654444444, 38.865354938329375 ], [ -76.563487654444444, 38.865416666724045 ], [ -76.563491512469142, 38.865451388946042 ], [ -76.563499228518509, 38.865459104995367 ], [ -76.563510802592589, 38.865462963020036 ], [ -76.563526234691352, 38.865462963020036 ], [ -76.563537808765432, 38.865466821044706 ], [ -76.563545524814813, 38.865474537094038 ], [ -76.563549382839511, 38.865501543266703 ], [ -76.563549382839511, 38.865547839562709 ], [ -76.563553240864195, 38.865574845735374 ], [ -76.563560956913591, 38.865582561784699 ], [ -76.563568672962958, 38.865590277834031 ], [ -76.563576389012354, 38.86559799388337 ], [ -76.563584105061722, 38.865605709932701 ], [ -76.563591821111117, 38.865613425982026 ], [ -76.563599537160485, 38.865621142031358 ], [ -76.563607253209881, 38.865628858080697 ], [ -76.563611111234565, 38.865640432154699 ], [ -76.563611111234565, 38.865655864253362 ], [ -76.563614969259248, 38.865667438327364 ], [ -76.563622685308644, 38.865675154376703 ], [ -76.563630401358012, 38.865682870426035 ], [ -76.563638117407407, 38.86569058647536 ], [ -76.563641975432091, 38.865725308697364 ], [ -76.563641975432091, 38.865787037092026 ], [ -76.563645833456789, 38.865821759314031 ], [ -76.563653549506171, 38.865829475363356 ], [ -76.563661265555567, 38.865837191412695 ], [ -76.563668981604934, 38.865844907462019 ], [ -76.563672839629632, 38.865856481536021 ], [ -76.563672839629632, 38.865871913634692 ], [ -76.563676697654316, 38.865883487708686 ], [ -76.563684413703712, 38.865891203758025 ], [ -76.563692129753093, 38.865898919807357 ], [ -76.563699845802461, 38.865906635856682 ], [ -76.563703703827159, 38.865925925980015 ], [ -76.563703703827159, 38.865956790177357 ], [ -76.563707561851842, 38.86597608030069 ], [ -76.563715277901238, 38.865983796350015 ], [ -76.56372299395062, 38.865991512399347 ], [ -76.563730709999987, 38.865999228448686 ], [ -76.563734568024685, 38.866026234621351 ], [ -76.563734568024685, 38.866072530917343 ], [ -76.563738426049383, 38.866099537090008 ], [ -76.563746142098765, 38.866107253139347 ], [ -76.563753858148146, 38.866114969188679 ], [ -76.563761574197542, 38.866122685238011 ], [ -76.563765432222226, 38.866134259312012 ], [ -76.563765432222226, 38.866149691410676 ], [ -76.56376929024691, 38.866161265484678 ], [ -76.563777006296306, 38.86616898153401 ], [ -76.563784722345673, 38.866176697583342 ], [ -76.563792438395069, 38.866184413632681 ], [ -76.563796296419753, 38.866219135854678 ], [ -76.563796296419753, 38.866280864249333 ], [ -76.563800154444436, 38.86631558647133 ], [ -76.563807870493832, 38.866323302520669 ], [ -76.5638155865432, 38.866331018570008 ], [ -76.563823302592596, 38.866338734619333 ], [ -76.563827160617279, 38.866358024742667 ], [ -76.563827160617279, 38.866388888940001 ], [ -76.563831018641963, 38.866408179063335 ], [ -76.563838734691359, 38.866415895112667 ], [ -76.563846450740741, 38.866423611162006 ], [ -76.563854166790122, 38.86643132721133 ], [ -76.563861882839518, 38.866439043260669 ], [ -76.563869598888886, 38.866446759309994 ], [ -76.563881172962965, 38.866450617334664 ], [ -76.563896605061728, 38.866450617334664 ], [ -76.563908179135794, 38.866454475359333 ], [ -76.56391589518519, 38.866462191408665 ], [ -76.563923611234571, 38.866469907457997 ], [ -76.563931327283939, 38.866477623507336 ], [ -76.5639506174074, 38.866481481531999 ], [ -76.563981481604941, 38.866481481531999 ], [ -76.564000771728388, 38.866485339556668 ], [ -76.564008487777784, 38.866493055605993 ], [ -76.564016203827151, 38.866500771655325 ], [ -76.564023919876547, 38.866508487704664 ], [ -76.564031635925915, 38.866516203754003 ], [ -76.56403935197531, 38.866523919803328 ], [ -76.56404321, 38.866558642025325 ], [ -76.56404321, 38.866620370419994 ], [ -76.564047068024692, 38.866655092641992 ], [ -76.564054784074074, 38.866662808691331 ], [ -76.56406250012347, 38.866670524740663 ], [ -76.564070216172837, 38.866678240789987 ], [ -76.564077932222219, 38.866685956839319 ], [ -76.564085648271615, 38.866693672888658 ], [ -76.564093364320996, 38.866693672888658 ], [ -76.564101080370364, 38.866685956839319 ], [ -76.564108796419745, 38.866678240789987 ], [ -76.564116512469141, 38.866670524740663 ], [ -76.564151234691366, 38.866666666715993 ], [ -76.564212963086419, 38.866666666715993 ], [ -76.564247685308629, 38.866670524740663 ], [ -76.564255401358025, 38.866678240789987 ], [ -76.564263117407407, 38.866685956839319 ], [ -76.564270833456789, 38.866693672888658 ], [ -76.564282407530868, 38.866697530913321 ], [ -76.564297839629631, 38.866697530913321 ], [ -76.564309413703697, 38.86670138893799 ], [ -76.564317129753093, 38.866709104987322 ], [ -76.564320987777776, 38.866720679061324 ], [ -76.564320987777776, 38.866736111159987 ], [ -76.564317129753093, 38.866747685233989 ], [ -76.564309413703697, 38.866755401283321 ], [ -76.564301697654315, 38.866763117332653 ], [ -76.564293981604948, 38.866770833381992 ], [ -76.564286265555566, 38.866778549431324 ], [ -76.56427854950617, 38.866786265480648 ], [ -76.564270833456789, 38.86679398152998 ], [ -76.564263117407407, 38.866801697579319 ], [ -76.564259259382709, 38.866813271653314 ], [ -76.564259259382709, 38.866828703751985 ], [ -76.564255401358025, 38.866840277825986 ], [ -76.564247685308629, 38.866847993875311 ], [ -76.564239969259262, 38.86685570992465 ], [ -76.564232253209866, 38.866863425973982 ], [ -76.564224537160499, 38.866871142023314 ], [ -76.564216821111103, 38.866878858072653 ], [ -76.564209105061735, 38.866886574121985 ], [ -76.564201389012339, 38.866894290171309 ], [ -76.564197530987656, 38.866905864245311 ], [ -76.564197530987656, 38.866921296343982 ], [ -76.564201389012339, 38.866932870417983 ], [ -76.564209105061735, 38.866940586467308 ], [ -76.564216821111103, 38.866948302516647 ], [ -76.564224537160499, 38.866956018565986 ], [ -76.564232253209866, 38.866963734615318 ], [ -76.564239969259262, 38.866971450664643 ], [ -76.564247685308629, 38.866979166713975 ], [ -76.564255401358025, 38.866986882763314 ], [ -76.564255401358025, 38.866994598812646 ], [ -76.564247685308629, 38.867002314861978 ], [ -76.564239969259262, 38.867010030911317 ], [ -76.564232253209866, 38.867017746960641 ], [ -76.564224537160499, 38.867025463009981 ], [ -76.564216821111103, 38.867033179059305 ], [ -76.564209105061735, 38.867040895108644 ], [ -76.564201389012339, 38.867048611157969 ], [ -76.564197530987656, 38.867091049429305 ], [ -76.564197530987656, 38.867168209922639 ], [ -76.564201389012339, 38.867210648193975 ], [ -76.564209105061735, 38.8672183642433 ], [ -76.564216821111103, 38.867226080292639 ], [ -76.564224537160499, 38.867233796341964 ], [ -76.564228395185182, 38.867245370415965 ], [ -76.564228395185182, 38.867260802514636 ], [ -76.564224537160499, 38.86727237658863 ], [ -76.564216821111103, 38.867280092637969 ], [ -76.564209105061735, 38.867287808687301 ], [ -76.564201389012339, 38.867295524736626 ], [ -76.564197530987656, 38.867322530909291 ], [ -76.564197530987656, 38.867368827205297 ], [ -76.564201389012339, 38.867395833377962 ], [ -76.564209105061735, 38.867403549427294 ], [ -76.564216821111103, 38.867411265476633 ], [ -76.564224537160499, 38.867418981525958 ], [ -76.564228395185182, 38.867438271649291 ], [ -76.564228395185182, 38.867469135846619 ], [ -76.564232253209866, 38.867488425969952 ], [ -76.564239969259262, 38.867496142019291 ], [ -76.564247685308629, 38.867503858068623 ], [ -76.564255401358025, 38.867511574117955 ], [ -76.564259259382709, 38.867523148191957 ], [ -76.564259259382709, 38.867538580290621 ], [ -76.564255401358025, 38.867550154364622 ], [ -76.564247685308629, 38.867557870413954 ], [ -76.564239969259262, 38.867565586463286 ], [ -76.564232253209866, 38.867573302512625 ], [ -76.564228395185182, 38.867584876586619 ], [ -76.564228395185182, 38.86760030868529 ], [ -76.564232253209866, 38.867611882759292 ], [ -76.564239969259262, 38.867619598808616 ], [ -76.564247685308629, 38.867627314857955 ], [ -76.564255401358025, 38.86763503090728 ], [ -76.564259259382709, 38.867646604981282 ], [ -76.564259259382709, 38.867662037079953 ], [ -76.564263117407407, 38.867673611153947 ], [ -76.564270833456789, 38.867681327203286 ], [ -76.564282407530868, 38.867685185227948 ], [ -76.564297839629631, 38.867685185227948 ], [ -76.564309413703697, 38.867689043252618 ], [ -76.564317129753093, 38.86769675930195 ], [ -76.564320987777776, 38.867708333375951 ], [ -76.564320987777776, 38.867723765474615 ], [ -76.564324845802474, 38.867735339548616 ], [ -76.564332561851842, 38.867743055597941 ], [ -76.564340277901223, 38.86775077164728 ], [ -76.564347993950619, 38.867758487696619 ], [ -76.56435571, 38.867766203745951 ], [ -76.564363426049368, 38.867773919795276 ], [ -76.564371142098764, 38.867781635844608 ], [ -76.564378858148146, 38.867789351893947 ], [ -76.564386574197528, 38.867797067943279 ], [ -76.564394290246923, 38.867804783992611 ], [ -76.564405864320989, 38.86780864201728 ], [ -76.564421296419752, 38.86780864201728 ], [ -76.564432870493818, 38.86781250004195 ], [ -76.564440586543213, 38.867820216091275 ], [ -76.564444444567897, 38.867885802510607 ], [ -76.564444444567897, 38.868009259299939 ], [ -76.564448302592581, 38.868074845719264 ], [ -76.564456018641977, 38.868082561768603 ], [ -76.564513889012346, 38.868086419793265 ], [ -76.564621913703689, 38.868086419793265 ], [ -76.564679784074073, 38.868090277817934 ], [ -76.564687500123455, 38.868097993867266 ], [ -76.564695216172851, 38.868105709916605 ], [ -76.564702932222218, 38.86811342596593 ], [ -76.564776234691351, 38.8681172839906 ], [ -76.564915123580249, 38.8681172839906 ], [ -76.564988426049382, 38.868121142015269 ], [ -76.564996142098764, 38.868128858064594 ], [ -76.565003858148145, 38.868136574113933 ], [ -76.565011574197541, 38.868144290163265 ], [ -76.565019290246909, 38.868144290163265 ], [ -76.565027006296305, 38.868136574113933 ], [ -76.565034722345672, 38.868128858064594 ], [ -76.565042438395068, 38.868121142015269 ], [ -76.565050154444435, 38.868121142015269 ], [ -76.565057870493831, 38.868128858064594 ], [ -76.565065586543199, 38.868136574113933 ], [ -76.565073302592594, 38.868144290163265 ], [ -76.565123456913568, 38.868148148187935 ], [ -76.565216049506176, 38.868148148187935 ], [ -76.56526620382715, 38.868152006212597 ], [ -76.565273919876546, 38.868159722261936 ], [ -76.565281635925913, 38.868167438311268 ], [ -76.565289351975309, 38.868175154360593 ], [ -76.565297068024691, 38.868182870409925 ], [ -76.565304784074073, 38.868190586459264 ], [ -76.565312500123454, 38.868198302508603 ], [ -76.56532021617285, 38.868206018557927 ], [ -76.565347222345679, 38.868209876582597 ], [ -76.565393518641983, 38.868209876582597 ], [ -76.565420524814812, 38.868213734607266 ], [ -76.565428240864208, 38.868221450656591 ], [ -76.565432098888891, 38.868233024730593 ], [ -76.565432098888891, 38.868248456829264 ], [ -76.565435956913575, 38.868260030903258 ], [ -76.565443672962971, 38.868267746952597 ], [ -76.565455247037036, 38.868271604977259 ], [ -76.5654706791358, 38.868271604977259 ], [ -76.565482253209865, 38.868275463001929 ], [ -76.565489969259261, 38.868283179051254 ], [ -76.565493827283944, 38.868317901273258 ], [ -76.565493827283944, 38.86837962966792 ], [ -76.565489969259261, 38.868414351889925 ], [ -76.565482253209865, 38.86842206793925 ], [ -76.565462963086418, 38.868425925963919 ], [ -76.565432098888891, 38.868425925963919 ], [ -76.56541280876543, 38.868429783988589 ], [ -76.565405092716048, 38.868437500037921 ], [ -76.565397376666652, 38.868445216087252 ], [ -76.565389660617285, 38.868452932136591 ], [ -76.565381944567903, 38.868460648185923 ], [ -76.565374228518507, 38.868468364235248 ], [ -76.565374228518507, 38.86847608028458 ], [ -76.565381944567903, 38.868483796333919 ], [ -76.565389660617285, 38.868491512383251 ], [ -76.565397376666652, 38.868499228432583 ], [ -76.565405092716048, 38.868506944481922 ], [ -76.56541280876543, 38.868514660531247 ], [ -76.565420524814812, 38.868522376580586 ], [ -76.565428240864208, 38.868530092629911 ], [ -76.565435956913575, 38.86853780867925 ], [ -76.565443672962971, 38.868545524728582 ], [ -76.565451389012338, 38.868553240777914 ], [ -76.565459105061734, 38.868560956827253 ], [ -76.565466821111102, 38.868568672876584 ], [ -76.565474537160497, 38.868576388925909 ], [ -76.565493827283944, 38.868580246950579 ], [ -76.565524691481471, 38.868580246950579 ], [ -76.565543981604932, 38.868584104975241 ], [ -76.565551697654328, 38.86859182102458 ], [ -76.565555555679012, 38.868603395098582 ], [ -76.565555555679012, 38.868618827197245 ], [ -76.56555941370371, 38.868630401271247 ], [ -76.565567129753077, 38.868638117320586 ], [ -76.565574845802459, 38.868645833369918 ], [ -76.565582561851855, 38.868653549419243 ], [ -76.565586419876539, 38.868672839542576 ], [ -76.565586419876539, 38.868703703739911 ], [ -76.565590277901237, 38.868722993863244 ], [ -76.565597993950604, 38.868730709912569 ], [ -76.56560571, 38.868738425961908 ], [ -76.565613426049381, 38.868746142011247 ], [ -76.565613426049381, 38.868753858060579 ], [ -76.56560571, 38.868761574109904 ], [ -76.565597993950604, 38.868769290159236 ], [ -76.565590277901237, 38.868777006208575 ], [ -76.565586419876539, 38.868811728430572 ], [ -76.565586419876539, 38.868873456825234 ], [ -76.565590277901237, 38.868908179047239 ], [ -76.565597993950604, 38.868915895096563 ], [ -76.56560571, 38.868923611145902 ], [ -76.565613426049381, 38.868931327195227 ], [ -76.565617284074079, 38.868942901269229 ], [ -76.565617284074079, 38.8689583333679 ], [ -76.565621142098763, 38.868969907441901 ], [ -76.565628858148159, 38.868977623491226 ], [ -76.565636574197526, 38.868985339540558 ], [ -76.565644290246922, 38.868993055589897 ], [ -76.56565200629629, 38.869000771639236 ], [ -76.565659722345686, 38.869008487688561 ], [ -76.565667438395053, 38.8690162037379 ], [ -76.565675154444449, 38.869023919787224 ], [ -76.565679012469133, 38.869043209910558 ], [ -76.565679012469133, 38.8690740741079 ], [ -76.565682870493816, 38.869093364231233 ], [ -76.565690586543212, 38.869101080280558 ], [ -76.56569830259258, 38.869108796329897 ], [ -76.565706018641976, 38.869116512379222 ], [ -76.565709876666659, 38.869212962995888 ], [ -76.565709876666659, 38.869398148179883 ], [ -76.565713734691357, 38.86949459879655 ], [ -76.565721450740739, 38.869502314845874 ], [ -76.565729166790135, 38.869510030895214 ], [ -76.565736882839502, 38.869517746944538 ], [ -76.5657407408642, 38.869544753117211 ], [ -76.5657407408642, 38.869591049413202 ], [ -76.565736882839502, 38.869618055585875 ], [ -76.565729166790135, 38.869625771635214 ], [ -76.565717592716055, 38.869629629659876 ], [ -76.565702160617278, 38.869629629659876 ], [ -76.565690586543212, 38.869633487684546 ], [ -76.565682870493816, 38.86964120373387 ], [ -76.565679012469133, 38.869652777807872 ], [ -76.565679012469133, 38.869668209906536 ], [ -76.565675154444449, 38.86967978398053 ], [ -76.565667438395053, 38.869687500029869 ], [ -76.565659722345686, 38.869695216079208 ], [ -76.56565200629629, 38.869702932128533 ], [ -76.565644290246922, 38.869710648177872 ], [ -76.565636574197526, 38.869718364227197 ], [ -76.565628858148159, 38.869726080276536 ], [ -76.565621142098763, 38.869733796325875 ], [ -76.565613426049381, 38.869741512375207 ], [ -76.56560571, 38.869749228424531 ], [ -76.565597993950604, 38.869756944473863 ], [ -76.565590277901237, 38.869764660523202 ], [ -76.565582561851855, 38.869772376572534 ], [ -76.565574845802459, 38.869780092621866 ], [ -76.565567129753077, 38.869787808671205 ], [ -76.56555941370371, 38.86979552472053 ], [ -76.565551697654328, 38.869803240769869 ], [ -76.565543981604932, 38.869810956819194 ], [ -76.565532407530867, 38.869814814843863 ], [ -76.565516975432104, 38.869814814843863 ], [ -76.565505401358024, 38.869818672868533 ], [ -76.565497685308642, 38.869826388917865 ], [ -76.565489969259261, 38.869834104967197 ], [ -76.565482253209865, 38.869841821016536 ], [ -76.5654706791358, 38.869845679041198 ], [ -76.565455247037036, 38.869845679041198 ], [ -76.565443672962971, 38.869849537065868 ], [ -76.565435956913575, 38.869857253115192 ], [ -76.565432098888891, 38.869868827189194 ], [ -76.565432098888891, 38.869884259287865 ], [ -76.565428240864208, 38.869895833361866 ], [ -76.565420524814812, 38.869903549411191 ], [ -76.565408950740746, 38.869907407435861 ], [ -76.565393518641969, 38.869907407435861 ], [ -76.565381944567903, 38.86991126546053 ], [ -76.565374228518507, 38.869918981509855 ], [ -76.565366512469126, 38.869926697559194 ], [ -76.565358796419758, 38.869934413608526 ], [ -76.565351080370377, 38.869942129657858 ], [ -76.565343364320981, 38.869949845707197 ], [ -76.565335648271599, 38.869957561756529 ], [ -76.565327932222232, 38.869965277805854 ], [ -76.565316358148152, 38.869969135830523 ], [ -76.565300926049375, 38.869969135830523 ], [ -76.565289351975309, 38.869972993855185 ], [ -76.565281635925913, 38.869980709904524 ], [ -76.565273919876546, 38.869988425953863 ], [ -76.56526620382715, 38.869996142003188 ], [ -76.56523148160494, 38.870000000027858 ], [ -76.565169753209872, 38.870000000027858 ], [ -76.565135030987648, 38.870003858052527 ], [ -76.56512731493828, 38.870011574101852 ], [ -76.565119598888899, 38.870019290151191 ], [ -76.565111882839503, 38.87002700620053 ], [ -76.565077160617278, 38.870030864225193 ], [ -76.565015432222225, 38.870030864225193 ], [ -76.56498071, 38.87002700620053 ], [ -76.564972993950605, 38.870019290151191 ], [ -76.564965277901223, 38.870011574101852 ], [ -76.564957561851855, 38.870003858052527 ], [ -76.564922839629631, 38.870000000027858 ], [ -76.564861111234563, 38.870000000027858 ], [ -76.564826389012353, 38.870000000027858 ], [ -76.564818672962957, 38.870000000027858 ] ] ] ] } }
]
}
