{
"type": "FeatureCollection",
"name": "gcrew_basin2x_shpinfo",
"crs": { "type": "name", "properties": { "name": "urn:ogc:def:crs:EPSG::26918" } },
"features": [
{ "type": "Feature", "properties": { "fid": null, "cat": null, "value": null, "label": null, "fid_2": null, "cat_2": null, "value_2": null, "label_2": null, "fid_3": 1.0, "cat_3": 1, "value_3": 1, "label_3": null, "FID_4": 0 }, "geometry": { "type": "MultiPolygon", "coordinates": [ [ [ [ 365751.77854939881945, 4303711.867032868787646 ], [ 365724.076833466941025, 4303711.867032868787646 ], [ 365751.77854939881945, 4303712.89302234724164 ], [ 365753.830528356716968, 4303714.945001306012273 ], [ 365755.882507314672694, 4303716.99698026292026 ], [ 365754.856517835694831, 4303714.945001306012273 ], [ 365754.856517835694831, 4303712.89302234724164 ], [ 365753.830528356716968, 4303711.867032868787646 ], [ 365751.77854939881945, 4303711.867032868787646 ] ] ] ] } },
{ "type": "Feature", "properties": { "fid": 1.0, "cat": 1, "value": 1, "label": null, "fid_2": 1.0, "cat_2": 1, "value_2": 1, "label_2": null, "fid_3": null, "cat_3": null, "value_3": null, "label_3": null, "FID_4": null }, "geometry": { "type": "MultiPolygon", "coordinates": [ [ [ [ 365464.501495290605817, 4303745.724685673601925 ], [ 365466.553474248503335, 4303747.776664632372558 ], [ 365467.579463727481198, 4303750.854633068665862 ], [ 365467.579463727481198, 4303747.776664632372558 ], [ 365467.579463727481198, 4303745.724685673601925 ], [ 365466.553474248503335, 4303744.698696195147932 ], [ 365464.501495290605817, 4303744.698696195147932 ], [ 365459.371547895832919, 4303744.698696195147932 ], [ 365464.501495290605817, 4303745.724685673601925 ] ] ] ] } },
{ "type": "Feature", "properties": { "fid": 1.0, "cat": 1, "value": 1, "label": null, "fid_2": null, "cat_2": null, "value_2": null, "label_2": null, "fid_3": null, "cat_3": null, "value_3": null, "label_3": null, "FID_4": null }, "geometry": { "type": "MultiPolygon", "coordinates": [ [ [ [ 364753.490786372800358, 4302488.887573952786624 ], [ 364745.282870541152079, 4302488.887573952786624 ], [ 364740.15292314637918, 4302489.913563431240618 ], [ 364738.100944188423455, 4302491.965542390011251 ], [ 364736.048965230467729, 4302494.017521347850561 ], [ 364733.996986272570211, 4302496.069500304758549 ], [ 364730.919017835694831, 4302497.095489784143865 ], [ 364726.815059919841588, 4302497.095489784143865 ], [ 364723.737091482966207, 4302498.121479262597859 ], [ 364721.685112525068689, 4302500.173458221368492 ], [ 364719.633133567171171, 4302502.225437179207802 ], [ 364717.581154609273653, 4302504.277416136115789 ], [ 364712.451207214500755, 4302505.303405615501106 ], [ 364704.243291382794268, 4302505.303405615501106 ], [ 364699.113343987963162, 4302506.3293950939551 ], [ 364697.061365030123852, 4302508.381374052725732 ], [ 364695.009386072168127, 4302510.433353010565042 ], [ 364692.957407114270609, 4302512.485331968404353 ], [ 364689.879438677395228, 4302513.511321447789669 ], [ 364685.775480761541985, 4302513.511321447789669 ], [ 364682.697512324666604, 4302512.485331968404353 ], [ 364680.645533366769087, 4302510.433353010565042 ], [ 364678.593554408871569, 4302508.381374052725732 ], [ 364676.541575450915843, 4302506.3293950939551 ], [ 364663.203712224494666, 4302505.303405615501106 ], [ 364638.579964729491621, 4302505.303405615501106 ], [ 364625.242101503012236, 4302506.3293950939551 ], [ 364623.190122545114718, 4302508.381374052725732 ], [ 364621.138143587217201, 4302510.433353010565042 ], [ 364619.086164629261475, 4302512.485331968404353 ], [ 364617.034185671363957, 4302514.537310926243663 ], [ 364614.982206713466439, 4302516.589289885014296 ], [ 364613.956217234488577, 4302523.77121623698622 ], [ 364613.956217234488577, 4302536.083089984953403 ], [ 364612.930227755510714, 4302543.265016336925328 ], [ 364610.878248797613196, 4302545.316995295695961 ], [ 364605.748301402840298, 4302546.342984774149954 ], [ 364597.540385571133811, 4302546.342984774149954 ], [ 364592.410438176360913, 4302547.368974253535271 ], [ 364590.358459218463395, 4302549.420953210443258 ], [ 364589.332469739485532, 4302552.498921647667885 ], [ 364589.332469739485532, 4302556.602879563346505 ], [ 364588.306480260565877, 4302559.680848000571132 ], [ 364586.254501302610151, 4302561.732826958410442 ], [ 364584.202522344712634, 4302563.784805916249752 ], [ 364582.150543386815116, 4302565.836784875020385 ], [ 364581.124553907837253, 4302568.914753311313689 ], [ 364581.124553907837253, 4302573.018711226992309 ], [ 364580.09856442885939, 4302576.096679663285613 ], [ 364578.046585470961872, 4302578.148658622056246 ], [ 364574.968617034086492, 4302579.17464810051024 ], [ 364570.864659118233249, 4302579.17464810051024 ], [ 364567.786690681357868, 4302580.200637578964233 ], [ 364565.734711723518558, 4302582.252616537734866 ], [ 364563.682732765562832, 4302584.304595494642854 ], [ 364561.630753807607107, 4302586.356574453413486 ], [ 364558.552785370731726, 4302587.38256393186748 ], [ 364554.448827454936691, 4302587.38256393186748 ], [ 364551.37085901806131, 4302588.408553411252797 ], [ 364549.318880060105585, 4302590.460532369092107 ], [ 364547.266901102208067, 4302592.51251132786274 ], [ 364545.214922144310549, 4302594.564490284770727 ], [ 364542.136953707435168, 4302595.590479764156044 ], [ 364538.032995791581925, 4302595.590479764156044 ], [ 364534.955027354706544, 4302596.616469242610037 ], [ 364532.903048396809027, 4302598.66844820138067 ], [ 364530.851069438911509, 4302600.72042715921998 ], [ 364528.799090481013991, 4302602.772406116127968 ], [ 364526.747111523058265, 4302604.824385073967278 ], [ 364524.69513256510254, 4302606.876364032737911 ], [ 364522.643153607205022, 4302608.928342990577221 ], [ 364520.591174649307504, 4302610.980321947485209 ], [ 364513.409248296637088, 4302612.006311426870525 ], [ 364501.097374549135566, 4302612.006311426870525 ], [ 364493.915448196406942, 4302610.980321947485209 ], [ 364491.863469238509424, 4302608.928342990577221 ], [ 364489.811490280611906, 4302606.876364032737911 ], [ 364487.759511322656181, 4302604.824385073967278 ], [ 364484.6815428857808, 4302603.798395595513284 ], [ 364480.577584969985764, 4302603.798395595513284 ], [ 364477.499616533110384, 4302604.824385073967278 ], [ 364475.447637575154658, 4302606.876364032737911 ], [ 364474.421648096235003, 4302614.058290384709835 ], [ 364474.421648096235003, 4302626.370164132677019 ], [ 364475.447637575154658, 4302633.552090484648943 ], [ 364477.499616533110384, 4302635.604069443419576 ], [ 364479.551595491007902, 4302637.656048401258886 ], [ 364481.60357444890542, 4302639.708027359098196 ], [ 364482.629563927883282, 4302642.785995796322823 ], [ 364482.629563927883282, 4302646.889953712001443 ], [ 364483.655553406861145, 4302649.967922148294747 ], [ 364485.707532364758663, 4302652.01990110706538 ], [ 364487.759511322656181, 4302652.01990110706538 ], [ 364489.811490280611906, 4302649.967922148294747 ], [ 364491.863469238509424, 4302647.915943190455437 ], [ 364493.915448196406942, 4302645.863964233547449 ], [ 364495.96742715430446, 4302645.863964233547449 ], [ 364498.019406112201978, 4302647.915943190455437 ], [ 364500.071385070099495, 4302649.967922148294747 ], [ 364502.123364028055221, 4302652.01990110706538 ], [ 364504.175342986010946, 4302654.07188006490469 ], [ 364506.227321943908464, 4302656.123859021812677 ], [ 364506.227321943908464, 4302658.175837979651988 ], [ 364504.175342986010946, 4302660.22781693842262 ], [ 364502.123364028055221, 4302662.27979589626193 ], [ 364500.071385070099495, 4302664.331774853169918 ], [ 364499.04539559117984, 4302673.565680163912475 ], [ 364499.04539559117984, 4302689.981511828489602 ], [ 364500.071385070099495, 4302699.215417139232159 ], [ 364502.123364028055221, 4302701.267396096140146 ], [ 364504.175342986010946, 4302703.319375053979456 ], [ 364506.227321943908464, 4302705.371354012750089 ], [ 364507.253311422886327, 4302714.605259323492646 ], [ 364507.253311422886327, 4302731.021090986207128 ], [ 364506.227321943908464, 4302740.254996296018362 ], [ 364504.175342986010946, 4302742.306975254788995 ], [ 364502.123364028055221, 4302744.358954212628305 ], [ 364500.071385070099495, 4302746.410933170467615 ], [ 364499.04539559117984, 4302749.488901607692242 ], [ 364499.04539559117984, 4302753.592859523370862 ], [ 364498.019406112201978, 4302756.670827959664166 ], [ 364495.96742715430446, 4302758.722806918434799 ], [ 364493.915448196406942, 4302760.774785876274109 ], [ 364491.863469238509424, 4302762.826764833182096 ], [ 364489.811490280611906, 4302764.878743791021407 ], [ 364487.759511322656181, 4302766.930722749792039 ], [ 364485.707532364758663, 4302768.98270170763135 ], [ 364483.655553406861145, 4302771.03468066547066 ], [ 364482.629563927883282, 4302774.112649102695286 ], [ 364482.629563927883282, 4302778.216607018373907 ], [ 364481.60357444890542, 4302781.294575454667211 ], [ 364479.551595491007902, 4302783.346554413437843 ], [ 364477.499616533110384, 4302785.398533370345831 ], [ 364475.447637575154658, 4302787.450512329116464 ], [ 364474.421648096235003, 4302792.580459723249078 ], [ 364474.421648096235003, 4302800.788375555537641 ], [ 364473.395658617257141, 4302805.918322950601578 ], [ 364471.343679659359623, 4302807.970301907509565 ], [ 364469.291700701403897, 4302810.022280865348876 ], [ 364467.239721743506379, 4302812.074259824119508 ], [ 364465.187742785608862, 4302814.126238781958818 ], [ 364463.135763827653136, 4302816.178217738866806 ], [ 364461.083784869755618, 4302818.230196696706116 ], [ 364459.0318059118581, 4302820.282175655476749 ], [ 364456.979826953960583, 4302822.334154613316059 ], [ 364454.927847996063065, 4302824.386133571155369 ], [ 364447.745921643334441, 4302825.412123050540686 ], [ 364435.434047895832919, 4302825.412123050540686 ], [ 364428.252121543162502, 4302826.438112528994679 ], [ 364426.200142585206777, 4302828.490091487765312 ], [ 364424.148163627251051, 4302830.5420704446733 ], [ 364422.096184669411741, 4302832.594049403443933 ], [ 364420.044205711456016, 4302834.64602836035192 ], [ 364417.992226753558498, 4302836.698007319122553 ], [ 364416.966237274580635, 4302841.827954713255167 ], [ 364416.966237274580635, 4302850.035870544612408 ], [ 364415.94024779566098, 4302855.165817939676344 ], [ 364413.888268837705255, 4302857.217796898446977 ], [ 364411.836289879749529, 4302859.269775856286287 ], [ 364409.784310921910219, 4302861.321754813194275 ], [ 364408.758321442932356, 4302868.503681166097522 ], [ 364408.758321442932356, 4302880.815554914064705 ], [ 364407.732331963954493, 4302887.99748126603663 ], [ 364405.680353006056976, 4302890.049460224807262 ], [ 364402.602384569181595, 4302891.075449703261256 ], [ 364398.498426653328352, 4302891.075449703261256 ], [ 364395.420458216452971, 4302892.10143918171525 ], [ 364393.368479258555453, 4302894.153418140485883 ], [ 364392.342489779577591, 4302899.283365534618497 ], [ 364392.342489779577591, 4302907.49128136690706 ], [ 364391.316500300657935, 4302912.621228761970997 ], [ 364389.26452134270221, 4302914.673207718878984 ], [ 364386.186552905826829, 4302915.699197198264301 ], [ 364382.082594990031794, 4302915.699197198264301 ], [ 364379.004626553156413, 4302916.725186676718295 ], [ 364376.952647595200688, 4302918.777165635488927 ], [ 364375.926658116281033, 4302921.855134071782231 ], [ 364375.926658116281033, 4302925.959091988392174 ], [ 364374.90066863730317, 4302929.037060424685478 ], [ 364372.848689679405652, 4302931.089039383456111 ], [ 364370.796710721449926, 4302933.141018340364099 ], [ 364368.744731763552409, 4302935.192997299134731 ], [ 364367.718742284574546, 4302942.374923651106656 ], [ 364367.718742284574546, 4302954.686797399073839 ], [ 364366.692752805654891, 4302961.868723751045763 ], [ 364364.640773847699165, 4302963.920702709816396 ], [ 364362.588794889801648, 4302965.972681667655706 ], [ 364360.53681593190413, 4302968.024660624563694 ], [ 364359.510826452926267, 4302973.154608019627631 ], [ 364359.510826452926267, 4302981.362523851916194 ], [ 364358.484836973948404, 4302986.492471246048808 ], [ 364356.432858016050886, 4302988.544450204819441 ], [ 364354.380879058153369, 4302990.596429161727428 ], [ 364352.328900100197643, 4302992.648408120498061 ], [ 364351.302910621277988, 4302999.830334472469985 ], [ 364351.302910621277988, 4303012.142208220437169 ], [ 364350.276921142300125, 4303019.324134573340416 ], [ 364348.224942184402607, 4303021.376113530248404 ], [ 364346.17296322650509, 4303023.428092488087714 ], [ 364344.120984268549364, 4303025.480071446858346 ], [ 364343.094994789629709, 4303034.713976757600904 ], [ 364343.094994789629709, 4303051.129808420315385 ], [ 364342.069005310651846, 4303060.363713731057942 ], [ 364340.017026352754328, 4303062.415692689828575 ], [ 364337.965047394798603, 4303064.467671647667885 ], [ 364335.913068436901085, 4303066.519650604575872 ], [ 364334.887078957923222, 4303073.701576957479119 ], [ 364334.887078957923222, 4303086.013450705446303 ], [ 364333.861089479003567, 4303093.195377057418227 ], [ 364331.809110521047842, 4303095.24735601618886 ], [ 364329.757131563150324, 4303097.299334973096848 ], [ 364327.705152605252806, 4303099.35131393186748 ], [ 364325.653173647297081, 4303101.403292888775468 ], [ 364323.601194689399563, 4303103.455271847546101 ], [ 364321.549215731502045, 4303105.507250805385411 ], [ 364319.497236773546319, 4303107.559229763224721 ], [ 364317.445257815648802, 4303109.611208721995354 ], [ 364315.393278857751284, 4303111.663187678903341 ], [ 364312.315310420875903, 4303112.689177158288658 ], [ 364308.21135250502266, 4303112.689177158288658 ], [ 364305.133384068147279, 4303113.715166636742651 ], [ 364303.081405110249761, 4303115.767145595513284 ], [ 364302.055415631271899, 4303118.845114031806588 ], [ 364302.055415631271899, 4303122.949071947485209 ], [ 364301.029426152352244, 4303126.027040384709835 ], [ 364298.977447194396518, 4303128.079019341617823 ], [ 364296.925468236499, 4303130.130998300388455 ], [ 364294.873489278601483, 4303132.182977258227766 ], [ 364293.84749979962362, 4303135.260945695452392 ], [ 364293.84749979962362, 4303139.364903611131012 ], [ 364294.873489278601483, 4303142.442872047424316 ], [ 364296.925468236499, 4303144.494851006194949 ], [ 364298.977447194396518, 4303146.546829963102937 ], [ 364301.029426152352244, 4303148.598808921873569 ], [ 364302.055415631271899, 4303151.676777358166873 ], [ 364302.055415631271899, 4303155.780735273845494 ], [ 364301.029426152352244, 4303158.85870371107012 ], [ 364298.977447194396518, 4303160.910682668909431 ], [ 364296.925468236499, 4303162.962661627680063 ], [ 364294.873489278601483, 4303165.014640584588051 ], [ 364293.84749979962362, 4303178.352503811009228 ], [ 364293.84749979962362, 4303202.976251306943595 ], [ 364292.821510320645757, 4303216.314114533364773 ], [ 364290.769531362748239, 4303218.36609349027276 ], [ 364288.717552404850721, 4303220.418072448112071 ], [ 364286.665573446894996, 4303222.470051406882703 ], [ 364285.639583967975341, 4303233.755935675464571 ], [ 364285.639583967975341, 4303254.275725253857672 ], [ 364284.613594488997478, 4303265.561609522439539 ], [ 364282.56161553109996, 4303267.613588481210172 ], [ 364280.509636573144235, 4303269.665567439049482 ], [ 364278.457657615304925, 4303271.71754639595747 ], [ 364277.431668136327062, 4303276.847493791021407 ], [ 364277.431668136327062, 4303285.05540962330997 ], [ 364276.405678657349199, 4303290.185357017442584 ], [ 364274.353699699393474, 4303292.237335976213217 ], [ 364272.301720741495956, 4303294.289314933121204 ], [ 364270.249741783598438, 4303296.341293891891837 ], [ 364269.223752304620575, 4303299.419262328185141 ], [ 364269.223752304620575, 4303303.523220243863761 ], [ 364268.197762825642712, 4303306.601188680157065 ], [ 364266.145783867803402, 4303308.653167638927698 ], [ 364264.093804909847677, 4303310.705146595835686 ], [ 364262.041825951891951, 4303312.757125554606318 ], [ 364259.989846993994433, 4303314.809104512445629 ], [ 364257.937868036096916, 4303316.861083470284939 ], [ 364255.88588907814119, 4303318.913062428124249 ], [ 364253.83391012030188, 4303320.965041386894882 ], [ 364251.781931162346154, 4303323.017020344734192 ], [ 364249.729952204390429, 4303325.068999301642179 ], [ 364236.392088977969252, 4303326.094988781027496 ], [ 364211.768341482966207, 4303326.094988781027496 ], [ 364198.43047825654503, 4303327.12097825948149 ], [ 364196.378499298647512, 4303329.172957218252122 ], [ 364195.352509819669649, 4303334.302904613316059 ], [ 364195.352509819669649, 4303342.5108204446733 ], [ 364194.326520340691786, 4303347.640767838805914 ], [ 364192.274541382794268, 4303349.692746797576547 ], [ 364190.222562424896751, 4303351.744725754484534 ], [ 364188.170583466941025, 4303353.796704713255167 ], [ 364186.118604509043507, 4303355.848683670163155 ], [ 364184.066625551145989, 4303357.900662628933787 ], [ 364182.014646593190264, 4303359.952641585841775 ], [ 364179.962667635292746, 4303362.004620544612408 ], [ 364178.936678156314883, 4303375.342483770102262 ], [ 364178.936678156314883, 4303399.96623126603663 ], [ 364177.910688677395228, 4303413.304094491526484 ], [ 364175.858709719439503, 4303415.356073450297117 ], [ 364173.806730761541985, 4303417.408052408136427 ], [ 364171.754751803644467, 4303419.460031365975738 ], [ 364170.728762324666604, 4303428.693936677649617 ], [ 364170.728762324666604, 4303445.109768340364099 ], [ 364169.702772845746949, 4303454.343673650175333 ], [ 364167.650793887849431, 4303456.395652608945966 ], [ 364165.598814929951914, 4303458.447631565853953 ], [ 364163.546835971996188, 4303460.499610524624586 ], [ 364162.520846493018325, 4303463.57757896091789 ], [ 364162.520846493018325, 4303467.68153687659651 ], [ 364163.546835971996188, 4303470.759505313821137 ], [ 364165.598814929951914, 4303472.811484271660447 ], [ 364168.676783366827294, 4303473.837473751045763 ], [ 364172.78074128262233, 4303473.837473751045763 ], [ 364175.858709719439503, 4303474.86346323043108 ], [ 364177.910688677395228, 4303476.915442187339067 ], [ 364178.936678156314883, 4303482.045389582403004 ], [ 364178.936678156314883, 4303490.253305413760245 ], [ 364179.962667635292746, 4303495.383252808824182 ], [ 364182.014646593190264, 4303497.435231766663492 ], [ 364185.092615030065645, 4303498.461221246048808 ], [ 364189.196572945918888, 4303498.461221246048808 ], [ 364192.274541382794268, 4303499.487210724502802 ], [ 364194.326520340691786, 4303501.539189683273435 ], [ 364196.378499298647512, 4303503.591168640181422 ], [ 364198.43047825654503, 4303505.643147598952055 ], [ 364200.482457214442547, 4303507.695126555860043 ], [ 364202.534436172398273, 4303509.747105514630675 ], [ 364204.586415130295791, 4303511.799084471538663 ], [ 364206.638394088193309, 4303513.851063430309296 ], [ 364208.690373046090826, 4303515.903042387217283 ], [ 364210.742352003988344, 4303517.955021345987916 ], [ 364212.794330961885862, 4303520.007000303827226 ], [ 364214.846309919841588, 4303522.058979261666536 ], [ 364219.976257314672694, 4303523.084968741051853 ], [ 364228.184173146320973, 4303523.084968741051853 ], [ 364233.314120541093871, 4303524.110958219505847 ], [ 364235.366099498991389, 4303526.162937178276479 ], [ 364236.392088977969252, 4303533.344863530248404 ], [ 364236.392088977969252, 4303545.656737278215587 ], [ 364237.418078456888907, 4303552.838663630187511 ], [ 364239.470057414844632, 4303554.890642588958144 ], [ 364241.522036372800358, 4303556.942621545866132 ], [ 364243.574015330639668, 4303558.994600504636765 ], [ 364244.600004809617531, 4303572.332463730126619 ], [ 364244.600004809617531, 4303596.956211226060987 ], [ 364245.625994288595393, 4303610.294074451550841 ], [ 364247.677973246492911, 4303612.346053410321474 ], [ 364250.755941683368292, 4303613.372042888775468 ], [ 364254.859899599221535, 4303613.372042888775468 ], [ 364257.937868036096916, 4303614.398032367229462 ], [ 364259.989846993994433, 4303616.450011326000094 ], [ 364262.041825951891951, 4303618.501990282908082 ], [ 364264.093804909847677, 4303620.553969241678715 ], [ 364266.145783867803402, 4303622.605948198586702 ], [ 364268.197762825642712, 4303624.657927157357335 ], [ 364269.223752304620575, 4303627.735895593650639 ], [ 364269.223752304620575, 4303631.839853510260582 ], [ 364270.249741783598438, 4303634.917821947485209 ], [ 364272.301720741495956, 4303636.969800904393196 ], [ 364274.353699699393474, 4303639.021779862232506 ], [ 364276.405678657349199, 4303641.073758821003139 ], [ 364278.457657615304925, 4303643.125737778842449 ], [ 364280.509636573144235, 4303645.177716735750437 ], [ 364291.795520841667894, 4303646.203706215135753 ], [ 364312.315310420875903, 4303646.203706215135753 ], [ 364323.601194689399563, 4303647.229695693589747 ], [ 364325.653173647297081, 4303649.28167465236038 ], [ 364325.653173647297081, 4303651.33365361019969 ], [ 364323.601194689399563, 4303653.385632568039 ], [ 364321.549215731502045, 4303655.43761152587831 ], [ 364319.497236773546319, 4303657.489590484648943 ], [ 364318.471247294626664, 4303662.619537878781557 ], [ 364318.471247294626664, 4303670.827453710138798 ], [ 364319.497236773546319, 4303675.957401105202734 ], [ 364321.549215731502045, 4303678.009380063042045 ], [ 364323.601194689399563, 4303680.061359021812677 ], [ 364325.653173647297081, 4303682.113337978720665 ], [ 364326.679163126274943, 4303685.191306415945292 ], [ 364326.679163126274943, 4303689.295264331623912 ], [ 364327.705152605252806, 4303692.373232767917216 ], [ 364329.757131563150324, 4303694.425211726687849 ], [ 364331.809110521047842, 4303696.477190684527159 ], [ 364333.861089479003567, 4303698.529169641435146 ], [ 364335.913068436901085, 4303700.581148599274457 ], [ 364337.965047394798603, 4303702.633127558045089 ], [ 364341.043015831673983, 4303703.659117036499083 ], [ 364345.146973747527227, 4303703.659117036499083 ], [ 364348.224942184402607, 4303704.685106515884399 ], [ 364350.276921142300125, 4303706.73708547372371 ], [ 364352.328900100197643, 4303708.78906443156302 ], [ 364354.380879058153369, 4303710.841043390333652 ], [ 364356.432858016050886, 4303712.89302234724164 ], [ 364358.484836973948404, 4303714.945001306012273 ], [ 364359.510826452926267, 4303718.022969742305577 ], [ 364359.510826452926267, 4303722.126927657984197 ], [ 364360.53681593190413, 4303725.204896094277501 ], [ 364362.588794889801648, 4303727.256875053048134 ], [ 364364.640773847699165, 4303729.308854010887444 ], [ 364366.692752805654891, 4303731.360832968726754 ], [ 364368.744731763552409, 4303733.412811927497387 ], [ 364370.796710721449926, 4303735.464790884405375 ], [ 364372.848689679405652, 4303737.516769842244685 ], [ 364374.90066863730317, 4303739.568748801015317 ], [ 364376.952647595200688, 4303741.620727758854628 ], [ 364379.004626553156413, 4303743.672706715762615 ], [ 364382.082594990031794, 4303744.698696195147932 ], [ 364386.186552905826829, 4303744.698696195147932 ], [ 364389.26452134270221, 4303745.724685673601925 ], [ 364391.316500300657935, 4303747.776664632372558 ], [ 364393.368479258555453, 4303749.828643590211868 ], [ 364395.420458216452971, 4303751.880622547119856 ], [ 364398.498426653328352, 4303752.906612026505172 ], [ 364402.602384569181595, 4303752.906612026505172 ], [ 364405.680353006056976, 4303753.932601505890489 ], [ 364407.732331963954493, 4303755.984580463729799 ], [ 364408.758321442932356, 4303759.062548900954425 ], [ 364408.758321442932356, 4303763.166506816633046 ], [ 364409.784310921910219, 4303766.24447525292635 ], [ 364411.836289879749529, 4303768.296454211696982 ], [ 364413.888268837705255, 4303770.34843316860497 ], [ 364415.94024779566098, 4303772.400412127375603 ], [ 364417.992226753558498, 4303774.45239108428359 ], [ 364420.044205711456016, 4303776.504370043054223 ], [ 364423.122174148331396, 4303777.530359521508217 ], [ 364427.22613206418464, 4303777.530359521508217 ], [ 364430.30410050106002, 4303778.556349 ], [ 364432.356079458957538, 4303780.608327958732843 ], [ 364434.408058416855056, 4303782.660306916572154 ], [ 364436.460037374752574, 4303784.712285874411464 ], [ 364438.512016332708299, 4303786.764264833182096 ], [ 364440.563995290664025, 4303788.816243790090084 ], [ 364441.58998476958368, 4303791.894212227314711 ], [ 364441.58998476958368, 4303795.998170142993331 ], [ 364442.615974248561542, 4303799.076138579286635 ], [ 364444.66795320645906, 4303801.128117538057268 ], [ 364449.797900601231959, 4303802.154107016511261 ], [ 364458.005816432880238, 4303802.154107016511261 ], [ 364463.135763827653136, 4303803.180096495896578 ], [ 364465.187742785608862, 4303805.232075452804565 ], [ 364466.213732264528517, 4303808.310043890029192 ], [ 364466.213732264528517, 4303812.414001806639135 ], [ 364467.239721743506379, 4303815.491970242932439 ], [ 364469.291700701403897, 4303817.543949201703072 ], [ 364472.369669138279278, 4303818.569938680157065 ], [ 364476.473627054132521, 4303818.569938680157065 ], [ 364479.551595491007902, 4303819.595928158611059 ], [ 364481.60357444890542, 4303821.647907117381692 ], [ 364483.655553406861145, 4303823.69988607428968 ], [ 364485.707532364758663, 4303825.751865033060312 ], [ 364487.759511322656181, 4303827.8038439899683 ], [ 364489.811490280611906, 4303829.855822948738933 ], [ 364490.837479759531561, 4303832.933791385032237 ], [ 364490.837479759531561, 4303837.037749301642179 ], [ 364491.863469238509424, 4303840.115717738866806 ], [ 364493.915448196406942, 4303842.167696695774794 ], [ 364507.253311422886327, 4303843.19368617516011 ], [ 364531.877058917831164, 4303843.19368617516011 ], [ 364545.214922144310549, 4303844.219675653614104 ], [ 364547.266901102208067, 4303846.271654612384737 ], [ 364548.292890581185929, 4303849.349623048678041 ], [ 364548.292890581185929, 4303853.453580964356661 ], [ 364549.318880060105585, 4303856.531549401581287 ], [ 364551.37085901806131, 4303858.583528358489275 ], [ 364553.422837976017036, 4303860.635507317259908 ], [ 364555.474816933856346, 4303862.687486275099218 ], [ 364556.500806412834208, 4303865.765454712323844 ], [ 364556.500806412834208, 4303869.869412628002465 ], [ 364557.526795891812071, 4303872.947381064295769 ], [ 364559.578774849709589, 4303874.999360023066401 ], [ 364561.630753807607107, 4303877.051338979974389 ], [ 364563.682732765562832, 4303879.103317938745022 ], [ 364564.708722244540695, 4303882.181286375038326 ], [ 364564.708722244540695, 4303886.285244291648269 ], [ 364565.734711723518558, 4303889.363212727941573 ], [ 364567.786690681357868, 4303891.415191686712205 ], [ 364569.838669639313594, 4303893.467170644551516 ], [ 364571.890648597211111, 4303895.519149601459503 ], [ 364572.916638076188974, 4303900.64909699652344 ], [ 364572.916638076188974, 4303908.857012828812003 ], [ 364571.890648597211111, 4303913.986960222944617 ], [ 364569.838669639313594, 4303916.03893918171525 ], [ 364567.786690681357868, 4303918.090918138623238 ], [ 364565.734711723518558, 4303920.14289709739387 ], [ 364564.708722244540695, 4303925.272844491526484 ], [ 364564.708722244540695, 4303933.480760322883725 ], [ 364565.734711723518558, 4303938.610707717947662 ], [ 364567.786690681357868, 4303940.662686675786972 ], [ 364570.864659118233249, 4303941.688676155172288 ], [ 364574.968617034086492, 4303941.688676155172288 ], [ 364578.046585470961872, 4303942.714665633626282 ], [ 364580.09856442885939, 4303944.766644592396915 ], [ 364582.150543386815116, 4303946.818623550236225 ], [ 364584.202522344712634, 4303948.870602507144213 ], [ 364589.332469739485532, 4303949.896591986529529 ], [ 364597.540385571192019, 4303949.896591986529529 ], [ 364602.670332965964917, 4303950.922581464983523 ], [ 364604.722311923862435, 4303952.974560423754156 ], [ 364606.774290881759953, 4303955.026539381593466 ], [ 364608.826269839715678, 4303957.078518338501453 ], [ 364610.878248797613196, 4303959.130497296340764 ], [ 364612.930227755510714, 4303961.182476255111396 ], [ 364614.982206713466439, 4303963.234455212950706 ], [ 364617.034185671363957, 4303965.286434170790017 ], [ 364620.112154108239338, 4303966.312423650175333 ], [ 364624.216112024092581, 4303966.312423650175333 ], [ 364627.294080460967962, 4303965.286434170790017 ], [ 364629.34605941886548, 4303963.234455212950706 ], [ 364631.398038376762997, 4303961.182476255111396 ], [ 364633.450017334718723, 4303959.130497296340764 ], [ 364638.579964729491621, 4303958.10450781788677 ], [ 364646.7878805611399, 4303958.10450781788677 ], [ 364651.917827955912799, 4303957.078518338501453 ], [ 364653.969806913868524, 4303955.026539381593466 ], [ 364656.021785871766042, 4303952.974560423754156 ], [ 364658.07376482966356, 4303950.922581464983523 ], [ 364663.203712224494666, 4303949.896591986529529 ], [ 364671.411628056142945, 4303949.896591986529529 ], [ 364676.541575450915843, 4303950.922581464983523 ], [ 364678.593554408871569, 4303952.974560423754156 ], [ 364680.645533366769087, 4303955.026539381593466 ], [ 364682.697512324666604, 4303957.078518338501453 ], [ 364685.775480761541985, 4303958.10450781788677 ], [ 364689.879438677395228, 4303958.10450781788677 ], [ 364692.957407114270609, 4303959.130497296340764 ], [ 364695.009386072168127, 4303961.182476255111396 ], [ 364696.035375551145989, 4303964.2604446914047 ], [ 364696.035375551145989, 4303968.364402608014643 ], [ 364697.061365030123852, 4303971.442371044307947 ], [ 364699.113343987963162, 4303973.49435000307858 ], [ 364701.165322945918888, 4303975.546328959986567 ], [ 364703.217301903874613, 4303977.5983079187572 ], [ 364705.269280861772131, 4303979.650286875665188 ], [ 364707.321259819669649, 4303981.702265834435821 ], [ 364709.373238777625374, 4303983.754244791343808 ], [ 364711.425217735464685, 4303985.806223750114441 ], [ 364712.451207214442547, 4303988.884192186407745 ], [ 364712.451207214442547, 4303992.988150103017688 ], [ 364713.47719669342041, 4303996.066118539310992 ], [ 364715.529175651376136, 4303998.118097498081625 ], [ 364717.581154609273653, 4304000.170076455920935 ], [ 364719.633133567171171, 4304002.222055412828922 ], [ 364720.659123046090826, 4304009.403981765732169 ], [ 364720.659123046090826, 4304021.715855513699353 ], [ 364721.685112525068689, 4304028.897781865671277 ], [ 364723.737091482966207, 4304030.94976082444191 ], [ 364725.789070440921932, 4304033.001739781349897 ], [ 364727.841049398877658, 4304035.05371874012053 ], [ 364728.867038877797313, 4304040.183666134253144 ], [ 364728.867038877797313, 4304048.391581966541708 ], [ 364729.893028356775176, 4304053.521529361605644 ], [ 364731.945007314672694, 4304055.573508318513632 ], [ 364733.996986272570211, 4304057.625487276352942 ], [ 364736.048965230467729, 4304059.677466235123575 ], [ 364737.074954709445592, 4304066.859392587095499 ], [ 364737.074954709445592, 4304079.171266335062683 ], [ 364738.100944188423455, 4304086.353192687034607 ], [ 364740.15292314637918, 4304088.40517164580524 ], [ 364742.204902104276698, 4304090.457150602713227 ], [ 364744.256881062174216, 4304092.50912956148386 ], [ 364746.308860020071734, 4304094.56110851932317 ], [ 364748.360838977969252, 4304096.61308747716248 ], [ 364755.542765330697875, 4304097.639076956547797 ], [ 364767.854639078199398, 4304097.639076956547797 ], [ 364775.036565430869814, 4304096.61308747716248 ], [ 364777.088544388825539, 4304094.56110851932317 ], [ 364779.140523346723057, 4304092.50912956148386 ], [ 364781.192502304620575, 4304090.457150602713227 ], [ 364786.322449699393474, 4304089.431161124259233 ], [ 364794.530365531041753, 4304089.431161124259233 ], [ 364799.660312925814651, 4304090.457150602713227 ], [ 364801.712291883770376, 4304092.50912956148386 ], [ 364803.764270841726102, 4304094.56110851932317 ], [ 364805.81624979962362, 4304096.61308747716248 ], [ 364807.868228757521138, 4304098.665066435933113 ], [ 364809.920207715418655, 4304100.717045392841101 ], [ 364811.972186673316173, 4304102.769024350680411 ], [ 364814.024165631271899, 4304104.821003309451044 ], [ 364816.076144589227624, 4304106.872982267290354 ], [ 364818.128123547125142, 4304108.924961224198341 ], [ 364820.18010250502266, 4304110.976940182037652 ], [ 364822.232081462920178, 4304113.028919140808284 ], [ 364831.465986773546319, 4304114.054908619262278 ], [ 364847.881818436901085, 4304114.054908619262278 ], [ 364857.115723747527227, 4304115.080898098647594 ], [ 364859.167702705424745, 4304117.132877055555582 ], [ 364861.219681663322262, 4304119.184856014326215 ], [ 364863.271660621277988, 4304121.236834972165525 ], [ 364878.661502805596683, 4304122.262824451550841 ], [ 364907.389208216452971, 4304122.262824451550841 ], [ 364922.779050400829874, 4304121.236834972165525 ], [ 364924.831029358727392, 4304119.184856014326215 ], [ 364925.857018837705255, 4304116.106887577101588 ], [ 364925.857018837705255, 4304112.002929661422968 ], [ 364926.883008316683117, 4304108.924961224198341 ], [ 364928.934987274580635, 4304106.872982267290354 ], [ 364948.428787374752574, 4304105.846992787905037 ], [ 364985.364408617315348, 4304105.846992787905037 ], [ 365004.858208717487287, 4304104.821003309451044 ], [ 365006.910187675384805, 4304102.769024350680411 ], [ 365008.96216663334053, 4304100.717045392841101 ], [ 365011.01414559117984, 4304098.665066435933113 ], [ 365013.066124549135566, 4304096.61308747716248 ], [ 365015.118103507091291, 4304094.56110851932317 ], [ 365017.170082464988809, 4304092.50912956148386 ], [ 365019.222061422886327, 4304090.457150602713227 ], [ 365024.352008817659225, 4304089.431161124259233 ], [ 365032.559924649307504, 4304089.431161124259233 ], [ 365037.68987204413861, 4304088.40517164580524 ], [ 365039.741851002094336, 4304086.353192687034607 ], [ 365041.793829959991854, 4304084.301213730126619 ], [ 365043.845808917889372, 4304082.249234771355987 ], [ 365061.287630060105585, 4304081.223245292901993 ], [ 365094.119293386756908, 4304081.223245292901993 ], [ 365111.561114529031329, 4304082.249234771355987 ], [ 365113.613093486987054, 4304084.301213730126619 ], [ 365115.66507244494278, 4304086.353192687034607 ], [ 365117.717051402840298, 4304088.40517164580524 ], [ 365119.769030360737815, 4304090.457150602713227 ], [ 365121.821009318635333, 4304092.50912956148386 ], [ 365123.872988276532851, 4304094.56110851932317 ], [ 365125.924967234488577, 4304096.61308747716248 ], [ 365127.976946192444302, 4304098.665066435933113 ], [ 365130.028925150283612, 4304100.717045392841101 ], [ 365132.080904108239338, 4304102.769024350680411 ], [ 365134.132883066136856, 4304104.821003309451044 ], [ 365136.184862024034373, 4304106.872982267290354 ], [ 365138.236840981990099, 4304108.924961224198341 ], [ 365140.288819939945824, 4304110.976940182037652 ], [ 365142.340798897785135, 4304113.028919140808284 ], [ 365145.418767334660515, 4304114.054908619262278 ], [ 365149.522725250571966, 4304114.054908619262278 ], [ 365152.600693687447347, 4304115.080898098647594 ], [ 365154.652672645286657, 4304117.132877055555582 ], [ 365156.704651603242382, 4304119.184856014326215 ], [ 365158.7566305611399, 4304121.236834972165525 ], [ 365178.250430661311839, 4304122.262824451550841 ], [ 365215.186051903874613, 4304122.262824451550841 ], [ 365234.679852004046552, 4304123.288813930004835 ], [ 365236.73183096194407, 4304125.340792888775468 ], [ 365238.783809919841588, 4304127.392771845683455 ], [ 365240.835788877797313, 4304129.444750804454088 ], [ 365245.965736272570211, 4304130.470740282908082 ], [ 365254.17365210421849, 4304130.470740282908082 ], [ 365259.303599499049596, 4304131.496729761362076 ], [ 365261.355578456947114, 4304133.548708720132709 ], [ 365263.407557414844632, 4304135.600687677040696 ], [ 365265.459536372800358, 4304137.652666635811329 ], [ 365272.641462725470774, 4304138.678656114265323 ], [ 365284.953336472972296, 4304138.678656114265323 ], [ 365292.13526282570092, 4304137.652666635811329 ], [ 365294.187241783598438, 4304135.600687677040696 ], [ 365295.213231262576301, 4304128.418761325068772 ], [ 365295.213231262576301, 4304116.106887577101588 ], [ 365296.239220741554163, 4304108.924961224198341 ], [ 365298.291199699393474, 4304106.872982267290354 ], [ 365300.343178657349199, 4304104.821003309451044 ], [ 365302.395157615304925, 4304102.769024350680411 ], [ 365304.447136573202442, 4304100.717045392841101 ], [ 365306.49911553109996, 4304098.665066435933113 ], [ 365309.577083967975341, 4304097.639076956547797 ], [ 365313.681041883828584, 4304097.639076956547797 ], [ 365316.759010320703965, 4304096.61308747716248 ], [ 365318.810989278601483, 4304094.56110851932317 ], [ 365320.862968236499, 4304092.50912956148386 ], [ 365322.914947194396518, 4304090.457150602713227 ], [ 365324.966926152352244, 4304088.40517164580524 ], [ 365327.018905110307969, 4304086.353192687034607 ], [ 365328.044894589227624, 4304083.275224250741303 ], [ 365328.044894589227624, 4304079.171266335062683 ], [ 365327.018905110307969, 4304076.093297898769379 ], [ 365324.966926152352244, 4304074.041318939998746 ], [ 365322.914947194396518, 4304071.989339983090758 ], [ 365320.862968236499, 4304069.937361024320126 ], [ 365318.810989278601483, 4304067.885382066480815 ], [ 365316.759010320703965, 4304065.833403108641505 ], [ 365313.681041883828584, 4304064.807413629256189 ], [ 365309.577083967975341, 4304064.807413629256189 ], [ 365306.49911553109996, 4304063.781424149870872 ], [ 365304.447136573202442, 4304061.729445192962885 ], [ 365303.42114709422458, 4304052.495539882220328 ], [ 365303.42114709422458, 4304036.079708218574524 ], [ 365304.447136573202442, 4304026.845802908763289 ], [ 365306.49911553109996, 4304024.793823949992657 ], [ 365308.551094488997478, 4304022.741844993084669 ], [ 365310.603073446894996, 4304020.689866034314036 ], [ 365312.655052404850721, 4304018.637887076474726 ], [ 365314.707031362806447, 4304016.585908118635416 ], [ 365321.888957715476863, 4304015.5599186392501 ], [ 365334.200831462978385, 4304015.5599186392501 ], [ 365341.382757815648802, 4304014.533929160796106 ], [ 365343.434736773546319, 4304012.481950202025473 ], [ 365344.460726252524182, 4303995.040129059925675 ], [ 365344.460726252524182, 4303962.208465734496713 ], [ 365345.486715731502045, 4303944.766644592396915 ], [ 365347.538694689399563, 4303942.714665633626282 ], [ 365349.590673647297081, 4303940.662686675786972 ], [ 365351.642652605252806, 4303938.610707717947662 ], [ 365352.668642084172461, 4303935.532739280723035 ], [ 365352.668642084172461, 4303931.428781365044415 ], [ 365353.694631563150324, 4303928.350812928751111 ], [ 365355.746610521047842, 4303926.298833969980478 ], [ 365357.798589479003567, 4303924.246855013072491 ], [ 365359.850568436901085, 4303922.194876054301858 ], [ 365360.876557915878948, 4303902.70107595436275 ], [ 365360.876557915878948, 4303865.765454712323844 ], [ 365361.902547394798603, 4303846.271654612384737 ], [ 365363.954526352754328, 4303844.219675653614104 ], [ 365371.136452705424745, 4303843.19368617516011 ], [ 365383.448326452926267, 4303843.19368617516011 ], [ 365390.630252805654891, 4303842.167696695774794 ], [ 365392.682231763552409, 4303840.115717738866806 ], [ 365393.708221242530271, 4303837.037749301642179 ], [ 365393.708221242530271, 4303832.933791385032237 ], [ 365394.734210721449926, 4303829.855822948738933 ], [ 365396.786189679347444, 4303827.8038439899683 ], [ 365398.838168637244962, 4303825.751865033060312 ], [ 365400.890147595200688, 4303823.69988607428968 ], [ 365401.91613707417855, 4303818.569938680157065 ], [ 365401.91613707417855, 4303810.362022847868502 ], [ 365402.942126553156413, 4303805.232075452804565 ], [ 365404.994105511053931, 4303803.180096495896578 ], [ 365408.072073947929312, 4303802.154107016511261 ], [ 365412.176031863782555, 4303802.154107016511261 ], [ 365415.254000300657935, 4303801.128117538057268 ], [ 365417.305979258497246, 4303799.076138579286635 ], [ 365418.331968737475108, 4303795.998170142993331 ], [ 365418.331968737475108, 4303791.894212227314711 ], [ 365419.357958216452971, 4303788.816243790090084 ], [ 365421.409937174350489, 4303786.764264833182096 ], [ 365423.461916132248007, 4303784.712285874411464 ], [ 365425.513895090203732, 4303782.660306916572154 ], [ 365426.539884569181595, 4303777.530359521508217 ], [ 365426.539884569181595, 4303769.322443690150976 ], [ 365427.565874048159458, 4303764.192496296018362 ], [ 365429.617853005998768, 4303762.140517337247729 ], [ 365431.669831963954493, 4303760.088538380339742 ], [ 365433.721810921852011, 4303758.036559421569109 ], [ 365435.773789879749529, 4303755.984580463729799 ], [ 365437.825768837705255, 4303753.932601505890489 ], [ 365439.87774779566098, 4303751.880622547119856 ], [ 365441.92972675350029, 4303749.828643590211868 ], [ 365443.981705711456016, 4303747.776664632372558 ], [ 365446.033684669353534, 4303745.724685673601925 ], [ 365451.163632064126432, 4303744.698696195147932 ], [ 365459.371547895832919, 4303744.698696195147932 ], [ 365464.501495290605817, 4303744.698696195147932 ], [ 365466.553474248503335, 4303744.698696195147932 ], [ 365467.579463727481198, 4303745.724685673601925 ], [ 365467.579463727481198, 4303747.776664632372558 ], [ 365467.579463727481198, 4303750.854633068665862 ], [ 365467.579463727481198, 4303754.958590985275805 ], [ 365468.60545320645906, 4303758.036559421569109 ], [ 365470.657432164356578, 4303760.088538380339742 ], [ 365496.307169138279278, 4303761.114527858793736 ], [ 365539.398727254476398, 4303761.114527858793736 ], [ 365545.554664128343575, 4303761.114527858793736 ], [ 365571.204401102266274, 4303760.088538380339742 ], [ 365573.256380060105585, 4303758.036559421569109 ], [ 365574.282369539083447, 4303752.906612027436495 ], [ 365574.282369539083447, 4303744.698696196079254 ], [ 365575.30835901806131, 4303739.568748801015317 ], [ 365577.360337976017036, 4303737.516769842244685 ], [ 365579.412316933914553, 4303735.464790884405375 ], [ 365581.464295891812071, 4303733.412811927497387 ], [ 365583.516274849767797, 4303731.360832968726754 ], [ 365585.568253807607107, 4303729.308854010887444 ], [ 365588.646222244482487, 4303728.282864531502128 ], [ 365592.750180160335731, 4303728.282864531502128 ], [ 365595.828148597211111, 4303727.256875053048134 ], [ 365597.880127555108629, 4303725.204896094277501 ], [ 365599.932106513064355, 4303723.152917137369514 ], [ 365601.98408547102008, 4303721.100938178598881 ], [ 365605.062053907895461, 4303720.074948700144887 ], [ 365609.166011823690496, 4303720.074948700144887 ], [ 365612.243980260565877, 4303719.048959221690893 ], [ 365614.295959218521602, 4303716.99698026292026 ], [ 365616.34793817641912, 4303714.945001306012273 ], [ 365618.399917134316638, 4303712.89302234724164 ], [ 365623.529864529089537, 4303711.867032868787646 ], [ 365631.737780360737815, 4303711.867032868787646 ], [ 365636.867727755510714, 4303710.841043390333652 ], [ 365638.919706713466439, 4303708.78906443156302 ], [ 365639.945696192386094, 4303689.295264331623912 ], [ 365639.945696192386094, 4303652.359643089585006 ], [ 365640.971685671363957, 4303632.865842989645898 ], [ 365643.023664629261475, 4303630.813864030875266 ], [ 365645.075643587217201, 4303628.761885073035955 ], [ 365647.127622545114718, 4303626.709906115196645 ], [ 365648.153612024092581, 4303619.527979762293398 ], [ 365648.153612024092581, 4303607.216106015257537 ], [ 365649.179601503012236, 4303600.03417966235429 ], [ 365651.231580460967962, 4303597.98220070451498 ], [ 365653.28355941886548, 4303595.93022174667567 ], [ 365655.335538376762997, 4303593.878242787905037 ], [ 365657.387517334718723, 4303591.826263830065727 ], [ 365659.439496292616241, 4303589.77428487315774 ], [ 365662.517464729491621, 4303588.748295393772423 ], [ 365666.621422645344865, 4303588.748295393772423 ], [ 365669.699391082162037, 4303587.722305915318429 ], [ 365671.751370040059555, 4303585.670326956547797 ], [ 365672.777359519037418, 4303580.54037956148386 ], [ 365672.777359519037418, 4303572.332463730126619 ], [ 365673.803348997957073, 4303567.202516335994005 ], [ 365675.855327955912799, 4303565.150537377223372 ], [ 365677.907306913868524, 4303563.098558420315385 ], [ 365679.959285871766042, 4303561.046579461544752 ], [ 365679.959285871766042, 4303558.994600504636765 ], [ 365677.907306913868524, 4303556.942621545866132 ], [ 365674.829338476993144, 4303555.916632067412138 ], [ 365670.7253805611399, 4303555.916632067412138 ], [ 365667.64741212426452, 4303554.890642588958144 ], [ 365665.595433166367002, 4303552.838663630187511 ], [ 365664.569443687389139, 4303549.760695193894207 ], [ 365664.569443687389139, 4303545.656737277284265 ], [ 365663.543454208469484, 4303542.578768840990961 ], [ 365661.491475250513759, 4303540.526789882220328 ], [ 365658.413506813638378, 4303539.500800403766334 ], [ 365654.309548897843342, 4303539.500800403766334 ], [ 365651.231580460967962, 4303538.474810924381018 ], [ 365649.179601503012236, 4303536.42283196747303 ], [ 365647.127622545114718, 4303534.37085300963372 ], [ 365645.075643587217201, 4303532.318874050863087 ], [ 365643.023664629261475, 4303530.266895093023777 ], [ 365640.971685671363957, 4303528.214916136115789 ], [ 365638.919706713466439, 4303526.162937178276479 ], [ 365636.867727755510714, 4303524.110958219505847 ], [ 365634.815748797613196, 4303522.058979261666536 ], [ 365632.763769839715678, 4303520.007000303827226 ], [ 365630.71179088181816, 4303517.955021345987916 ], [ 365628.659811923920643, 4303515.903042387217283 ], [ 365626.607832966023125, 4303513.851063430309296 ], [ 365624.555854008067399, 4303511.799084471538663 ], [ 365622.503875050111674, 4303509.747105514630675 ], [ 365620.451896092214156, 4303507.695126555860043 ], [ 365615.321948697441258, 4303506.669137077406049 ], [ 365607.114032865792979, 4303506.669137077406049 ], [ 365601.98408547102008, 4303505.643147598952055 ], [ 365599.932106513064355, 4303503.591168640181422 ], [ 365597.880127555108629, 4303501.539189683273435 ], [ 365595.828148597211111, 4303499.487210724502802 ], [ 365590.698201202438213, 4303498.461221246048808 ], [ 365582.490285370789934, 4303498.461221246048808 ], [ 365577.360337976017036, 4303497.435231766663492 ], [ 365575.30835901806131, 4303495.383252808824182 ], [ 365574.282369539083447, 4303492.305284371599555 ], [ 365574.282369539083447, 4303488.201326455920935 ], [ 365573.256380060105585, 4303485.123358018696308 ], [ 365571.204401102266274, 4303483.071379061788321 ], [ 365569.152422144310549, 4303481.01940010394901 ], [ 365567.100443186413031, 4303478.967421145178378 ], [ 365566.074453707435168, 4303473.837473750114441 ], [ 365566.074453707435168, 4303465.6295579187572 ], [ 365567.100443186413031, 4303460.499610524624586 ], [ 365569.152422144310549, 4303458.447631565853953 ], [ 365572.230390581185929, 4303457.42164208739996 ], [ 365576.334348497039173, 4303457.42164208739996 ], [ 365579.412316933914553, 4303456.395652608945966 ], [ 365581.464295891812071, 4303454.343673650175333 ], [ 365582.490285370789934, 4303451.265705213882029 ], [ 365582.490285370789934, 4303447.161747298203409 ], [ 365583.516274849767797, 4303444.083778860978782 ], [ 365585.568253807607107, 4303442.031799903139472 ], [ 365587.620232765562832, 4303439.979820944368839 ], [ 365589.672211723518558, 4303437.927841987460852 ], [ 365589.672211723518558, 4303435.875863029621542 ], [ 365587.620232765562832, 4303433.823884070850909 ], [ 365585.568253807607107, 4303431.771905113011599 ], [ 365583.516274849767797, 4303429.719926156103611 ], [ 365582.490285370789934, 4303424.589978761039674 ], [ 365582.490285370789934, 4303416.382062928751111 ], [ 365583.516274849767797, 4303411.252115534618497 ], [ 365585.568253807607107, 4303409.200136575847864 ], [ 365587.620232765562832, 4303407.148157618939877 ], [ 365589.672211723518558, 4303405.096178660169244 ], [ 365590.698201202438213, 4303399.96623126603663 ], [ 365590.698201202438213, 4303391.758315433748066 ], [ 365591.724190681416076, 4303386.62836803868413 ], [ 365593.776169639313594, 4303384.576389081776142 ], [ 365595.828148597211111, 4303382.524410123936832 ], [ 365597.880127555108629, 4303380.472431165166199 ], [ 365598.906117034086492, 4303377.394462728872895 ], [ 365598.906117034086492, 4303373.290504813194275 ], [ 365599.932106513064355, 4303370.212536375969648 ], [ 365601.98408547102008, 4303368.160557419061661 ], [ 365604.036064428917598, 4303366.108578460291028 ], [ 365606.088043386815116, 4303364.056599502451718 ], [ 365607.114032865734771, 4303360.978631065227091 ], [ 365607.114032865734771, 4303356.874673149548471 ], [ 365608.140022344712634, 4303353.796704713255167 ], [ 365610.192001302610151, 4303351.744725754484534 ], [ 365612.243980260565877, 4303349.692746797576547 ], [ 365614.295959218521602, 4303347.640767838805914 ], [ 365616.34793817641912, 4303345.588788881897926 ], [ 365618.399917134316638, 4303343.536809923127294 ], [ 365621.477885571192019, 4303342.5108204446733 ], [ 365625.581843487045262, 4303342.5108204446733 ], [ 365628.659811923920643, 4303341.484830965287983 ], [ 365630.71179088181816, 4303339.432852007448673 ], [ 365632.763769839715678, 4303337.380873049609363 ], [ 365634.815748797613196, 4303335.32889409083873 ], [ 365636.867727755510714, 4303333.27691513299942 ], [ 365638.919706713466439, 4303331.224936176091433 ], [ 365640.971685671363957, 4303329.172957218252122 ], [ 365643.023664629261475, 4303327.12097825948149 ], [ 365646.101633066136856, 4303326.094988781027496 ], [ 365650.205590981990099, 4303326.094988781027496 ], [ 365653.28355941886548, 4303325.068999301642179 ], [ 365655.335538376762997, 4303323.017020344734192 ], [ 365656.36152785574086, 4303319.939051907509565 ], [ 365656.36152785574086, 4303315.835093990899622 ], [ 365657.387517334718723, 4303312.757125554606318 ], [ 365659.439496292616241, 4303310.705146595835686 ], [ 365662.517464729491621, 4303309.679157117381692 ], [ 365666.621422645344865, 4303309.679157117381692 ], [ 365669.699391082162037, 4303308.653167638927698 ], [ 365671.751370040059555, 4303306.601188680157065 ], [ 365673.803348997957073, 4303304.549209723249078 ], [ 365675.855327955912799, 4303302.497230764478445 ], [ 365677.907306913868524, 4303300.445251807570457 ], [ 365679.959285871766042, 4303298.393272848799825 ], [ 365682.01126482966356, 4303296.341293891891837 ], [ 365684.063243787561078, 4303294.289314933121204 ], [ 365687.141212224436458, 4303293.263325454667211 ], [ 365691.245170140289702, 4303293.263325454667211 ], [ 365694.323138577165082, 4303292.237335976213217 ], [ 365696.3751175350626, 4303290.185357017442584 ], [ 365698.427096492960118, 4303288.133378059603274 ], [ 365700.479075450915843, 4303286.081399101763964 ], [ 365707.661001803644467, 4303285.055409622378647 ], [ 365719.972875551145989, 4303285.055409622378647 ], [ 365727.154801903874613, 4303284.029420143924654 ], [ 365729.206780861713924, 4303281.977441185154021 ], [ 365730.232770340691786, 4303278.899472748860717 ], [ 365730.232770340691786, 4303274.795514833182096 ], [ 365731.258759819669649, 4303271.71754639595747 ], [ 365733.310738777567167, 4303269.665567439049482 ], [ 365735.362717735464685, 4303267.613588481210172 ], [ 365737.41469669342041, 4303265.561609522439539 ], [ 365739.466675651376136, 4303263.509630564600229 ], [ 365741.518654609215446, 4303261.457651606760919 ], [ 365744.596623046090826, 4303260.431662127375603 ], [ 365748.70058096194407, 4303260.431662127375603 ], [ 365751.77854939881945, 4303259.405672648921609 ], [ 365753.830528356716968, 4303257.353693690150976 ], [ 365755.882507314672694, 4303255.301714733242989 ], [ 365757.934486272570211, 4303253.249735774472356 ], [ 365761.012454709445592, 4303252.223746296018362 ], [ 365765.116412625298835, 4303252.223746296018362 ], [ 365768.194381062174216, 4303251.197756817564368 ], [ 365770.246360020071734, 4303249.145777858793736 ], [ 365772.298338977969252, 4303247.093798901885748 ], [ 365774.350317935924977, 4303245.041819943115115 ], [ 365776.402296893822495, 4303242.989840986207128 ], [ 365778.454275851720013, 4303240.937862027436495 ], [ 365780.506254809617531, 4303238.885883069597185 ], [ 365782.558233767573256, 4303236.833904111757874 ], [ 365784.610212725470774, 4303234.781925152987242 ], [ 365786.662191683368292, 4303232.729946196079254 ], [ 365787.688181162346154, 4303229.651977758854628 ], [ 365787.688181162346154, 4303225.548019843176007 ], [ 365788.714170641324017, 4303222.470051406882703 ], [ 365790.766149599221535, 4303220.418072448112071 ], [ 365792.818128557119053, 4303218.36609349027276 ], [ 365794.870107515074778, 4303216.314114533364773 ], [ 365796.922086472972296, 4303214.262135575525463 ], [ 365798.974065430869814, 4303212.21015661675483 ], [ 365801.026044388825539, 4303210.15817765891552 ], [ 365803.078023346723057, 4303208.10619870107621 ], [ 365804.10401282570092, 4303205.028230263851583 ], [ 365804.10401282570092, 4303200.924272348172963 ], [ 365803.078023346723057, 4303197.846303911879659 ], [ 365801.026044388825539, 4303195.794324953109026 ], [ 365798.974065430869814, 4303193.742345996201038 ], [ 365796.922086472972296, 4303191.690367037430406 ], [ 365795.896096993994433, 4303188.612398601137102 ], [ 365795.896096993994433, 4303184.508440684527159 ], [ 365796.922086472972296, 4303181.430472247302532 ], [ 365798.974065430869814, 4303179.378493290394545 ], [ 365801.026044388825539, 4303177.326514332555234 ], [ 365803.078023346723057, 4303175.274535373784602 ], [ 365804.10401282570092, 4303170.144587978720665 ], [ 365804.10401282570092, 4303161.936672147363424 ], [ 365803.078023346723057, 4303156.80672475323081 ], [ 365801.026044388825539, 4303154.754745794460177 ], [ 365798.974065430869814, 4303152.70276683755219 ], [ 365796.922086472972296, 4303150.650787878781557 ], [ 365794.870107515074778, 4303148.598808921873569 ], [ 365792.818128557119053, 4303146.546829963102937 ], [ 365790.766149599221535, 4303144.494851006194949 ], [ 365788.714170641324017, 4303142.442872047424316 ], [ 365787.688181162346154, 4303139.364903611131012 ], [ 365787.688181162346154, 4303135.260945695452392 ], [ 365786.662191683368292, 4303132.182977258227766 ], [ 365784.610212725470774, 4303130.130998300388455 ], [ 365782.558233767573256, 4303130.130998300388455 ], [ 365780.506254809617531, 4303132.182977258227766 ], [ 365778.454275851720013, 4303134.234956216067076 ], [ 365776.402296893822495, 4303136.286935174837708 ], [ 365774.350317935924977, 4303136.286935174837708 ], [ 365772.298338977969252, 4303134.234956216067076 ], [ 365770.246360020071734, 4303132.182977258227766 ], [ 365768.194381062174216, 4303130.130998300388455 ], [ 365766.14240210421849, 4303128.079019341617823 ], [ 365764.090423146320973, 4303126.027040384709835 ], [ 365763.06443366734311, 4303122.949071947485209 ], [ 365763.06443366734311, 4303118.845114031806588 ], [ 365762.038444188423455, 4303115.767145595513284 ], [ 365759.986465230467729, 4303113.715166636742651 ], [ 365757.934486272570211, 4303111.663187678903341 ], [ 365755.882507314672694, 4303109.611208721995354 ], [ 365753.830528356716968, 4303107.559229763224721 ], [ 365751.77854939881945, 4303105.507250805385411 ], [ 365749.726570440921932, 4303103.455271847546101 ], [ 365747.674591482966207, 4303101.403292888775468 ], [ 365745.622612525068689, 4303099.35131393186748 ], [ 365743.570633567171171, 4303097.299334973096848 ], [ 365741.518654609215446, 4303095.24735601618886 ], [ 365739.466675651376136, 4303093.195377057418227 ], [ 365738.440686172398273, 4303090.117408621124923 ], [ 365738.440686172398273, 4303086.013450705446303 ], [ 365737.41469669342041, 4303082.935482268221676 ], [ 365735.362717735464685, 4303080.883503310382366 ], [ 365732.284749298589304, 4303079.85751383099705 ], [ 365728.180791382794268, 4303079.85751383099705 ], [ 365725.102822945918888, 4303080.883503310382366 ], [ 365723.050843987963162, 4303082.935482268221676 ], [ 365720.998865030065645, 4303084.987461226060987 ], [ 365718.946886072168127, 4303087.039440184831619 ], [ 365711.764959719439503, 4303088.065429663285613 ], [ 365699.453085971996188, 4303088.065429663285613 ], [ 365692.271159619267564, 4303087.039440184831619 ], [ 365690.219180661370046, 4303084.987461226060987 ], [ 365688.167201703414321, 4303082.935482268221676 ], [ 365686.115222745458595, 4303080.883503310382366 ], [ 365678.933296392788179, 4303079.85751383099705 ], [ 365666.621422645286657, 4303079.85751383099705 ], [ 365659.439496292616241, 4303078.831524352543056 ], [ 365657.387517334718723, 4303076.779545393772423 ], [ 365655.335538376762997, 4303074.727566435933113 ], [ 365653.28355941886548, 4303072.675587479025126 ], [ 365648.153612024092581, 4303071.649597999639809 ], [ 365639.945696192386094, 4303071.649597999639809 ], [ 365634.815748797613196, 4303070.623608521185815 ], [ 365632.763769839715678, 4303068.571629562415183 ], [ 365630.71179088181816, 4303066.519650604575872 ], [ 365628.659811923920643, 4303064.467671647667885 ], [ 365623.529864529147744, 4303063.441682168282568 ], [ 365615.321948697441258, 4303063.441682168282568 ], [ 365610.192001302610151, 4303062.415692689828575 ], [ 365608.140022344712634, 4303060.363713731057942 ], [ 365607.114032865734771, 4303057.285745294764638 ], [ 365607.114032865734771, 4303053.181787378154695 ], [ 365606.088043386815116, 4303050.103818941861391 ], [ 365604.036064428917598, 4303048.051839983090758 ], [ 365600.958095992042217, 4303047.025850504636765 ], [ 365596.854138076188974, 4303047.025850504636765 ], [ 365593.776169639313594, 4303045.999861026182771 ], [ 365591.724190681416076, 4303043.947882067412138 ], [ 365589.672211723518558, 4303041.89590311050415 ], [ 365587.620232765562832, 4303039.843924151733518 ], [ 365584.542264328687452, 4303038.817934673279524 ], [ 365580.438306412892416, 4303038.817934673279524 ], [ 365577.360337976017036, 4303037.79194519482553 ], [ 365575.30835901806131, 4303035.739966236054897 ], [ 365574.282369539083447, 4303016.246166136115789 ], [ 365574.282369539083447, 4302979.310544893145561 ], [ 365573.256380060105585, 4302959.816744793206453 ], [ 365571.204401102266274, 4302957.764765836298466 ], [ 365569.152422144310549, 4302955.712786878459156 ], [ 365567.100443186413031, 4302953.660807919688523 ], [ 365566.074453707435168, 4302948.530860524624586 ], [ 365566.074453707435168, 4302940.322944693267345 ], [ 365567.100443186413031, 4302935.192997299134731 ], [ 365569.152422144310549, 4302933.141018340364099 ], [ 365571.204401102266274, 4302931.089039383456111 ], [ 365573.256380060105585, 4302929.037060424685478 ], [ 365573.256380060105585, 4302926.985081466846168 ], [ 365571.204401102266274, 4302924.933102509006858 ], [ 365569.152422144310549, 4302922.881123550236225 ], [ 365567.100443186413031, 4302920.829144593328238 ], [ 365565.048464228515513, 4302918.777165635488927 ], [ 365562.996485270559788, 4302916.725186676718295 ], [ 365560.944506312604062, 4302914.673207718878984 ], [ 365558.892527354764752, 4302912.621228761970997 ], [ 365556.840548396809027, 4302910.569249804131687 ], [ 365554.788569438911509, 4302908.517270845361054 ], [ 365551.710601002036128, 4302907.49128136690706 ], [ 365547.606643086182885, 4302907.49128136690706 ], [ 365544.528674649307504, 4302906.465291887521744 ], [ 365542.476695691409986, 4302904.413312930613756 ], [ 365540.424716733512469, 4302902.361333971843123 ], [ 365538.372737775556743, 4302900.309355014003813 ], [ 365536.320758817659225, 4302898.257376056164503 ], [ 365534.268779859761707, 4302896.20539709739387 ], [ 365532.216800901805982, 4302894.153418140485883 ], [ 365530.164821943908464, 4302892.10143918171525 ], [ 365522.982895591238048, 4302891.075449703261256 ], [ 365510.671021843678318, 4302891.075449703261256 ], [ 365503.489095491007902, 4302890.049460224807262 ], [ 365501.437116533110384, 4302887.99748126603663 ], [ 365499.385137575154658, 4302885.945502309128642 ], [ 365497.333158617257141, 4302883.893523350358009 ], [ 365495.281179659359623, 4302881.841544393450022 ], [ 365493.229200701403897, 4302879.789565434679389 ], [ 365491.177221743506379, 4302877.737586477771401 ], [ 365489.125242785608862, 4302875.685607519000769 ], [ 365486.047274348733481, 4302874.659618040546775 ], [ 365481.943316432880238, 4302874.659618040546775 ], [ 365478.865347996004857, 4302873.633628561161458 ], [ 365476.813369038107339, 4302871.581649603322148 ], [ 365474.761390080209821, 4302869.529670644551516 ], [ 365472.709411122254096, 4302867.477691687643528 ], [ 365467.579463727481198, 4302866.451702208258212 ], [ 365459.371547895832919, 4302866.451702208258212 ], [ 365454.241600501001813, 4302865.425712729804218 ], [ 365452.189621543104295, 4302863.373733771033585 ], [ 365450.137642585206777, 4302861.321754813194275 ], [ 365448.085663627251051, 4302859.269775856286287 ], [ 365446.033684669353534, 4302857.217796898446977 ], [ 365443.981705711456016, 4302855.165817939676344 ], [ 365441.92972675350029, 4302853.113838981837034 ], [ 365439.87774779566098, 4302851.061860024929047 ], [ 365436.799779358785599, 4302850.03587054554373 ], [ 365432.695821442874148, 4302850.03587054554373 ], [ 365429.617853005998768, 4302849.009881066158414 ], [ 365427.565874048159458, 4302846.957902108319104 ], [ 365426.539884569181595, 4302841.827954713255167 ], [ 365426.539884569181595, 4302833.620038881897926 ], [ 365425.513895090203732, 4302828.490091487765312 ], [ 365423.461916132248007, 4302826.438112528994679 ], [ 365414.228010821621865, 4302825.412123050540686 ], [ 365397.812179158325307, 4302825.412123050540686 ], [ 365388.578273847699165, 4302824.386133571155369 ], [ 365386.52629488974344, 4302822.334154613316059 ], [ 365384.474315931845922, 4302820.282175655476749 ], [ 365382.422336973948404, 4302818.230196696706116 ], [ 365380.370358016050886, 4302816.178217738866806 ], [ 365378.318379058153369, 4302814.126238781958818 ], [ 365376.266400100255851, 4302812.074259824119508 ], [ 365374.214421142300125, 4302810.022280865348876 ], [ 365367.032494789629709, 4302808.996291386894882 ], [ 365354.720621042128187, 4302808.996291386894882 ], [ 365347.538694689399563, 4302810.022280865348876 ], [ 365345.486715731502045, 4302812.074259824119508 ], [ 365343.434736773546319, 4302814.126238781958818 ], [ 365341.382757815648802, 4302816.178217738866806 ], [ 365330.096873547125142, 4302817.204207218252122 ], [ 365309.577083967917133, 4302817.204207218252122 ], [ 365298.291199699393474, 4302816.178217738866806 ], [ 365296.239220741554163, 4302814.126238781958818 ], [ 365294.187241783598438, 4302812.074259824119508 ], [ 365292.13526282570092, 4302810.022280865348876 ], [ 365282.901357515074778, 4302808.996291386894882 ], [ 365266.485525851720013, 4302808.996291386894882 ], [ 365257.251620541093871, 4302807.970301907509565 ], [ 365255.199641583196353, 4302805.918322950601578 ], [ 365254.17365210421849, 4302800.788375555537641 ], [ 365254.17365210421849, 4302792.580459723249078 ], [ 365253.147662625298835, 4302787.450512329116464 ], [ 365251.09568366734311, 4302785.398533370345831 ], [ 365245.965736272570211, 4302784.372543891891837 ], [ 365237.757820440921932, 4302784.372543891891837 ], [ 365232.627873046090826, 4302783.346554413437843 ], [ 365230.575894088193309, 4302781.294575454667211 ], [ 365228.523915130295791, 4302779.242596497759223 ], [ 365226.471936172340065, 4302777.19061753898859 ], [ 365219.290009819669649, 4302776.164628060534596 ], [ 365206.978136072168127, 4302776.164628060534596 ], [ 365199.796209719439503, 4302777.19061753898859 ], [ 365197.744230761541985, 4302779.242596497759223 ], [ 365195.692251803644467, 4302781.294575454667211 ], [ 365193.640272845688742, 4302783.346554413437843 ], [ 365188.510325450915843, 4302784.372543891891837 ], [ 365180.302409619267564, 4302784.372543891891837 ], [ 365175.172462224494666, 4302783.346554413437843 ], [ 365173.12048326653894, 4302781.294575454667211 ], [ 365172.094493787619285, 4302776.164628060534596 ], [ 365172.094493787619285, 4302767.956712228246033 ], [ 365171.068504308641423, 4302762.826764833182096 ], [ 365169.016525350743905, 4302760.774785876274109 ], [ 365163.886577955912799, 4302759.748796396888793 ], [ 365155.678662124322727, 4302759.748796396888793 ], [ 365150.548714729491621, 4302758.722806918434799 ], [ 365148.496735771535896, 4302756.670827959664166 ], [ 365147.470746292616241, 4302753.592859523370862 ], [ 365147.470746292616241, 4302749.488901607692242 ], [ 365146.444756813638378, 4302746.410933170467615 ], [ 365144.39277785574086, 4302744.358954212628305 ], [ 365142.340798897785135, 4302742.306975254788995 ], [ 365140.288819939945824, 4302740.254996296018362 ], [ 365139.262830460967962, 4302737.177027859725058 ], [ 365139.262830460967962, 4302733.073069944046438 ], [ 365138.236840981990099, 4302729.995101507753134 ], [ 365136.184862024034373, 4302727.943122548982501 ], [ 365126.950956713408232, 4302726.917133070528507 ], [ 365110.535125050111674, 4302726.917133070528507 ], [ 365101.301219739485532, 4302725.891143592074513 ], [ 365099.249240781529807, 4302723.839164633303881 ], [ 365097.197261823632289, 4302721.787185676395893 ], [ 365095.145282865734771, 4302719.73520671762526 ], [ 365071.547524849767797, 4302718.709217239171267 ], [ 365026.403987775614951, 4302718.709217239171267 ], [ 365002.806229759589769, 4302717.68322775978595 ], [ 365000.754250801634043, 4302715.63124880194664 ], [ 364999.728261322656181, 4302710.501301406882703 ], [ 364999.728261322656181, 4302702.293385575525463 ], [ 364998.702271843678318, 4302697.163438181392848 ], [ 364996.650292885839008, 4302695.111459222622216 ], [ 364994.598313927883282, 4302693.059480264782906 ], [ 364992.546334969985764, 4302691.007501306943595 ], [ 364991.520345491007902, 4302677.669638080522418 ], [ 364991.520345491007902, 4302653.045890585519373 ], [ 364990.494356012088247, 4302639.708027359098196 ], [ 364988.442377054132521, 4302637.656048401258886 ], [ 364952.532745290547609, 4302636.630058921873569 ], [ 364882.765460721449926, 4302636.630058921873569 ], [ 364846.855828957923222, 4302635.604069443419576 ], [ 364844.803850000025705, 4302633.552090484648943 ], [ 364843.777860521047842, 4302622.266206216998398 ], [ 364843.777860521047842, 4302601.746416637673974 ], [ 364842.751871042069979, 4302590.460532369092107 ], [ 364840.699892084230669, 4302588.408553411252797 ], [ 364838.647913126274943, 4302586.356574453413486 ], [ 364836.595934168319218, 4302584.304595494642854 ], [ 364834.5439552104217, 4302582.252616537734866 ], [ 364832.491976252524182, 4302580.200637578964233 ], [ 364830.439997294568457, 4302578.148658622056246 ], [ 364828.388018336729147, 4302576.096679663285613 ], [ 364826.336039378773421, 4302574.044700706377625 ], [ 364824.284060420817696, 4302571.992721747606993 ], [ 364822.232081462920178, 4302569.940742790699005 ], [ 364820.18010250502266, 4302567.888763831928372 ], [ 364818.128123547125142, 4302565.836784875020385 ], [ 364816.076144589227624, 4302563.784805916249752 ], [ 364814.024165631271899, 4302561.732826958410442 ], [ 364811.972186673316173, 4302559.680848000571132 ], [ 364810.946197194396518, 4302556.602879563346505 ], [ 364810.946197194396518, 4302552.498921647667885 ], [ 364809.920207715418655, 4302549.420953210443258 ], [ 364807.868228757521138, 4302547.368974253535271 ], [ 364804.790260320645757, 4302546.342984774149954 ], [ 364800.686302404792514, 4302546.342984774149954 ], [ 364797.608333967917133, 4302545.316995295695961 ], [ 364795.556355010019615, 4302543.265016336925328 ], [ 364794.53036553109996, 4302538.135068941861391 ], [ 364794.53036553109996, 4302529.92715311050415 ], [ 364793.504376052122097, 4302524.797205716371536 ], [ 364791.45239709422458, 4302522.745226757600904 ], [ 364789.400418136327062, 4302520.693247800692916 ], [ 364787.348439178371336, 4302518.641268841922283 ], [ 364786.322449699451681, 4302515.563300405628979 ], [ 364786.322449699451681, 4302511.459342489019036 ], [ 364785.296460220473818, 4302508.381374052725732 ], [ 364783.244481262576301, 4302506.3293950939551 ], [ 364778.114533867745195, 4302505.303405615501106 ], [ 364769.906618036096916, 4302505.303405615501106 ], [ 364764.776670641324017, 4302504.277416136115789 ], [ 364762.724691683368292, 4302502.225437179207802 ], [ 364761.698702204448637, 4302499.147468741983175 ], [ 364761.698702204448637, 4302495.043510826304555 ], [ 364761.698702204448637, 4302491.965542390011251 ], [ 364761.698702204448637, 4302489.913563431240618 ], [ 364760.672712725470774, 4302488.887573952786624 ], [ 364758.620733767573256, 4302488.887573952786624 ], [ 364753.490786372800358, 4302488.887573952786624 ] ] ] ] } },
{ "type": "Feature", "properties": { "fid": null, "cat": null, "value": null, "label": null, "fid_2": 1.0, "cat_2": 1, "value_2": 1, "label_2": null, "fid_3": null, "cat_3": null, "value_3": null, "label_3": null, "FID_4": null }, "geometry": { "type": "MultiPolygon", "coordinates": [ [ [ [ 365446.033684669353534, 4303745.724685673601925 ], [ 365443.981705711456016, 4303747.776664632372558 ], [ 365441.92972675350029, 4303749.828643590211868 ], [ 365439.87774779566098, 4303751.880622547119856 ], [ 365437.825768837705255, 4303753.932601505890489 ], [ 365435.773789879749529, 4303755.984580463729799 ], [ 365433.721810921852011, 4303758.036559421569109 ], [ 365431.669831963954493, 4303760.088538380339742 ], [ 365429.617853005998768, 4303762.140517337247729 ], [ 365427.565874048159458, 4303764.192496296018362 ], [ 365426.539884569181595, 4303769.322443690150976 ], [ 365426.539884569181595, 4303777.530359521508217 ], [ 365425.513895090203732, 4303782.660306916572154 ], [ 365423.461916132248007, 4303784.712285874411464 ], [ 365421.409937174350489, 4303786.764264833182096 ], [ 365419.357958216452971, 4303788.816243790090084 ], [ 365418.331968737475108, 4303791.894212227314711 ], [ 365418.331968737475108, 4303795.998170142993331 ], [ 365417.305979258497246, 4303799.076138579286635 ], [ 365415.254000300657935, 4303801.128117538057268 ], [ 365412.176031863782555, 4303802.154107016511261 ], [ 365408.072073947929312, 4303802.154107016511261 ], [ 365404.994105511053931, 4303803.180096495896578 ], [ 365402.942126553156413, 4303805.232075452804565 ], [ 365401.91613707417855, 4303810.362022847868502 ], [ 365401.91613707417855, 4303818.569938680157065 ], [ 365400.890147595200688, 4303823.69988607428968 ], [ 365398.838168637244962, 4303825.751865033060312 ], [ 365396.786189679347444, 4303827.8038439899683 ], [ 365394.734210721449926, 4303829.855822948738933 ], [ 365393.708221242530271, 4303832.933791385032237 ], [ 365393.708221242530271, 4303837.037749301642179 ], [ 365392.682231763552409, 4303840.115717738866806 ], [ 365390.630252805654891, 4303842.167696695774794 ], [ 365383.448326452926267, 4303843.19368617516011 ], [ 365371.136452705424745, 4303843.19368617516011 ], [ 365363.954526352754328, 4303844.219675653614104 ], [ 365361.902547394798603, 4303846.271654612384737 ], [ 365360.876557915878948, 4303865.765454712323844 ], [ 365360.876557915878948, 4303902.70107595436275 ], [ 365359.850568436901085, 4303922.194876054301858 ], [ 365357.798589479003567, 4303924.246855013072491 ], [ 365355.746610521047842, 4303926.298833969980478 ], [ 365353.694631563150324, 4303928.350812928751111 ], [ 365352.668642084172461, 4303931.428781365044415 ], [ 365352.668642084172461, 4303935.532739280723035 ], [ 365351.642652605252806, 4303938.610707717947662 ], [ 365349.590673647297081, 4303940.662686675786972 ], [ 365347.538694689399563, 4303942.714665633626282 ], [ 365345.486715731502045, 4303944.766644592396915 ], [ 365344.460726252524182, 4303962.208465734496713 ], [ 365344.460726252524182, 4303995.040129059925675 ], [ 365345.486715731502045, 4304012.481950202025473 ], [ 365347.538694689399563, 4304014.533929160796106 ], [ 365350.616663126274943, 4304015.5599186392501 ], [ 365354.720621042128187, 4304015.5599186392501 ], [ 365357.798589479003567, 4304016.585908118635416 ], [ 365359.850568436901085, 4304018.637887076474726 ], [ 365361.902547394798603, 4304020.689866034314036 ], [ 365363.954526352754328, 4304022.741844993084669 ], [ 365366.006505310651846, 4304024.793823949992657 ], [ 365368.058484268549364, 4304026.845802908763289 ], [ 365369.084473747527227, 4304036.079708218574524 ], [ 365369.084473747527227, 4304052.495539882220328 ], [ 365370.11046322650509, 4304061.729445192962885 ], [ 365372.162442184402607, 4304063.781424149870872 ], [ 365374.214421142300125, 4304065.833403108641505 ], [ 365376.266400100255851, 4304067.885382066480815 ], [ 365377.292389579175506, 4304070.963350503705442 ], [ 365377.292389579175506, 4304075.067308419384062 ], [ 365378.318379058153369, 4304078.145276855677366 ], [ 365380.370358016050886, 4304080.197255814447999 ], [ 365382.422336973948404, 4304082.249234771355987 ], [ 365384.474315931845922, 4304084.301213730126619 ], [ 365386.52629488974344, 4304086.353192687034607 ], [ 365388.578273847699165, 4304088.40517164580524 ], [ 365390.630252805654891, 4304088.40517164580524 ], [ 365392.682231763552409, 4304086.353192687034607 ], [ 365394.734210721449926, 4304084.301213730126619 ], [ 365396.786189679347444, 4304082.249234771355987 ], [ 365398.838168637244962, 4304080.197255814447999 ], [ 365400.890147595200688, 4304078.145276855677366 ], [ 365402.942126553156413, 4304076.093297898769379 ], [ 365404.994105511053931, 4304074.041318939998746 ], [ 365407.046084468951449, 4304071.989339983090758 ], [ 365409.098063426848967, 4304069.937361024320126 ], [ 365411.150042384746484, 4304067.885382066480815 ], [ 365413.20202134270221, 4304065.833403108641505 ], [ 365420.383947695430834, 4304064.807413629256189 ], [ 365426.539884569123387, 4304064.807413629256189 ], [ 365432.695821442932356, 4304064.807413629256189 ], [ 365439.87774779566098, 4304063.781424149870872 ], [ 365441.92972675350029, 4304061.729445192962885 ], [ 365442.955716232478153, 4304056.599497797898948 ], [ 365442.955716232478153, 4304048.391581966541708 ], [ 365443.981705711456016, 4304043.261634571477771 ], [ 365446.033684669353534, 4304041.209655613638461 ], [ 365451.163632064126432, 4304040.183666134253144 ], [ 365459.371547895832919, 4304040.183666134253144 ], [ 365464.501495290605817, 4304041.209655613638461 ], [ 365466.553474248503335, 4304043.261634571477771 ], [ 365468.60545320645906, 4304045.313613530248404 ], [ 365470.657432164356578, 4304047.365592487156391 ], [ 365477.839358517026994, 4304048.391581966541708 ], [ 365490.151232264586724, 4304048.391581966541708 ], [ 365497.333158617257141, 4304047.365592487156391 ], [ 365499.385137575154658, 4304045.313613530248404 ], [ 365501.437116533110384, 4304043.261634571477771 ], [ 365503.489095491007902, 4304041.209655613638461 ], [ 365505.54107444890542, 4304039.15767665579915 ], [ 365507.593053406861145, 4304037.105697697028518 ], [ 365508.6190428857808, 4304034.027729260735214 ], [ 365508.6190428857808, 4304029.923771345056593 ], [ 365509.645032364758663, 4304026.845802908763289 ], [ 365511.697011322656181, 4304024.793823949992657 ], [ 365513.748990280611906, 4304022.741844993084669 ], [ 365515.800969238509424, 4304020.689866034314036 ], [ 365516.826958717487287, 4304013.507939682342112 ], [ 365516.826958717487287, 4304001.196065934374928 ], [ 365515.800969238509424, 4303994.014139581471682 ], [ 365513.748990280611906, 4303991.962160624563694 ], [ 365510.671021843736526, 4303990.936171145178378 ], [ 365506.567063927883282, 4303990.936171145178378 ], [ 365503.489095491007902, 4303989.910181665793061 ], [ 365501.437116533110384, 4303987.858202707953751 ], [ 365500.411127054132521, 4303984.780234270729125 ], [ 365500.411127054132521, 4303980.676276355050504 ], [ 365499.385137575154658, 4303977.5983079187572 ], [ 365497.333158617257141, 4303975.546328959986567 ], [ 365490.151232264586724, 4303974.520339481532574 ], [ 365477.839358517026994, 4303974.520339481532574 ], [ 365470.657432164356578, 4303973.49435000307858 ], [ 365468.60545320645906, 4303971.442371044307947 ], [ 365467.579463727481198, 4303968.364402608014643 ], [ 365467.579463727481198, 4303964.2604446914047 ], [ 365468.60545320645906, 4303961.182476255111396 ], [ 365470.657432164356578, 4303959.130497296340764 ], [ 365473.735400601231959, 4303958.10450781788677 ], [ 365477.839358517085202, 4303958.10450781788677 ], [ 365480.917326953960583, 4303957.078518338501453 ], [ 365482.9693059118581, 4303955.026539381593466 ], [ 365485.021284869755618, 4303952.974560423754156 ], [ 365487.073263827711344, 4303950.922581464983523 ], [ 365489.125242785608862, 4303948.870602507144213 ], [ 365491.177221743506379, 4303946.818623550236225 ], [ 365493.229200701403897, 4303944.766644592396915 ], [ 365495.281179659359623, 4303942.714665633626282 ], [ 365497.333158617257141, 4303940.662686675786972 ], [ 365499.385137575154658, 4303938.610707717947662 ], [ 365500.411127054132521, 4303929.376802407205105 ], [ 365500.411127054132521, 4303912.960970743559301 ], [ 365501.437116533110384, 4303903.727065432816744 ], [ 365503.489095491007902, 4303901.675086475908756 ], [ 365505.54107444890542, 4303899.623107518069446 ], [ 365507.593053406861145, 4303897.571128559298813 ], [ 365508.6190428857808, 4303878.077328459359705 ], [ 365508.6190428857808, 4303841.1417072173208 ], [ 365509.645032364758663, 4303821.647907117381692 ], [ 365511.697011322656181, 4303819.595928158611059 ], [ 365513.748990280611906, 4303817.543949201703072 ], [ 365515.800969238509424, 4303815.491970242932439 ], [ 365517.852948196406942, 4303813.439991286024451 ], [ 365519.904927154362667, 4303811.388012327253819 ], [ 365521.956906112260185, 4303809.336033369414508 ], [ 365524.008885070157703, 4303807.284054411575198 ], [ 365526.060864028055221, 4303805.232075452804565 ], [ 365528.112842986010946, 4303803.180096495896578 ], [ 365530.164821943908464, 4303801.128117538057268 ], [ 365532.216800901805982, 4303799.076138579286635 ], [ 365533.242790380783845, 4303795.998170142993331 ], [ 365533.242790380783845, 4303791.894212227314711 ], [ 365534.268779859761707, 4303788.816243790090084 ], [ 365536.320758817659225, 4303786.764264833182096 ], [ 365538.372737775556743, 4303784.712285874411464 ], [ 365540.424716733512469, 4303782.660306916572154 ], [ 365542.476695691409986, 4303780.608327958732843 ], [ 365544.528674649307504, 4303778.556349 ], [ 365547.606643086182885, 4303777.530359521508217 ], [ 365551.710601002036128, 4303777.530359521508217 ], [ 365554.788569438911509, 4303776.504370043054223 ], [ 365556.840548396809027, 4303774.45239108428359 ], [ 365558.892527354764752, 4303772.400412127375603 ], [ 365560.944506312604062, 4303770.34843316860497 ], [ 365562.996485270559788, 4303768.296454211696982 ], [ 365565.048464228515513, 4303766.24447525292635 ], [ 365565.048464228515513, 4303764.192496296018362 ], [ 365562.996485270559788, 4303762.140517337247729 ], [ 365539.398727254476398, 4303761.114527858793736 ], [ 365496.307169138279278, 4303761.114527858793736 ], [ 365494.25519018038176, 4303761.114527858793736 ], [ 365470.657432164356578, 4303760.088538380339742 ], [ 365468.60545320645906, 4303758.036559421569109 ], [ 365467.579463727481198, 4303754.958590985275805 ], [ 365467.579463727481198, 4303750.854633068665862 ], [ 365466.553474248503335, 4303747.776664632372558 ], [ 365464.501495290605817, 4303745.724685673601925 ], [ 365459.371547895832919, 4303744.698696195147932 ], [ 365451.163632064126432, 4303744.698696195147932 ], [ 365446.033684669353534, 4303745.724685673601925 ] ] ] ] } },
{ "type": "Feature", "properties": { "fid": null, "cat": null, "value": null, "label": null, "fid_2": null, "cat_2": null, "value_2": null, "label_2": null, "fid_3": 1.0, "cat_3": 1, "value_3": 1, "label_3": null, "FID_4": null }, "geometry": { "type": "MultiPolygon", "coordinates": [ [ [ [ 365717.920896593190264, 4303711.867032868787646 ], [ 365670.7253805611399, 4303711.867032868787646 ], [ 365652.257569939887617, 4303711.867032868787646 ], [ 365618.399917134316638, 4303712.89302234724164 ], [ 365616.34793817641912, 4303714.945001306012273 ], [ 365614.295959218521602, 4303716.99698026292026 ], [ 365612.243980260565877, 4303719.048959221690893 ], [ 365609.166011823690496, 4303720.074948700144887 ], [ 365605.062053907895461, 4303720.074948700144887 ], [ 365601.98408547102008, 4303721.100938178598881 ], [ 365599.932106513064355, 4303723.152917137369514 ], [ 365597.880127555108629, 4303725.204896094277501 ], [ 365595.828148597211111, 4303727.256875053048134 ], [ 365592.750180160335731, 4303728.282864531502128 ], [ 365588.646222244482487, 4303728.282864531502128 ], [ 365585.568253807607107, 4303729.308854010887444 ], [ 365583.516274849767797, 4303731.360832968726754 ], [ 365581.464295891812071, 4303733.412811927497387 ], [ 365579.412316933914553, 4303735.464790884405375 ], [ 365577.360337976017036, 4303737.516769842244685 ], [ 365575.30835901806131, 4303739.568748801015317 ], [ 365574.282369539083447, 4303744.698696196079254 ], [ 365574.282369539083447, 4303752.906612027436495 ], [ 365573.256380060105585, 4303758.036559421569109 ], [ 365571.204401102266274, 4303760.088538380339742 ], [ 365569.152422144310549, 4303762.140517337247729 ], [ 365567.100443186413031, 4303764.192496296018362 ], [ 365565.048464228515513, 4303766.24447525292635 ], [ 365562.996485270559788, 4303768.296454211696982 ], [ 365560.944506312604062, 4303770.34843316860497 ], [ 365558.892527354764752, 4303772.400412127375603 ], [ 365556.840548396809027, 4303774.45239108428359 ], [ 365554.788569438911509, 4303776.504370043054223 ], [ 365551.710601002036128, 4303777.530359521508217 ], [ 365547.606643086182885, 4303777.530359521508217 ], [ 365544.528674649307504, 4303778.556349 ], [ 365542.476695691409986, 4303780.608327958732843 ], [ 365540.424716733512469, 4303782.660306916572154 ], [ 365538.372737775556743, 4303784.712285874411464 ], [ 365536.320758817659225, 4303786.764264833182096 ], [ 365534.268779859761707, 4303788.816243790090084 ], [ 365533.242790380783845, 4303791.894212227314711 ], [ 365533.242790380783845, 4303795.998170142993331 ], [ 365532.216800901805982, 4303799.076138579286635 ], [ 365530.164821943908464, 4303801.128117538057268 ], [ 365528.112842986010946, 4303803.180096495896578 ], [ 365526.060864028055221, 4303805.232075452804565 ], [ 365524.008885070157703, 4303807.284054411575198 ], [ 365521.956906112260185, 4303809.336033369414508 ], [ 365519.904927154362667, 4303811.388012327253819 ], [ 365517.852948196406942, 4303813.439991286024451 ], [ 365515.800969238509424, 4303815.491970242932439 ], [ 365513.748990280611906, 4303817.543949201703072 ], [ 365511.697011322656181, 4303819.595928158611059 ], [ 365509.645032364758663, 4303821.647907117381692 ], [ 365508.6190428857808, 4303841.1417072173208 ], [ 365508.6190428857808, 4303878.077328459359705 ], [ 365507.593053406861145, 4303897.571128559298813 ], [ 365505.54107444890542, 4303899.623107518069446 ], [ 365503.489095491007902, 4303901.675086475908756 ], [ 365501.437116533110384, 4303903.727065432816744 ], [ 365500.411127054132521, 4303912.960970743559301 ], [ 365500.411127054132521, 4303929.376802407205105 ], [ 365499.385137575154658, 4303938.610707717947662 ], [ 365497.333158617257141, 4303940.662686675786972 ], [ 365495.281179659359623, 4303942.714665633626282 ], [ 365493.229200701403897, 4303944.766644592396915 ], [ 365491.177221743506379, 4303946.818623550236225 ], [ 365489.125242785608862, 4303948.870602507144213 ], [ 365487.073263827711344, 4303950.922581464983523 ], [ 365485.021284869755618, 4303952.974560423754156 ], [ 365482.9693059118581, 4303955.026539381593466 ], [ 365480.917326953960583, 4303957.078518338501453 ], [ 365477.839358517085202, 4303958.10450781788677 ], [ 365473.735400601231959, 4303958.10450781788677 ], [ 365470.657432164356578, 4303959.130497296340764 ], [ 365468.60545320645906, 4303961.182476255111396 ], [ 365467.579463727481198, 4303964.2604446914047 ], [ 365467.579463727481198, 4303968.364402608014643 ], [ 365468.60545320645906, 4303971.442371044307947 ], [ 365470.657432164356578, 4303973.49435000307858 ], [ 365477.839358517026994, 4303974.520339481532574 ], [ 365490.151232264586724, 4303974.520339481532574 ], [ 365497.333158617257141, 4303975.546328959986567 ], [ 365499.385137575154658, 4303977.5983079187572 ], [ 365500.411127054132521, 4303980.676276355050504 ], [ 365500.411127054132521, 4303984.780234270729125 ], [ 365501.437116533110384, 4303987.858202707953751 ], [ 365503.489095491007902, 4303989.910181665793061 ], [ 365506.567063927883282, 4303990.936171145178378 ], [ 365510.671021843736526, 4303990.936171145178378 ], [ 365513.748990280611906, 4303991.962160624563694 ], [ 365515.800969238509424, 4303994.014139581471682 ], [ 365516.826958717487287, 4304001.196065934374928 ], [ 365516.826958717487287, 4304013.507939682342112 ], [ 365515.800969238509424, 4304020.689866034314036 ], [ 365513.748990280611906, 4304022.741844993084669 ], [ 365511.697011322656181, 4304024.793823949992657 ], [ 365509.645032364758663, 4304026.845802908763289 ], [ 365508.6190428857808, 4304029.923771345056593 ], [ 365508.6190428857808, 4304034.027729260735214 ], [ 365507.593053406861145, 4304037.105697697028518 ], [ 365505.54107444890542, 4304039.15767665579915 ], [ 365503.489095491007902, 4304041.209655613638461 ], [ 365501.437116533110384, 4304043.261634571477771 ], [ 365499.385137575154658, 4304045.313613530248404 ], [ 365497.333158617257141, 4304047.365592487156391 ], [ 365490.151232264586724, 4304048.391581966541708 ], [ 365477.839358517026994, 4304048.391581966541708 ], [ 365470.657432164356578, 4304047.365592487156391 ], [ 365468.60545320645906, 4304045.313613530248404 ], [ 365466.553474248503335, 4304043.261634571477771 ], [ 365464.501495290605817, 4304041.209655613638461 ], [ 365459.371547895832919, 4304040.183666134253144 ], [ 365451.163632064126432, 4304040.183666134253144 ], [ 365446.033684669353534, 4304041.209655613638461 ], [ 365443.981705711456016, 4304043.261634571477771 ], [ 365442.955716232478153, 4304048.391581966541708 ], [ 365442.955716232478153, 4304056.599497797898948 ], [ 365441.92972675350029, 4304061.729445192962885 ], [ 365439.87774779566098, 4304063.781424149870872 ], [ 365434.747800400829874, 4304064.807413629256189 ], [ 365432.695821442932356, 4304064.807413629256189 ], [ 365426.539884569123387, 4304064.807413629256189 ], [ 365421.409937174350489, 4304065.833403108641505 ], [ 365419.357958216452971, 4304067.885382066480815 ], [ 365417.305979258497246, 4304069.937361024320126 ], [ 365415.254000300657935, 4304071.989339983090758 ], [ 365413.20202134270221, 4304074.041318939998746 ], [ 365411.150042384746484, 4304076.093297898769379 ], [ 365411.150042384746484, 4304078.145276855677366 ], [ 365413.20202134270221, 4304080.197255814447999 ], [ 365415.254000300657935, 4304082.249234771355987 ], [ 365417.305979258497246, 4304084.301213730126619 ], [ 365419.357958216452971, 4304086.353192687034607 ], [ 365421.409937174350489, 4304088.40517164580524 ], [ 365423.461916132248007, 4304090.457150602713227 ], [ 365425.513895090203732, 4304092.50912956148386 ], [ 365427.565874048159458, 4304094.56110851932317 ], [ 365429.617853005998768, 4304096.61308747716248 ], [ 365431.669831963954493, 4304098.665066435933113 ], [ 365433.721810921852011, 4304100.717045392841101 ], [ 365435.773789879749529, 4304102.769024350680411 ], [ 365437.825768837705255, 4304104.821003309451044 ], [ 365439.87774779566098, 4304106.872982267290354 ], [ 365441.92972675350029, 4304108.924961224198341 ], [ 365443.981705711456016, 4304110.976940182037652 ], [ 365446.033684669353534, 4304113.028919140808284 ], [ 365448.085663627251051, 4304115.080898098647594 ], [ 365450.137642585206777, 4304117.132877055555582 ], [ 365452.189621543104295, 4304119.184856014326215 ], [ 365454.241600501001813, 4304121.236834972165525 ], [ 365456.293579458957538, 4304123.288813930004835 ], [ 365458.345558416855056, 4304125.340792888775468 ], [ 365460.397537374752574, 4304127.392771845683455 ], [ 365462.449516332708299, 4304129.444750804454088 ], [ 365464.501495290605817, 4304131.496729761362076 ], [ 365466.553474248503335, 4304133.548708720132709 ], [ 365468.60545320645906, 4304135.600687677040696 ], [ 365470.657432164356578, 4304137.652666635811329 ], [ 365472.709411122254096, 4304139.704645592719316 ], [ 365474.761390080209821, 4304141.756624551489949 ], [ 365476.813369038107339, 4304143.808603509329259 ], [ 365478.865347996004857, 4304145.86058246716857 ], [ 365480.917326953960583, 4304147.91256142500788 ], [ 365482.9693059118581, 4304149.964540383778512 ], [ 365485.021284869755618, 4304152.016519341617823 ], [ 365487.073263827711344, 4304154.06849829852581 ], [ 365489.125242785608862, 4304156.12047725636512 ], [ 365491.177221743506379, 4304158.172456215135753 ], [ 365493.229200701403897, 4304160.224435172975063 ], [ 365495.281179659359623, 4304162.276414129883051 ], [ 365497.333158617257141, 4304164.328393087722361 ], [ 365499.385137575154658, 4304166.380372046492994 ], [ 365501.437116533110384, 4304168.432351004332304 ], [ 365503.489095491007902, 4304170.484329961240292 ], [ 365505.54107444890542, 4304172.536308920010924 ], [ 365507.593053406861145, 4304174.588287877850235 ], [ 365509.645032364758663, 4304176.640266835689545 ], [ 365511.697011322656181, 4304178.692245794460177 ], [ 365513.748990280611906, 4304180.744224751368165 ], [ 365515.800969238509424, 4304182.796203710138798 ], [ 365517.852948196406942, 4304184.848182667046785 ], [ 365519.904927154362667, 4304186.900161625817418 ], [ 365521.956906112260185, 4304188.952140582725406 ], [ 365524.008885070157703, 4304191.004119541496038 ], [ 365526.060864028055221, 4304193.056098498404026 ], [ 365528.112842986010946, 4304195.108077457174659 ], [ 365530.164821943908464, 4304197.160056415013969 ], [ 365532.216800901805982, 4304199.212035372853279 ], [ 365534.268779859761707, 4304201.264014330692589 ], [ 365536.320758817659225, 4304203.315993289463222 ], [ 365538.372737775556743, 4304205.367972247302532 ], [ 365540.424716733512469, 4304207.41995120421052 ], [ 365542.476695691409986, 4304209.47193016204983 ], [ 365544.528674649307504, 4304211.523909120820463 ], [ 365546.58065360726323, 4304213.575888078659773 ], [ 365548.632632565160748, 4304215.62786703556776 ], [ 365550.684611523058265, 4304217.679845993407071 ], [ 365552.736590481013991, 4304219.731824952177703 ], [ 365554.788569438911509, 4304221.783803910017014 ], [ 365556.840548396809027, 4304223.835782867856324 ], [ 365558.892527354764752, 4304225.887761825695634 ], [ 365560.944506312604062, 4304227.939740784466267 ], [ 365562.996485270559788, 4304229.991719741374254 ], [ 365565.048464228515513, 4304232.043698700144887 ], [ 365567.100443186413031, 4304234.095677657052875 ], [ 365569.152422144310549, 4304236.147656615823507 ], [ 365572.230390581185929, 4304237.173646094277501 ], [ 365576.334348497039173, 4304237.173646094277501 ], [ 365579.412316933914553, 4304236.147656615823507 ], [ 365581.464295891812071, 4304234.095677657052875 ], [ 365582.490285370789934, 4304231.017709220759571 ], [ 365582.490285370789934, 4304226.91375130508095 ], [ 365583.516274849767797, 4304223.835782867856324 ], [ 365585.568253807607107, 4304221.783803910017014 ], [ 365588.646222244482487, 4304220.757814430631697 ], [ 365592.750180160335731, 4304220.757814430631697 ], [ 365595.828148597211111, 4304219.731824952177703 ], [ 365597.880127555108629, 4304217.679845993407071 ], [ 365598.906117034086492, 4304212.549898599274457 ], [ 365598.906117034086492, 4304204.341982767917216 ], [ 365597.880127555108629, 4304199.212035372853279 ], [ 365595.828148597211111, 4304197.160056415013969 ], [ 365593.776169639313594, 4304195.108077457174659 ], [ 365591.724190681416076, 4304193.056098498404026 ], [ 365589.672211723518558, 4304191.004119541496038 ], [ 365587.620232765562832, 4304188.952140582725406 ], [ 365585.568253807607107, 4304186.900161625817418 ], [ 365583.516274849767797, 4304184.848182667046785 ], [ 365583.516274849767797, 4304182.796203710138798 ], [ 365585.568253807607107, 4304180.744224751368165 ], [ 365587.620232765562832, 4304178.692245794460177 ], [ 365589.672211723518558, 4304176.640266835689545 ], [ 365591.724190681416076, 4304174.588287877850235 ], [ 365593.776169639313594, 4304172.536308920010924 ], [ 365595.828148597211111, 4304170.484329961240292 ], [ 365597.880127555108629, 4304168.432351004332304 ], [ 365598.906117034086492, 4304163.302403609268367 ], [ 365598.906117034086492, 4304155.094487777911127 ], [ 365599.932106513064355, 4304149.964540383778512 ], [ 365601.98408547102008, 4304147.91256142500788 ], [ 365609.166011823690496, 4304146.886571946553886 ], [ 365621.477885571192019, 4304146.886571946553886 ], [ 365628.659811923920643, 4304145.86058246716857 ], [ 365630.71179088181816, 4304143.808603509329259 ], [ 365631.737780360737815, 4304140.730635072104633 ], [ 365631.737780360737815, 4304136.626677156426013 ], [ 365632.763769839715678, 4304133.548708720132709 ], [ 365634.815748797613196, 4304131.496729761362076 ], [ 365639.945696192386094, 4304130.470740282908082 ], [ 365648.153612024092581, 4304130.470740282908082 ], [ 365653.28355941886548, 4304131.496729761362076 ], [ 365655.335538376762997, 4304133.548708720132709 ], [ 365656.36152785574086, 4304140.730635072104633 ], [ 365656.36152785574086, 4304153.042508820071816 ], [ 365657.387517334718723, 4304160.224435172975063 ], [ 365659.439496292616241, 4304162.276414129883051 ], [ 365662.517464729491621, 4304163.302403609268367 ], [ 365666.621422645344865, 4304163.302403609268367 ], [ 365669.699391082162037, 4304162.276414129883051 ], [ 365671.751370040059555, 4304160.224435172975063 ], [ 365672.777359519037418, 4304157.146466735750437 ], [ 365672.777359519037418, 4304153.042508820071816 ], [ 365673.803348997957073, 4304149.964540383778512 ], [ 365675.855327955912799, 4304147.91256142500788 ], [ 365683.037254308641423, 4304146.886571946553886 ], [ 365695.349128056142945, 4304146.886571946553886 ], [ 365702.531054408871569, 4304145.86058246716857 ], [ 365704.583033366710879, 4304143.808603509329259 ], [ 365705.609022845688742, 4304134.574698198586702 ], [ 365705.609022845688742, 4304118.158866534940898 ], [ 365706.635012324666604, 4304108.924961224198341 ], [ 365708.686991282564122, 4304106.872982267290354 ], [ 365710.73897024046164, 4304104.821003309451044 ], [ 365712.790949198417366, 4304102.769024350680411 ], [ 365714.842928156373091, 4304100.717045392841101 ], [ 365716.894907114212401, 4304098.665066435933113 ], [ 365719.972875551087782, 4304097.639076956547797 ], [ 365724.076833466999233, 4304097.639076956547797 ], [ 365727.154801903874613, 4304096.61308747716248 ], [ 365729.206780861713924, 4304094.56110851932317 ], [ 365731.258759819669649, 4304092.50912956148386 ], [ 365733.310738777567167, 4304090.457150602713227 ], [ 365736.388707214442547, 4304089.431161124259233 ], [ 365740.492665130295791, 4304089.431161124259233 ], [ 365743.570633567171171, 4304088.40517164580524 ], [ 365745.622612525068689, 4304086.353192687034607 ], [ 365746.648602004046552, 4304081.223245292901993 ], [ 365746.648602004046552, 4304073.015329461544752 ], [ 365745.622612525068689, 4304067.885382066480815 ], [ 365743.570633567171171, 4304065.833403108641505 ], [ 365740.492665130295791, 4304064.807413629256189 ], [ 365736.388707214442547, 4304064.807413629256189 ], [ 365733.310738777567167, 4304063.781424149870872 ], [ 365731.258759819669649, 4304061.729445192962885 ], [ 365730.232770340691786, 4304058.651476755738258 ], [ 365730.232770340691786, 4304054.547518840059638 ], [ 365729.206780861713924, 4304051.469550403766334 ], [ 365727.154801903874613, 4304049.417571444995701 ], [ 365725.102822945918888, 4304047.365592487156391 ], [ 365723.050843987963162, 4304045.313613530248404 ], [ 365722.024854509043507, 4304042.235645093023777 ], [ 365722.024854509043507, 4304038.131687176413834 ], [ 365723.050843987963162, 4304035.05371874012053 ], [ 365725.102822945918888, 4304033.001739781349897 ], [ 365728.180791382794268, 4304031.975750302895904 ], [ 365732.284749298589304, 4304031.975750302895904 ], [ 365735.362717735464685, 4304030.94976082444191 ], [ 365737.41469669342041, 4304028.897781865671277 ], [ 365738.440686172398273, 4304023.767834471538663 ], [ 365738.440686172398273, 4304015.5599186392501 ], [ 365737.41469669342041, 4304010.429971244186163 ], [ 365735.362717735464685, 4304008.377992287278175 ], [ 365730.232770340691786, 4304007.352002807892859 ], [ 365722.024854509043507, 4304007.352002807892859 ], [ 365716.894907114212401, 4304006.326013329438865 ], [ 365714.842928156373091, 4304004.274034370668232 ], [ 365713.816938677395228, 4303997.092108018696308 ], [ 365713.816938677395228, 4303984.780234270729125 ], [ 365714.842928156373091, 4303977.5983079187572 ], [ 365716.894907114212401, 4303975.546328959986567 ], [ 365724.076833466941025, 4303974.520339481532574 ], [ 365736.388707214442547, 4303974.520339481532574 ], [ 365743.570633567171171, 4303973.49435000307858 ], [ 365745.622612525068689, 4303971.442371044307947 ], [ 365746.648602004046552, 4303966.312423650175333 ], [ 365746.648602004046552, 4303958.104507818818092 ], [ 365747.674591482966207, 4303952.974560423754156 ], [ 365749.726570440921932, 4303950.922581464983523 ], [ 365751.77854939881945, 4303950.922581464983523 ], [ 365753.830528356716968, 4303952.974560423754156 ], [ 365755.882507314672694, 4303955.026539381593466 ], [ 365757.934486272570211, 4303957.078518338501453 ], [ 365759.986465230467729, 4303957.078518338501453 ], [ 365762.038444188423455, 4303955.026539381593466 ], [ 365764.090423146320973, 4303952.974560423754156 ], [ 365766.14240210421849, 4303950.922581464983523 ], [ 365768.194381062174216, 4303948.870602507144213 ], [ 365770.246360020071734, 4303946.818623550236225 ], [ 365772.298338977969252, 4303944.766644592396915 ], [ 365774.350317935924977, 4303942.714665633626282 ], [ 365776.402296893822495, 4303940.662686675786972 ], [ 365778.454275851720013, 4303938.610707717947662 ], [ 365780.506254809617531, 4303936.558728760108352 ], [ 365782.558233767573256, 4303934.506749801337719 ], [ 365787.688181162346154, 4303933.480760322883725 ], [ 365795.896096993994433, 4303933.480760322883725 ], [ 365801.026044388825539, 4303932.454770844429731 ], [ 365803.078023346723057, 4303930.402791885659099 ], [ 365804.10401282570092, 4303925.272844491526484 ], [ 365804.10401282570092, 4303917.064928660169244 ], [ 365805.130002304620575, 4303911.934981265105307 ], [ 365807.181981262576301, 4303909.883002307265997 ], [ 365810.259949699393474, 4303908.857012827880681 ], [ 365814.363907615246717, 4303908.857012827880681 ], [ 365817.441876052122097, 4303907.831023349426687 ], [ 365819.493855010019615, 4303905.779044390656054 ], [ 365820.519844488997478, 4303902.70107595436275 ], [ 365820.519844488997478, 4303898.59711803868413 ], [ 365821.545833967975341, 4303895.519149601459503 ], [ 365823.597812925872859, 4303893.467170644551516 ], [ 365828.727760320645757, 4303892.441181165166199 ], [ 365836.935676152352244, 4303892.441181165166199 ], [ 365842.065623547125142, 4303893.467170644551516 ], [ 365844.11760250502266, 4303895.519149601459503 ], [ 365846.169581462978385, 4303897.571128559298813 ], [ 365848.221560420875903, 4303899.623107518069446 ], [ 365853.351507815648802, 4303900.64909699652344 ], [ 365861.559423647355288, 4303900.64909699652344 ], [ 365866.689371042128187, 4303901.675086475908756 ], [ 365868.741350000025705, 4303903.727065432816744 ], [ 365870.79332895798143, 4303905.779044390656054 ], [ 365872.84530791582074, 4303907.831023349426687 ], [ 365875.923276352696121, 4303908.857012827880681 ], [ 365880.027234268607572, 4303908.857012827880681 ], [ 365883.105202705482952, 4303907.831023349426687 ], [ 365885.157181663322262, 4303905.779044390656054 ], [ 365886.183171142300125, 4303898.59711803868413 ], [ 365886.183171142300125, 4303886.285244290716946 ], [ 365887.209160621277988, 4303879.103317938745022 ], [ 365889.261139579233713, 4303877.051338979974389 ], [ 365892.339108016109094, 4303876.025349501520395 ], [ 365896.44306593190413, 4303876.025349501520395 ], [ 365899.52103436877951, 4303874.999360023066401 ], [ 365901.573013326735236, 4303872.947381064295769 ], [ 365902.599002805654891, 4303869.869412628002465 ], [ 365902.599002805654891, 4303865.765454712323844 ], [ 365903.624992284632754, 4303862.687486275099218 ], [ 365905.676971242530271, 4303860.635507317259908 ], [ 365907.728950200427789, 4303858.583528358489275 ], [ 365909.780929158325307, 4303856.531549401581287 ], [ 365910.80691863730317, 4303853.453580964356661 ], [ 365910.80691863730317, 4303849.349623048678041 ], [ 365911.832908116281033, 4303846.271654612384737 ], [ 365913.884887074236758, 4303844.219675653614104 ], [ 365915.936866032134276, 4303842.167696695774794 ], [ 365917.988844990031794, 4303840.115717738866806 ], [ 365917.988844990031794, 4303838.063738781027496 ], [ 365915.936866032134276, 4303836.011759822256863 ], [ 365912.858897595258895, 4303834.985770343802869 ], [ 365908.754939679405652, 4303834.985770343802869 ], [ 365905.676971242530271, 4303833.959780864417553 ], [ 365903.624992284632754, 4303831.907801906578243 ], [ 365902.599002805654891, 4303828.829833469353616 ], [ 365902.599002805654891, 4303824.725875553674996 ], [ 365901.573013326735236, 4303821.647907117381692 ], [ 365899.52103436877951, 4303819.595928158611059 ], [ 365896.44306593190413, 4303818.569938680157065 ], [ 365892.339108016109094, 4303818.569938680157065 ], [ 365889.261139579233713, 4303817.543949201703072 ], [ 365887.209160621277988, 4303815.491970242932439 ], [ 365886.183171142300125, 4303808.310043890960515 ], [ 365886.183171142300125, 4303795.998170142993331 ], [ 365885.157181663322262, 4303788.816243790090084 ], [ 365883.105202705482952, 4303786.764264833182096 ], [ 365881.053223747527227, 4303784.712285874411464 ], [ 365879.001244789629709, 4303782.660306916572154 ], [ 365877.975255310651846, 4303773.426401605829597 ], [ 365877.975255310651846, 4303757.010569943115115 ], [ 365876.949265831732191, 4303747.776664632372558 ], [ 365874.897286873776466, 4303745.724685673601925 ], [ 365869.76733947894536, 4303744.698696195147932 ], [ 365861.559423647355288, 4303744.698696195147932 ], [ 365856.429476252524182, 4303743.672706715762615 ], [ 365854.377497294626664, 4303741.620727758854628 ], [ 365852.325518336729147, 4303739.568748801015317 ], [ 365850.273539378773421, 4303737.516769842244685 ], [ 365847.19557094189804, 4303736.490780363790691 ], [ 365843.091613026103005, 4303736.490780363790691 ], [ 365840.013644589227624, 4303737.516769842244685 ], [ 365837.961665631271899, 4303739.568748801015317 ], [ 365835.909686673374381, 4303741.620727758854628 ], [ 365833.857707715476863, 4303743.672706715762615 ], [ 365831.805728757521138, 4303743.672706715762615 ], [ 365829.75374979962362, 4303741.620727758854628 ], [ 365827.701770841726102, 4303739.568748801015317 ], [ 365825.649791883770376, 4303737.516769842244685 ], [ 365823.597812925872859, 4303737.516769842244685 ], [ 365821.545833967975341, 4303739.568748801015317 ], [ 365819.493855010019615, 4303741.620727758854628 ], [ 365817.441876052122097, 4303743.672706715762615 ], [ 365815.38989709422458, 4303743.672706715762615 ], [ 365813.337918136268854, 4303741.620727758854628 ], [ 365811.285939178371336, 4303739.568748801015317 ], [ 365809.233960220473818, 4303737.516769842244685 ], [ 365807.181981262576301, 4303735.464790884405375 ], [ 365805.130002304620575, 4303733.412811927497387 ], [ 365803.078023346723057, 4303731.360832968726754 ], [ 365801.026044388825539, 4303729.308854010887444 ], [ 365793.844118036096916, 4303728.282864531502128 ], [ 365781.532244288595393, 4303728.282864531502128 ], [ 365774.350317935924977, 4303727.256875053048134 ], [ 365772.298338977969252, 4303725.204896094277501 ], [ 365770.246360020071734, 4303723.152917137369514 ], [ 365768.194381062174216, 4303721.100938178598881 ], [ 365765.116412625298835, 4303720.074948700144887 ], [ 365761.012454709445592, 4303720.074948700144887 ], [ 365757.934486272570211, 4303719.048959221690893 ], [ 365755.882507314672694, 4303716.99698026292026 ], [ 365753.830528356716968, 4303714.945001306012273 ], [ 365751.77854939881945, 4303712.89302234724164 ], [ 365724.076833466941025, 4303711.867032868787646 ], [ 365717.920896593190264, 4303711.867032868787646 ] ] ] ] } },
{ "type": "Feature", "properties": { "fid": null, "cat": null, "value": null, "label": null, "fid_2": null, "cat_2": null, "value_2": null, "label_2": null, "fid_3": null, "cat_3": null, "value_3": null, "label_3": null, "FID_4": 0 }, "geometry": { "type": "MultiPolygon", "coordinates": [ [ [ [ 365895.417076452926267, 4304138.678656114265323 ], [ 365897.469055410823785, 4304138.678656114265323 ], [ 365899.52103436877951, 4304137.652666635811329 ], [ 365901.573013326735236, 4304135.600687677040696 ], [ 365903.624992284632754, 4304133.548708720132709 ], [ 365905.676971242530271, 4304131.496729761362076 ], [ 365907.728950200427789, 4304129.444750804454088 ], [ 365909.780929158325307, 4304127.392771845683455 ], [ 365911.832908116281033, 4304125.340792888775468 ], [ 365913.884887074236758, 4304123.288813930004835 ], [ 365915.936866032134276, 4304121.236834972165525 ], [ 365917.988844990031794, 4304119.184856014326215 ], [ 365920.040823947929312, 4304117.132877055555582 ], [ 365922.092802905826829, 4304115.080898098647594 ], [ 365927.222750300599728, 4304114.054908619262278 ], [ 365935.430666132306214, 4304114.054908619262278 ], [ 365940.560613527079113, 4304113.028919140808284 ], [ 365942.612592484976631, 4304110.976940182037652 ], [ 365944.664571442932356, 4304108.924961224198341 ], [ 365946.716550400829874, 4304106.872982267290354 ], [ 365948.768529358727392, 4304104.821003309451044 ], [ 365950.820508316683117, 4304102.769024350680411 ], [ 365951.846497795602772, 4304097.639076955616474 ], [ 365951.846497795602772, 4304089.431161124259233 ], [ 365952.872487274580635, 4304084.301213730126619 ], [ 365954.924466232478153, 4304082.249234771355987 ], [ 365960.054413627251051, 4304081.223245292901993 ], [ 365968.26232945889933, 4304081.223245292901993 ], [ 365973.392276853672229, 4304082.249234771355987 ], [ 365975.444255811627954, 4304084.301213730126619 ], [ 365976.470245290605817, 4304089.431161124259233 ], [ 365976.470245290605817, 4304097.639076955616474 ], [ 365977.49623476958368, 4304102.769024350680411 ], [ 365979.548213727481198, 4304104.821003309451044 ], [ 365981.600192685378715, 4304106.872982267290354 ], [ 365983.652171643276233, 4304108.924961224198341 ], [ 365985.704150601173751, 4304110.976940182037652 ], [ 365987.756129559129477, 4304113.028919140808284 ], [ 365989.808108517085202, 4304115.080898098647594 ], [ 365991.86008747498272, 4304117.132877055555582 ], [ 365993.912066432880238, 4304119.184856014326215 ], [ 365995.964045390777756, 4304121.236834972165525 ], [ 365998.016024348675273, 4304123.288813930004835 ], [ 366000.068003306630999, 4304125.340792888775468 ], [ 366002.119982264586724, 4304127.392771845683455 ], [ 366004.171961222426035, 4304129.444750804454088 ], [ 366006.22394018038176, 4304131.496729761362076 ], [ 366008.275919138279278, 4304133.548708720132709 ], [ 366010.327898096176796, 4304135.600687677040696 ], [ 366012.379877054132521, 4304137.652666635811329 ], [ 366014.431856012088247, 4304137.652666635811329 ], [ 366016.483834969927557, 4304135.600687677040696 ], [ 366018.535813927883282, 4304133.548708720132709 ], [ 366020.5877928857808, 4304131.496729761362076 ], [ 366023.665761322656181, 4304130.470740282908082 ], [ 366027.769719238509424, 4304130.470740282908082 ], [ 366030.847687675384805, 4304131.496729761362076 ], [ 366032.899666633282322, 4304133.548708720132709 ], [ 366033.925656112260185, 4304136.626677156426013 ], [ 366033.925656112260185, 4304140.730635072104633 ], [ 366034.95164559117984, 4304143.808603509329259 ], [ 366037.003624549135566, 4304145.86058246716857 ], [ 366039.055603507033084, 4304145.86058246716857 ], [ 366041.107582464930601, 4304143.808603509329259 ], [ 366043.159561422886327, 4304141.756624551489949 ], [ 366045.211540380783845, 4304139.704645592719316 ], [ 366047.263519338681363, 4304137.652666635811329 ], [ 366049.315498296637088, 4304135.600687677040696 ], [ 366051.367477254534606, 4304133.548708720132709 ], [ 366053.419456212432124, 4304131.496729761362076 ], [ 366058.549403607205022, 4304130.470740282908082 ], [ 366066.757319438911509, 4304130.470740282908082 ], [ 366071.887266833684407, 4304129.444750804454088 ], [ 366073.939245791581925, 4304127.392771845683455 ], [ 366075.99122474953765, 4304125.340792888775468 ], [ 366078.043203707435168, 4304123.288813930004835 ], [ 366080.095182665332686, 4304121.236834972165525 ], [ 366082.147161623288412, 4304119.184856014326215 ], [ 366084.199140581185929, 4304117.132877055555582 ], [ 366086.251119539083447, 4304115.080898098647594 ], [ 366088.303098497039173, 4304113.028919140808284 ], [ 366090.355077454936691, 4304110.976940182037652 ], [ 366090.355077454936691, 4304108.924961224198341 ], [ 366088.303098497039173, 4304106.872982267290354 ], [ 366085.225130060163792, 4304105.846992787905037 ], [ 366081.121172144310549, 4304105.846992787905037 ], [ 366078.043203707435168, 4304104.821003309451044 ], [ 366075.99122474953765, 4304102.769024350680411 ], [ 366073.939245791581925, 4304100.717045392841101 ], [ 366071.887266833684407, 4304098.665066435933113 ], [ 366069.835287875786889, 4304096.61308747716248 ], [ 366067.783308917831164, 4304094.56110851932317 ], [ 366066.757319438911509, 4304089.431161124259233 ], [ 366066.757319438911509, 4304081.223245292901993 ], [ 366065.731329959933646, 4304076.093297898769379 ], [ 366063.679351002036128, 4304074.041318939998746 ], [ 366061.62737204413861, 4304071.989339983090758 ], [ 366059.575393086182885, 4304069.937361024320126 ], [ 366059.575393086182885, 4304067.885382066480815 ], [ 366061.62737204413861, 4304065.833403108641505 ], [ 366063.679351002036128, 4304063.781424149870872 ], [ 366065.731329959933646, 4304061.729445192962885 ], [ 366066.757319438911509, 4304058.651476755738258 ], [ 366066.757319438911509, 4304054.547518840059638 ], [ 366067.783308917831164, 4304051.469550403766334 ], [ 366069.835287875786889, 4304049.417571444995701 ], [ 366071.887266833684407, 4304047.365592487156391 ], [ 366073.939245791581925, 4304045.313613530248404 ], [ 366074.965235270559788, 4304042.235645093023777 ], [ 366074.965235270559788, 4304038.131687176413834 ], [ 366075.99122474953765, 4304035.05371874012053 ], [ 366078.043203707435168, 4304033.001739781349897 ], [ 366080.095182665332686, 4304030.94976082444191 ], [ 366082.147161623288412, 4304028.897781865671277 ], [ 366083.173151102208067, 4304023.767834471538663 ], [ 366083.173151102208067, 4304015.5599186392501 ], [ 366084.199140581185929, 4304010.429971244186163 ], [ 366086.251119539083447, 4304008.377992287278175 ], [ 366088.303098497039173, 4304006.326013329438865 ], [ 366090.355077454936691, 4304004.274034370668232 ], [ 366091.381066933914553, 4303999.144086975604296 ], [ 366091.381066933914553, 4303990.936171144247055 ], [ 366092.407056412834208, 4303985.806223750114441 ], [ 366094.459035370789934, 4303983.754244791343808 ], [ 366096.511014328687452, 4303981.702265834435821 ], [ 366098.56299328658497, 4303979.650286875665188 ], [ 366099.588982765562832, 4303972.468360523693264 ], [ 366099.588982765562832, 4303960.15648677572608 ], [ 366100.614972244540695, 4303952.974560423754156 ], [ 366102.666951202438213, 4303950.922581464983523 ], [ 366104.718930160335731, 4303948.870602507144213 ], [ 366106.770909118291456, 4303946.818623550236225 ], [ 366107.796898597211111, 4303935.532739281654358 ], [ 366107.796898597211111, 4303915.012949701398611 ], [ 366108.822888076188974, 4303903.727065432816744 ], [ 366110.874867034086492, 4303901.675086475908756 ], [ 366118.056793386815116, 4303900.64909699652344 ], [ 366130.368667134316638, 4303900.64909699652344 ], [ 366137.550593486987054, 4303899.623107518069446 ], [ 366139.60257244494278, 4303897.571128559298813 ], [ 366141.654551402840298, 4303895.519149601459503 ], [ 366143.706530360737815, 4303893.467170644551516 ], [ 366146.784498797613196, 4303892.441181165166199 ], [ 366150.888456713466439, 4303892.441181165166199 ], [ 366153.96642515034182, 4303893.467170644551516 ], [ 366156.018404108239338, 4303895.519149601459503 ], [ 366158.070383066195063, 4303897.571128559298813 ], [ 366160.122362024034373, 4303899.623107518069446 ], [ 366163.200330460909754, 4303900.64909699652344 ], [ 366167.304288376821205, 4303900.64909699652344 ], [ 366170.382256813696586, 4303899.623107518069446 ], [ 366172.434235771535896, 4303897.571128559298813 ], [ 366174.486214729491621, 4303895.519149601459503 ], [ 366176.538193687447347, 4303893.467170644551516 ], [ 366178.590172645344865, 4303891.415191686712205 ], [ 366180.642151603242382, 4303889.363212727941573 ], [ 366182.6941305611399, 4303887.311233770102262 ], [ 366184.746109519037418, 4303885.259254812262952 ], [ 366186.798088476993144, 4303883.207275854423642 ], [ 366188.850067434948869, 4303881.155296895653009 ], [ 366190.902046392846387, 4303879.103317938745022 ], [ 366192.954025350743905, 4303877.051338979974389 ], [ 366195.006004308641423, 4303874.999360023066401 ], [ 366197.05798326653894, 4303872.947381064295769 ], [ 366198.083972745516803, 4303869.869412628002465 ], [ 366198.083972745516803, 4303865.765454712323844 ], [ 366199.109962224494666, 4303862.687486275099218 ], [ 366201.161941182450391, 4303860.635507317259908 ], [ 366204.239909619325772, 4303859.609517837874591 ], [ 366208.343867535120808, 4303859.609517837874591 ], [ 366211.421835971996188, 4303858.583528358489275 ], [ 366213.473814929951914, 4303856.531549401581287 ], [ 366214.499804408871569, 4303851.401602006517351 ], [ 366214.499804408871569, 4303843.19368617516011 ], [ 366213.473814929951914, 4303838.063738781027496 ], [ 366211.421835971996188, 4303836.011759822256863 ], [ 366209.369857014040463, 4303833.959780864417553 ], [ 366207.317878056142945, 4303831.907801906578243 ], [ 366206.291888577165082, 4303826.777854511514306 ], [ 366206.291888577165082, 4303818.569938680157065 ], [ 366207.317878056142945, 4303813.439991286024451 ], [ 366209.369857014040463, 4303811.388012327253819 ], [ 366211.421835971996188, 4303809.336033369414508 ], [ 366213.473814929951914, 4303807.284054411575198 ], [ 366214.499804408871569, 4303787.790254310704768 ], [ 366214.499804408871569, 4303750.854633069597185 ], [ 366215.525793887849431, 4303731.360832968726754 ], [ 366217.577772845746949, 4303729.308854010887444 ], [ 366220.655741282564122, 4303728.282864531502128 ], [ 366224.759699198417366, 4303728.282864531502128 ], [ 366227.837667635292746, 4303727.256875053048134 ], [ 366229.889646593190264, 4303725.204896094277501 ], [ 366230.915636072168127, 4303722.126927657984197 ], [ 366230.915636072168127, 4303718.022969742305577 ], [ 366231.941625551145989, 4303714.945001306012273 ], [ 366233.993604509043507, 4303712.89302234724164 ], [ 366237.071572945918888, 4303711.867032868787646 ], [ 366241.175530861772131, 4303711.867032868787646 ], [ 366244.253499298647512, 4303710.841043390333652 ], [ 366246.30547825654503, 4303708.78906443156302 ], [ 366247.331467735522892, 4303703.659117037430406 ], [ 366247.331467735522892, 4303695.451201205141842 ], [ 366248.357457214442547, 4303690.321253810077906 ], [ 366250.409436172398273, 4303688.269274853169918 ], [ 366252.461415130295791, 4303686.217295895330608 ], [ 366254.513394088193309, 4303684.165316936559975 ], [ 366255.539383567171171, 4303672.879432667978108 ], [ 366255.539383567171171, 4303652.359643089585006 ], [ 366256.565373046090826, 4303641.073758821003139 ], [ 366258.617352003988344, 4303639.021779862232506 ], [ 366260.669330961885862, 4303636.969800904393196 ], [ 366262.721309919841588, 4303634.917821947485209 ], [ 366263.74729939881945, 4303631.839853510260582 ], [ 366263.74729939881945, 4303627.735895593650639 ], [ 366262.721309919841588, 4303624.657927157357335 ], [ 366260.669330961885862, 4303622.605948198586702 ], [ 366258.617352003988344, 4303620.553969241678715 ], [ 366256.565373046090826, 4303618.501990282908082 ], [ 366254.513394088193309, 4303616.450011326000094 ], [ 366252.461415130295791, 4303614.398032367229462 ], [ 366250.409436172398273, 4303612.346053410321474 ], [ 366248.357457214442547, 4303610.294074451550841 ], [ 366246.30547825654503, 4303608.242095494642854 ], [ 366244.253499298647512, 4303606.190116535872221 ], [ 366242.201520340691786, 4303604.138137578964233 ], [ 366240.149541382794268, 4303602.086158620193601 ], [ 366238.097562424896751, 4303600.03417966235429 ], [ 366236.045583466941025, 4303597.98220070451498 ], [ 366233.993604509043507, 4303595.93022174667567 ], [ 366231.941625551145989, 4303593.878242787905037 ], [ 366229.889646593190264, 4303591.826263830065727 ], [ 366227.837667635292746, 4303589.77428487315774 ], [ 366220.65574128262233, 4303588.748295393772423 ], [ 366208.343867535120808, 4303588.748295393772423 ], [ 366201.161941182450391, 4303587.722305915318429 ], [ 366199.109962224494666, 4303585.670326956547797 ], [ 366197.05798326653894, 4303583.618347998708487 ], [ 366195.006004308641423, 4303581.566369041800499 ], [ 366192.954025350743905, 4303579.514390083961189 ], [ 366190.902046392846387, 4303577.462411125190556 ], [ 366188.850067434948869, 4303575.410432167351246 ], [ 366186.798088476993144, 4303573.358453209511936 ], [ 366181.668141082162037, 4303572.332463730126619 ], [ 366173.460225250571966, 4303572.332463730126619 ], [ 366168.33027785574086, 4303571.306474251672626 ], [ 366166.278298897843342, 4303569.254495292901993 ], [ 366164.226319939945824, 4303567.202516335994005 ], [ 366162.174340981990099, 4303565.150537377223372 ], [ 366144.732519839657471, 4303564.124547898769379 ], [ 366111.900856513064355, 4303564.124547898769379 ], [ 366094.459035370789934, 4303563.098558420315385 ], [ 366092.407056412834208, 4303561.046579461544752 ], [ 366091.381066933914553, 4303549.760695192962885 ], [ 366091.381066933914553, 4303529.240905614569783 ], [ 366092.407056412834208, 4303517.955021345987916 ], [ 366094.459035370789934, 4303515.903042387217283 ], [ 366096.511014328687452, 4303513.851063430309296 ], [ 366098.56299328658497, 4303511.799084471538663 ], [ 366099.588982765562832, 4303502.565179161727428 ], [ 366099.588982765562832, 4303486.149347498081625 ], [ 366100.614972244540695, 4303476.915442187339067 ], [ 366102.666951202438213, 4303474.86346323043108 ], [ 366104.718930160335731, 4303472.811484271660447 ], [ 366106.770909118291456, 4303470.759505313821137 ], [ 366108.822888076188974, 4303468.707526355981827 ], [ 366110.874867034086492, 4303466.655547397211194 ], [ 366118.056793386815116, 4303465.6295579187572 ], [ 366130.368667134316638, 4303465.6295579187572 ], [ 366137.550593486987054, 4303464.603568440303206 ], [ 366139.60257244494278, 4303462.551589481532574 ], [ 366141.654551402840298, 4303460.499610524624586 ], [ 366143.706530360737815, 4303458.447631565853953 ], [ 366145.758509318693541, 4303456.395652608945966 ], [ 366147.810488276532851, 4303454.343673650175333 ], [ 366148.836477755510714, 4303445.109768340364099 ], [ 366148.836477755510714, 4303428.693936677649617 ], [ 366149.862467234488577, 4303419.460031365975738 ], [ 366151.914446192444302, 4303417.408052408136427 ], [ 366153.96642515034182, 4303415.356073450297117 ], [ 366156.018404108239338, 4303413.304094491526484 ], [ 366158.070383066195063, 4303411.252115534618497 ], [ 366160.122362024034373, 4303409.200136575847864 ], [ 366162.174340981990099, 4303407.148157618939877 ], [ 366164.226319939945824, 4303405.096178660169244 ], [ 366166.278298897843342, 4303403.044199703261256 ], [ 366168.33027785574086, 4303400.992220744490623 ], [ 366170.382256813696586, 4303398.940241787582636 ], [ 366172.434235771535896, 4303396.888262828812003 ], [ 366172.434235771535896, 4303394.836283870972693 ], [ 366170.382256813696586, 4303392.784304913133383 ], [ 366168.33027785574086, 4303390.732325955294073 ], [ 366166.278298897843342, 4303388.68034699652344 ], [ 366165.25230941886548, 4303379.446441685780883 ], [ 366165.25230941886548, 4303363.030610023066401 ], [ 366164.226319939945824, 4303353.796704713255167 ], [ 366162.174340981990099, 4303351.744725754484534 ], [ 366160.122362024034373, 4303349.692746797576547 ], [ 366158.070383066195063, 4303347.640767838805914 ], [ 366156.018404108239338, 4303345.588788881897926 ], [ 366153.96642515034182, 4303343.536809923127294 ], [ 366151.914446192444302, 4303341.484830965287983 ], [ 366149.862467234488577, 4303339.432852007448673 ], [ 366148.836477755510714, 4303336.354883570224047 ], [ 366148.836477755510714, 4303332.250925654545426 ], [ 366147.810488276532851, 4303329.172957218252122 ], [ 366145.758509318693541, 4303327.12097825948149 ], [ 366143.706530360737815, 4303327.12097825948149 ], [ 366141.654551402840298, 4303329.172957218252122 ], [ 366139.60257244494278, 4303331.224936176091433 ], [ 366137.550593486987054, 4303333.27691513299942 ], [ 366134.472625050111674, 4303334.302904612384737 ], [ 366130.368667134316638, 4303334.302904612384737 ], [ 366127.290698697441258, 4303335.32889409083873 ], [ 366125.238719739485532, 4303337.380873049609363 ], [ 366123.186740781588014, 4303339.432852007448673 ], [ 366121.134761823690496, 4303341.484830965287983 ], [ 366113.952835470961872, 4303342.5108204446733 ], [ 366101.64096172346035, 4303342.5108204446733 ], [ 366094.459035370789934, 4303343.536809923127294 ], [ 366092.407056412834208, 4303345.588788881897926 ], [ 366090.355077454936691, 4303347.640767838805914 ], [ 366088.303098497039173, 4303349.692746797576547 ], [ 366077.017214228515513, 4303350.71873627603054 ], [ 366056.497424649307504, 4303350.71873627603054 ], [ 366045.211540380783845, 4303351.744725754484534 ], [ 366043.159561422886327, 4303353.796704713255167 ], [ 366041.107582464930601, 4303355.848683670163155 ], [ 366039.055603507033084, 4303357.900662628933787 ], [ 366029.821698196406942, 4303358.926652107387781 ], [ 366013.405866533052176, 4303358.926652107387781 ], [ 366004.171961222426035, 4303357.900662628933787 ], [ 366002.119982264586724, 4303355.848683670163155 ], [ 366001.093992785608862, 4303352.770715233869851 ], [ 366001.093992785608862, 4303348.66675731819123 ], [ 366000.068003306630999, 4303345.588788881897926 ], [ 365998.016024348675273, 4303343.536809923127294 ], [ 365994.938055911799893, 4303342.5108204446733 ], [ 365990.834097996004857, 4303342.5108204446733 ], [ 365987.756129559129477, 4303341.484830965287983 ], [ 365985.704150601173751, 4303339.432852007448673 ], [ 365983.652171643276233, 4303337.380873049609363 ], [ 365981.600192685378715, 4303335.32889409083873 ], [ 365979.548213727481198, 4303333.27691513299942 ], [ 365977.49623476958368, 4303331.224936176091433 ], [ 365975.444255811627954, 4303329.172957218252122 ], [ 365973.392276853672229, 4303327.12097825948149 ], [ 365968.26232945889933, 4303326.094988781027496 ], [ 365960.054413627251051, 4303326.094988781027496 ], [ 365954.924466232478153, 4303325.068999301642179 ], [ 365952.872487274580635, 4303323.017020344734192 ], [ 365950.820508316683117, 4303320.965041386894882 ], [ 365948.768529358727392, 4303318.913062428124249 ], [ 365939.534624048159458, 4303317.887072949670255 ], [ 365923.1187923848629, 4303317.887072949670255 ], [ 365913.884887074236758, 4303318.913062428124249 ], [ 365911.832908116281033, 4303320.965041386894882 ], [ 365909.780929158325307, 4303323.017020344734192 ], [ 365907.728950200427789, 4303325.068999301642179 ], [ 365892.339108016050886, 4303326.094988781027496 ], [ 365863.611402605252806, 4303326.094988781027496 ], [ 365848.221560420875903, 4303325.068999301642179 ], [ 365846.169581462978385, 4303323.017020344734192 ], [ 365844.11760250502266, 4303320.965041386894882 ], [ 365842.065623547125142, 4303318.913062428124249 ], [ 365838.987655110249761, 4303317.887072949670255 ], [ 365834.883697194396518, 4303317.887072949670255 ], [ 365831.805728757521138, 4303316.861083470284939 ], [ 365829.75374979962362, 4303314.809104512445629 ], [ 365827.701770841726102, 4303312.757125554606318 ], [ 365825.649791883770376, 4303310.705146595835686 ], [ 365823.597812925872859, 4303308.653167638927698 ], [ 365821.545833967975341, 4303306.601188680157065 ], [ 365820.519844488997478, 4303301.471241286024451 ], [ 365820.519844488997478, 4303293.263325454667211 ], [ 365819.493855010019615, 4303288.133378059603274 ], [ 365817.441876052122097, 4303286.081399101763964 ], [ 365815.38989709422458, 4303284.029420143924654 ], [ 365813.337918136268854, 4303281.977441185154021 ], [ 365812.311928657349199, 4303278.899472748860717 ], [ 365812.311928657349199, 4303274.795514833182096 ], [ 365811.285939178371336, 4303271.71754639595747 ], [ 365809.233960220473818, 4303269.665567439049482 ], [ 365807.181981262576301, 4303267.613588481210172 ], [ 365805.130002304620575, 4303265.561609522439539 ], [ 365803.078023346723057, 4303263.509630564600229 ], [ 365801.026044388825539, 4303261.457651606760919 ], [ 365798.974065430869814, 4303259.405672648921609 ], [ 365796.922086472972296, 4303257.353693690150976 ], [ 365794.870107515074778, 4303255.301714733242989 ], [ 365792.818128557119053, 4303253.249735774472356 ], [ 365790.766149599221535, 4303251.197756817564368 ], [ 365788.714170641324017, 4303249.145777858793736 ], [ 365787.688181162346154, 4303246.067809422500432 ], [ 365787.688181162346154, 4303241.963851506821811 ], [ 365786.662191683368292, 4303238.885883069597185 ], [ 365784.610212725470774, 4303236.833904111757874 ], [ 365782.558233767573256, 4303236.833904111757874 ], [ 365780.506254809617531, 4303238.885883069597185 ], [ 365778.454275851720013, 4303240.937862027436495 ], [ 365776.402296893822495, 4303242.989840986207128 ], [ 365774.350317935924977, 4303245.041819943115115 ], [ 365772.298338977969252, 4303247.093798901885748 ], [ 365770.246360020071734, 4303249.145777858793736 ], [ 365768.194381062174216, 4303251.197756817564368 ], [ 365765.116412625298835, 4303252.223746296018362 ], [ 365761.012454709445592, 4303252.223746296018362 ], [ 365757.934486272570211, 4303253.249735774472356 ], [ 365755.882507314672694, 4303255.301714733242989 ], [ 365753.830528356716968, 4303257.353693690150976 ], [ 365751.77854939881945, 4303259.405672648921609 ], [ 365748.70058096194407, 4303260.431662127375603 ], [ 365744.596623046090826, 4303260.431662127375603 ], [ 365741.518654609215446, 4303261.457651606760919 ], [ 365739.466675651376136, 4303263.509630564600229 ], [ 365737.41469669342041, 4303265.561609522439539 ], [ 365735.362717735464685, 4303267.613588481210172 ], [ 365733.310738777567167, 4303269.665567439049482 ], [ 365731.258759819669649, 4303271.71754639595747 ], [ 365730.232770340691786, 4303274.795514833182096 ], [ 365730.232770340691786, 4303278.899472748860717 ], [ 365729.206780861713924, 4303281.977441185154021 ], [ 365727.154801903874613, 4303284.029420143924654 ], [ 365719.972875551145989, 4303285.055409622378647 ], [ 365707.661001803644467, 4303285.055409622378647 ], [ 365700.479075450915843, 4303286.081399101763964 ], [ 365698.427096492960118, 4303288.133378059603274 ], [ 365696.3751175350626, 4303290.185357017442584 ], [ 365694.323138577165082, 4303292.237335976213217 ], [ 365691.245170140289702, 4303293.263325454667211 ], [ 365687.141212224436458, 4303293.263325454667211 ], [ 365684.063243787561078, 4303294.289314933121204 ], [ 365682.01126482966356, 4303296.341293891891837 ], [ 365679.959285871766042, 4303298.393272848799825 ], [ 365677.907306913868524, 4303300.445251807570457 ], [ 365675.855327955912799, 4303302.497230764478445 ], [ 365673.803348997957073, 4303304.549209723249078 ], [ 365671.751370040059555, 4303306.601188680157065 ], [ 365669.699391082162037, 4303308.653167638927698 ], [ 365666.621422645344865, 4303309.679157117381692 ], [ 365662.517464729491621, 4303309.679157117381692 ], [ 365659.439496292616241, 4303310.705146595835686 ], [ 365657.387517334718723, 4303312.757125554606318 ], [ 365656.36152785574086, 4303315.835093990899622 ], [ 365656.36152785574086, 4303319.939051907509565 ], [ 365655.335538376762997, 4303323.017020344734192 ], [ 365653.28355941886548, 4303325.068999301642179 ], [ 365650.205590981990099, 4303326.094988781027496 ], [ 365646.101633066136856, 4303326.094988781027496 ], [ 365643.023664629261475, 4303327.12097825948149 ], [ 365640.971685671363957, 4303329.172957218252122 ], [ 365638.919706713466439, 4303331.224936176091433 ], [ 365636.867727755510714, 4303333.27691513299942 ], [ 365634.815748797613196, 4303335.32889409083873 ], [ 365632.763769839715678, 4303337.380873049609363 ], [ 365630.71179088181816, 4303339.432852007448673 ], [ 365628.659811923920643, 4303341.484830965287983 ], [ 365625.581843487045262, 4303342.5108204446733 ], [ 365621.477885571192019, 4303342.5108204446733 ], [ 365618.399917134316638, 4303343.536809923127294 ], [ 365616.34793817641912, 4303345.588788881897926 ], [ 365614.295959218521602, 4303347.640767838805914 ], [ 365612.243980260565877, 4303349.692746797576547 ], [ 365610.192001302610151, 4303351.744725754484534 ], [ 365608.140022344712634, 4303353.796704713255167 ], [ 365607.114032865734771, 4303356.874673149548471 ], [ 365607.114032865734771, 4303360.978631065227091 ], [ 365606.088043386815116, 4303364.056599502451718 ], [ 365604.036064428917598, 4303366.108578460291028 ], [ 365601.98408547102008, 4303368.160557419061661 ], [ 365599.932106513064355, 4303370.212536375969648 ], [ 365598.906117034086492, 4303373.290504813194275 ], [ 365598.906117034086492, 4303377.394462728872895 ], [ 365597.880127555108629, 4303380.472431165166199 ], [ 365595.828148597211111, 4303382.524410123936832 ], [ 365593.776169639313594, 4303384.576389081776142 ], [ 365591.724190681416076, 4303386.62836803868413 ], [ 365590.698201202438213, 4303391.758315433748066 ], [ 365590.698201202438213, 4303399.96623126603663 ], [ 365589.672211723518558, 4303405.096178660169244 ], [ 365587.620232765562832, 4303407.148157618939877 ], [ 365585.568253807607107, 4303409.200136575847864 ], [ 365583.516274849767797, 4303411.252115534618497 ], [ 365582.490285370789934, 4303416.382062928751111 ], [ 365582.490285370789934, 4303424.589978761039674 ], [ 365583.516274849767797, 4303429.719926156103611 ], [ 365585.568253807607107, 4303431.771905113011599 ], [ 365587.620232765562832, 4303433.823884070850909 ], [ 365589.672211723518558, 4303435.875863029621542 ], [ 365589.672211723518558, 4303437.927841987460852 ], [ 365587.620232765562832, 4303439.979820944368839 ], [ 365585.568253807607107, 4303442.031799903139472 ], [ 365583.516274849767797, 4303444.083778860978782 ], [ 365582.490285370789934, 4303447.161747298203409 ], [ 365582.490285370789934, 4303451.265705213882029 ], [ 365581.464295891812071, 4303454.343673650175333 ], [ 365579.412316933914553, 4303456.395652608945966 ], [ 365576.334348497039173, 4303457.42164208739996 ], [ 365572.230390581185929, 4303457.42164208739996 ], [ 365569.152422144310549, 4303458.447631565853953 ], [ 365567.100443186413031, 4303460.499610524624586 ], [ 365566.074453707435168, 4303465.6295579187572 ], [ 365566.074453707435168, 4303473.837473750114441 ], [ 365567.100443186413031, 4303478.967421145178378 ], [ 365569.152422144310549, 4303481.01940010394901 ], [ 365571.204401102266274, 4303483.071379061788321 ], [ 365573.256380060105585, 4303485.123358018696308 ], [ 365574.282369539083447, 4303488.201326455920935 ], [ 365574.282369539083447, 4303492.305284371599555 ], [ 365575.30835901806131, 4303495.383252808824182 ], [ 365577.360337976017036, 4303497.435231766663492 ], [ 365582.490285370789934, 4303498.461221246048808 ], [ 365590.698201202438213, 4303498.461221246048808 ], [ 365595.828148597211111, 4303499.487210724502802 ], [ 365597.880127555108629, 4303501.539189683273435 ], [ 365599.932106513064355, 4303503.591168640181422 ], [ 365601.98408547102008, 4303505.643147598952055 ], [ 365607.114032865792979, 4303506.669137077406049 ], [ 365615.321948697441258, 4303506.669137077406049 ], [ 365620.451896092214156, 4303507.695126555860043 ], [ 365622.503875050111674, 4303509.747105514630675 ], [ 365624.555854008067399, 4303511.799084471538663 ], [ 365626.607832966023125, 4303513.851063430309296 ], [ 365628.659811923920643, 4303515.903042387217283 ], [ 365630.71179088181816, 4303517.955021345987916 ], [ 365632.763769839715678, 4303520.007000303827226 ], [ 365634.815748797613196, 4303522.058979261666536 ], [ 365636.867727755510714, 4303524.110958219505847 ], [ 365638.919706713466439, 4303526.162937178276479 ], [ 365640.971685671363957, 4303528.214916136115789 ], [ 365643.023664629261475, 4303530.266895093023777 ], [ 365645.075643587217201, 4303532.318874050863087 ], [ 365647.127622545114718, 4303534.37085300963372 ], [ 365649.179601503012236, 4303536.42283196747303 ], [ 365651.231580460967962, 4303538.474810924381018 ], [ 365654.309548897843342, 4303539.500800403766334 ], [ 365658.413506813638378, 4303539.500800403766334 ], [ 365661.491475250513759, 4303540.526789882220328 ], [ 365663.543454208469484, 4303542.578768840990961 ], [ 365664.569443687389139, 4303545.656737277284265 ], [ 365664.569443687389139, 4303549.760695193894207 ], [ 365665.595433166367002, 4303552.838663630187511 ], [ 365667.64741212426452, 4303554.890642588958144 ], [ 365670.7253805611399, 4303555.916632067412138 ], [ 365674.829338476993144, 4303555.916632067412138 ], [ 365677.907306913868524, 4303556.942621545866132 ], [ 365679.959285871766042, 4303558.994600504636765 ], [ 365679.959285871766042, 4303561.046579461544752 ], [ 365677.907306913868524, 4303563.098558420315385 ], [ 365675.855327955912799, 4303565.150537377223372 ], [ 365673.803348997957073, 4303567.202516335994005 ], [ 365672.777359519037418, 4303572.332463730126619 ], [ 365672.777359519037418, 4303580.54037956148386 ], [ 365671.751370040059555, 4303585.670326956547797 ], [ 365669.699391082162037, 4303587.722305915318429 ], [ 365666.621422645344865, 4303588.748295393772423 ], [ 365662.517464729491621, 4303588.748295393772423 ], [ 365659.439496292616241, 4303589.77428487315774 ], [ 365657.387517334718723, 4303591.826263830065727 ], [ 365655.335538376762997, 4303593.878242787905037 ], [ 365653.28355941886548, 4303595.93022174667567 ], [ 365651.231580460967962, 4303597.98220070451498 ], [ 365649.179601503012236, 4303600.03417966235429 ], [ 365648.153612024092581, 4303607.216106015257537 ], [ 365648.153612024092581, 4303619.527979762293398 ], [ 365647.127622545114718, 4303626.709906115196645 ], [ 365645.075643587217201, 4303628.761885073035955 ], [ 365643.023664629261475, 4303630.813864030875266 ], [ 365640.971685671363957, 4303632.865842989645898 ], [ 365639.945696192386094, 4303652.359643089585006 ], [ 365639.945696192386094, 4303689.295264331623912 ], [ 365640.971685671363957, 4303708.78906443156302 ], [ 365643.023664629261475, 4303710.841043390333652 ], [ 365670.7253805611399, 4303711.867032868787646 ], [ 365717.920896593190264, 4303711.867032868787646 ], [ 365724.076833466941025, 4303711.867032868787646 ], [ 365751.77854939881945, 4303711.867032868787646 ], [ 365753.830528356716968, 4303711.867032868787646 ], [ 365754.856517835694831, 4303712.89302234724164 ], [ 365754.856517835694831, 4303714.945001306012273 ], [ 365755.882507314672694, 4303716.99698026292026 ], [ 365757.934486272570211, 4303719.048959221690893 ], [ 365761.012454709445592, 4303720.074948700144887 ], [ 365765.116412625298835, 4303720.074948700144887 ], [ 365768.194381062174216, 4303721.100938178598881 ], [ 365770.246360020071734, 4303723.152917137369514 ], [ 365772.298338977969252, 4303725.204896094277501 ], [ 365774.350317935924977, 4303727.256875053048134 ], [ 365781.532244288595393, 4303728.282864531502128 ], [ 365793.844118036096916, 4303728.282864531502128 ], [ 365801.026044388825539, 4303729.308854010887444 ], [ 365803.078023346723057, 4303731.360832968726754 ], [ 365805.130002304620575, 4303733.412811927497387 ], [ 365807.181981262576301, 4303735.464790884405375 ], [ 365809.233960220473818, 4303737.516769842244685 ], [ 365811.285939178371336, 4303739.568748801015317 ], [ 365813.337918136268854, 4303741.620727758854628 ], [ 365815.38989709422458, 4303743.672706715762615 ], [ 365817.441876052122097, 4303743.672706715762615 ], [ 365819.493855010019615, 4303741.620727758854628 ], [ 365821.545833967975341, 4303739.568748801015317 ], [ 365823.597812925872859, 4303737.516769842244685 ], [ 365825.649791883770376, 4303737.516769842244685 ], [ 365827.701770841726102, 4303739.568748801015317 ], [ 365829.75374979962362, 4303741.620727758854628 ], [ 365831.805728757521138, 4303743.672706715762615 ], [ 365833.857707715476863, 4303743.672706715762615 ], [ 365835.909686673374381, 4303741.620727758854628 ], [ 365837.961665631271899, 4303739.568748801015317 ], [ 365840.013644589227624, 4303737.516769842244685 ], [ 365843.091613026103005, 4303736.490780363790691 ], [ 365847.19557094189804, 4303736.490780363790691 ], [ 365850.273539378773421, 4303737.516769842244685 ], [ 365852.325518336729147, 4303739.568748801015317 ], [ 365854.377497294626664, 4303741.620727758854628 ], [ 365856.429476252524182, 4303743.672706715762615 ], [ 365861.559423647355288, 4303744.698696195147932 ], [ 365869.76733947894536, 4303744.698696195147932 ], [ 365874.897286873776466, 4303745.724685673601925 ], [ 365876.949265831732191, 4303747.776664632372558 ], [ 365877.975255310651846, 4303757.010569943115115 ], [ 365877.975255310651846, 4303773.426401605829597 ], [ 365879.001244789629709, 4303782.660306916572154 ], [ 365881.053223747527227, 4303784.712285874411464 ], [ 365883.105202705482952, 4303786.764264833182096 ], [ 365885.157181663322262, 4303788.816243790090084 ], [ 365886.183171142300125, 4303795.998170142993331 ], [ 365886.183171142300125, 4303808.310043890960515 ], [ 365887.209160621277988, 4303815.491970242932439 ], [ 365889.261139579233713, 4303817.543949201703072 ], [ 365892.339108016109094, 4303818.569938680157065 ], [ 365896.44306593190413, 4303818.569938680157065 ], [ 365899.52103436877951, 4303819.595928158611059 ], [ 365901.573013326735236, 4303821.647907117381692 ], [ 365902.599002805654891, 4303824.725875553674996 ], [ 365902.599002805654891, 4303828.829833469353616 ], [ 365903.624992284632754, 4303831.907801906578243 ], [ 365905.676971242530271, 4303833.959780864417553 ], [ 365908.754939679405652, 4303834.985770343802869 ], [ 365912.858897595258895, 4303834.985770343802869 ], [ 365915.936866032134276, 4303836.011759822256863 ], [ 365917.988844990031794, 4303838.063738781027496 ], [ 365917.988844990031794, 4303840.115717738866806 ], [ 365915.936866032134276, 4303842.167696695774794 ], [ 365913.884887074236758, 4303844.219675653614104 ], [ 365911.832908116281033, 4303846.271654612384737 ], [ 365910.80691863730317, 4303849.349623048678041 ], [ 365910.80691863730317, 4303853.453580964356661 ], [ 365909.780929158325307, 4303856.531549401581287 ], [ 365907.728950200427789, 4303858.583528358489275 ], [ 365905.676971242530271, 4303860.635507317259908 ], [ 365903.624992284632754, 4303862.687486275099218 ], [ 365902.599002805654891, 4303865.765454712323844 ], [ 365902.599002805654891, 4303869.869412628002465 ], [ 365901.573013326735236, 4303872.947381064295769 ], [ 365899.52103436877951, 4303874.999360023066401 ], [ 365896.44306593190413, 4303876.025349501520395 ], [ 365892.339108016109094, 4303876.025349501520395 ], [ 365889.261139579233713, 4303877.051338979974389 ], [ 365887.209160621277988, 4303879.103317938745022 ], [ 365886.183171142300125, 4303886.285244290716946 ], [ 365886.183171142300125, 4303898.59711803868413 ], [ 365887.209160621277988, 4303905.779044390656054 ], [ 365889.261139579233713, 4303907.831023349426687 ], [ 365892.339108016109094, 4303908.857012827880681 ], [ 365896.44306593190413, 4303908.857012827880681 ], [ 365899.52103436877951, 4303909.883002307265997 ], [ 365901.573013326735236, 4303911.934981265105307 ], [ 365901.573013326735236, 4303913.986960222944617 ], [ 365899.52103436877951, 4303916.03893918171525 ], [ 365897.469055410823785, 4303918.090918138623238 ], [ 365895.417076452926267, 4303920.14289709739387 ], [ 365894.391086973948404, 4303925.272844491526484 ], [ 365894.391086973948404, 4303933.480760322883725 ], [ 365893.365097495028749, 4303938.610707717947662 ], [ 365891.313118537131231, 4303940.662686675786972 ], [ 365889.261139579233713, 4303942.714665633626282 ], [ 365887.209160621277988, 4303944.766644592396915 ], [ 365885.157181663322262, 4303946.818623550236225 ], [ 365883.105202705482952, 4303948.870602507144213 ], [ 365881.053223747527227, 4303950.922581464983523 ], [ 365879.001244789629709, 4303952.974560423754156 ], [ 365877.975255310651846, 4303962.208465734496713 ], [ 365877.975255310651846, 4303978.624297397211194 ], [ 365879.001244789629709, 4303987.858202707953751 ], [ 365881.053223747527227, 4303989.910181665793061 ], [ 365883.105202705482952, 4303991.962160624563694 ], [ 365885.157181663322262, 4303994.014139581471682 ], [ 365885.157181663322262, 4303996.066118539310992 ], [ 365883.105202705482952, 4303998.118097498081625 ], [ 365881.053223747527227, 4304000.170076455920935 ], [ 365879.001244789629709, 4304002.222055412828922 ], [ 365876.949265831732191, 4304004.274034370668232 ], [ 365874.897286873776466, 4304006.326013329438865 ], [ 365872.84530791582074, 4304008.377992287278175 ], [ 365870.79332895798143, 4304010.429971244186163 ], [ 365869.767339479003567, 4304019.66387655492872 ], [ 365869.767339479003567, 4304036.079708219505847 ], [ 365870.79332895798143, 4304045.313613530248404 ], [ 365872.84530791582074, 4304047.365592487156391 ], [ 365875.923276352696121, 4304048.391581966541708 ], [ 365880.027234268607572, 4304048.391581966541708 ], [ 365883.105202705482952, 4304049.417571444995701 ], [ 365885.157181663322262, 4304051.469550403766334 ], [ 365886.183171142300125, 4304056.599497798830271 ], [ 365886.183171142300125, 4304064.807413630187511 ], [ 365885.157181663322262, 4304069.937361024320126 ], [ 365883.105202705482952, 4304071.989339983090758 ], [ 365881.053223747527227, 4304074.041318939998746 ], [ 365879.001244789629709, 4304076.093297898769379 ], [ 365877.975255310651846, 4304079.171266335062683 ], [ 365877.975255310651846, 4304083.275224250741303 ], [ 365879.001244789629709, 4304086.353192687034607 ], [ 365881.053223747527227, 4304088.40517164580524 ], [ 365883.105202705482952, 4304090.457150602713227 ], [ 365885.157181663322262, 4304092.50912956148386 ], [ 365886.183171142300125, 4304097.639076955616474 ], [ 365886.183171142300125, 4304105.846992786973715 ], [ 365887.209160621277988, 4304110.976940182037652 ], [ 365889.261139579233713, 4304113.028919140808284 ], [ 365891.313118537131231, 4304115.080898098647594 ], [ 365893.365097495028749, 4304117.132877055555582 ], [ 365894.391086973948404, 4304122.262824450619519 ], [ 365894.391086973948404, 4304130.470740282908082 ], [ 365894.391086973948404, 4304135.600687677040696 ], [ 365894.391086973948404, 4304137.652666635811329 ], [ 365895.417076452926267, 4304138.678656114265323 ] ] ] ] } }
]
}
