{
"type": "FeatureCollection",
"name": "anak_burn_perim_rocha",
"crs": { "type": "name", "properties": { "name": "urn:ogc:def:crs:EPSG::32605" } },
"features": [
{ "type": "Feature", "properties": { "ID": 1, "Name": "Rocha's Burn Perimeter" }, "geometry": { "type": "MultiPolygon", "coordinates": [ [ [ [ 575115.0, 7702397.941999999806285 ], [ 575085.0, 7702427.941999999806285 ], [ 575055.0, 7702427.941999999806285 ], [ 575055.0, 7702457.941999999806285 ], [ 575025.0, 7702457.941999999806285 ], [ 574995.0, 7702517.941999999806285 ], [ 574995.0, 7702547.941999999806285 ], [ 574965.0, 7702547.941999999806285 ], [ 574965.0, 7702577.941999999806285 ], [ 574935.0, 7702607.941999999806285 ], [ 574935.0, 7702637.941999999806285 ], [ 574905.0, 7702637.941999999806285 ], [ 574905.0, 7702667.941999999806285 ], [ 574875.0, 7702667.941999999806285 ], [ 574875.0, 7702727.941999999806285 ], [ 574845.0, 7702727.941999999806285 ], [ 574845.0, 7702757.941999999806285 ], [ 574815.0, 7702757.941999999806285 ], [ 574815.0, 7702787.941999999806285 ], [ 574815.0, 7702817.941999999806285 ], [ 574785.0, 7702847.941999999806285 ], [ 574755.0, 7702877.941999999806285 ], [ 574725.0, 7702877.941999999806285 ], [ 574725.0, 7702907.941999999806285 ], [ 574725.0, 7702937.941999999806285 ], [ 574695.0, 7702937.941999999806285 ], [ 574665.0, 7702997.941999999806285 ], [ 574635.0, 7703027.941999999806285 ], [ 574605.0, 7703057.941999999806285 ], [ 574575.0, 7703057.941999999806285 ], [ 574575.0, 7703087.941999999806285 ], [ 574545.0, 7703087.941999999806285 ], [ 574545.0, 7703117.941999999806285 ], [ 574515.0, 7703117.941999999806285 ], [ 574485.0, 7703117.941999999806285 ], [ 574485.0, 7703147.941999999806285 ], [ 574455.0, 7703147.941999999806285 ], [ 574395.0, 7703147.941999999806285 ], [ 574365.0, 7703177.941999999806285 ], [ 574335.0, 7703177.941999999806285 ], [ 574305.0, 7703177.941999999806285 ], [ 574275.0, 7703177.941999999806285 ], [ 574245.0, 7703207.941999999806285 ], [ 574245.0, 7703267.941999999806285 ], [ 574275.0, 7703267.941999999806285 ], [ 574305.0, 7703297.941999999806285 ], [ 574335.0, 7703327.941999999806285 ], [ 574335.0, 7703357.941999999806285 ], [ 574365.0, 7703357.941999999806285 ], [ 574365.0, 7703387.941999999806285 ], [ 574395.0, 7703417.941999999806285 ], [ 574425.0, 7703417.941999999806285 ], [ 574425.0, 7703447.941999999806285 ], [ 574425.0, 7703477.941999999806285 ], [ 574425.0, 7703507.941999999806285 ], [ 574455.0, 7703537.941999999806285 ], [ 574455.0, 7703567.941999999806285 ], [ 574485.0, 7703597.941999999806285 ], [ 574485.0, 7703627.941999999806285 ], [ 574485.0, 7703657.941999999806285 ], [ 574515.0, 7703687.941999999806285 ], [ 574515.0, 7703717.941999999806285 ], [ 574515.0, 7703747.941999999806285 ], [ 574545.0, 7703747.941999999806285 ], [ 574575.0, 7703747.941999999806285 ], [ 574605.0, 7703747.941999999806285 ], [ 574635.0, 7703747.941999999806285 ], [ 574665.0, 7703747.941999999806285 ], [ 574695.0, 7703747.941999999806285 ], [ 574725.0, 7703747.941999999806285 ], [ 574755.0, 7703747.941999999806285 ], [ 574785.0, 7703747.941999999806285 ], [ 574815.0, 7703747.941999999806285 ], [ 574845.0, 7703747.941999999806285 ], [ 574875.0, 7703747.941999999806285 ], [ 574935.0, 7703717.941999999806285 ], [ 574965.0, 7703717.941999999806285 ], [ 574995.0, 7703687.941999999806285 ], [ 575025.0, 7703687.941999999806285 ], [ 575055.0, 7703687.941999999806285 ], [ 575085.0, 7703687.941999999806285 ], [ 575085.0, 7703657.941999999806285 ], [ 575085.0, 7703627.941999999806285 ], [ 575115.0, 7703627.941999999806285 ], [ 575145.0, 7703597.941999999806285 ], [ 575145.0, 7703567.941999999806285 ], [ 575175.0, 7703537.941999999806285 ], [ 575175.0, 7703507.941999999806285 ], [ 575205.0, 7703477.941999999806285 ], [ 575235.0, 7703477.941999999806285 ], [ 575235.0, 7703447.941999999806285 ], [ 575235.0, 7703417.941999999806285 ], [ 575265.0, 7703387.941999999806285 ], [ 575265.0, 7703357.941999999806285 ], [ 575295.0, 7703327.941999999806285 ], [ 575355.0, 7703297.941999999806285 ], [ 575355.0, 7703267.941999999806285 ], [ 575385.0, 7703237.941999999806285 ], [ 575415.0, 7703237.941999999806285 ], [ 575445.0, 7703237.941999999806285 ], [ 575475.0, 7703237.941999999806285 ], [ 575505.0, 7703237.941999999806285 ], [ 575535.0, 7703237.941999999806285 ], [ 575565.0, 7703237.941999999806285 ], [ 575595.0, 7703237.941999999806285 ], [ 575625.0, 7703237.941999999806285 ], [ 575625.0, 7703267.941999999806285 ], [ 575625.0, 7703297.941999999806285 ], [ 575625.0, 7703327.941999999806285 ], [ 575625.0, 7703357.941999999806285 ], [ 575625.0, 7703387.941999999806285 ], [ 575625.0, 7703417.941999999806285 ], [ 575625.0, 7703447.941999999806285 ], [ 575625.0, 7703477.941999999806285 ], [ 575595.0, 7703477.941999999806285 ], [ 575595.0, 7703507.941999999806285 ], [ 575595.0, 7703537.941999999806285 ], [ 575565.0, 7703567.941999999806285 ], [ 575565.0, 7703597.941999999806285 ], [ 575565.0, 7703627.941999999806285 ], [ 575565.0, 7703657.941999999806285 ], [ 575535.0, 7703657.941999999806285 ], [ 575535.0, 7703687.941999999806285 ], [ 575535.0, 7703717.941999999806285 ], [ 575505.0, 7703717.941999999806285 ], [ 575505.0, 7703747.941999999806285 ], [ 575505.0, 7703777.941999999806285 ], [ 575475.0, 7703807.941999999806285 ], [ 575475.0, 7703837.941999999806285 ], [ 575445.0, 7703867.941999999806285 ], [ 575445.0, 7703897.941999999806285 ], [ 575445.0, 7703927.941999999806285 ], [ 575445.0, 7703957.941999999806285 ], [ 575445.0, 7703987.941999999806285 ], [ 575415.0, 7703987.941999999806285 ], [ 575415.0, 7704017.941999999806285 ], [ 575415.0, 7704047.941999999806285 ], [ 575415.0, 7704077.941999999806285 ], [ 575415.0, 7704107.941999999806285 ], [ 575415.0, 7704137.941999999806285 ], [ 575415.0, 7704167.941999999806285 ], [ 575415.0, 7704197.941999999806285 ], [ 575415.0, 7704227.941999999806285 ], [ 575415.0, 7704287.941999999806285 ], [ 575415.0, 7704317.941999999806285 ], [ 575415.0, 7704347.941999999806285 ], [ 575415.0, 7704377.941999999806285 ], [ 575415.0, 7704407.941999999806285 ], [ 575415.0, 7704437.941999999806285 ], [ 575445.0, 7704467.941999999806285 ], [ 575475.0, 7704467.941999999806285 ], [ 575475.0, 7704497.941999999806285 ], [ 575505.0, 7704497.941999999806285 ], [ 575535.0, 7704497.941999999806285 ], [ 575565.0, 7704497.941999999806285 ], [ 575595.0, 7704527.941999999806285 ], [ 575625.0, 7704527.941999999806285 ], [ 575655.0, 7704527.941999999806285 ], [ 575685.0, 7704527.941999999806285 ], [ 575715.0, 7704527.941999999806285 ], [ 575745.0, 7704527.941999999806285 ], [ 575775.0, 7704527.941999999806285 ], [ 575805.0, 7704527.941999999806285 ], [ 575835.0, 7704527.941999999806285 ], [ 575865.0, 7704527.941999999806285 ], [ 575865.0, 7704557.941999999806285 ], [ 575895.0, 7704557.941999999806285 ], [ 575925.0, 7704557.941999999806285 ], [ 575955.0, 7704557.941999999806285 ], [ 575985.0, 7704557.941999999806285 ], [ 576015.0, 7704557.941999999806285 ], [ 576015.0, 7704527.941999999806285 ], [ 576045.0, 7704527.941999999806285 ], [ 576075.0, 7704527.941999999806285 ], [ 576105.0, 7704527.941999999806285 ], [ 576135.0, 7704527.941999999806285 ], [ 576165.0, 7704527.941999999806285 ], [ 576165.0, 7704497.941999999806285 ], [ 576195.0, 7704497.941999999806285 ], [ 576195.0, 7704467.941999999806285 ], [ 576225.0, 7704467.941999999806285 ], [ 576255.0, 7704467.941999999806285 ], [ 576285.0, 7704467.941999999806285 ], [ 576315.0, 7704467.941999999806285 ], [ 576315.0, 7704437.941999999806285 ], [ 576345.0, 7704437.941999999806285 ], [ 576345.0, 7704407.941999999806285 ], [ 576375.0, 7704377.941999999806285 ], [ 576375.0, 7704347.941999999806285 ], [ 576405.0, 7704317.941999999806285 ], [ 576435.0, 7704317.941999999806285 ], [ 576465.0, 7704287.941999999806285 ], [ 576495.0, 7704287.941999999806285 ], [ 576525.0, 7704287.941999999806285 ], [ 576585.0, 7704287.941999999806285 ], [ 576585.0, 7704257.941999999806285 ], [ 576615.0, 7704257.941999999806285 ], [ 576645.0, 7704257.941999999806285 ], [ 576675.0, 7704257.941999999806285 ], [ 576675.0, 7704227.941999999806285 ], [ 576705.0, 7704227.941999999806285 ], [ 576735.0, 7704227.941999999806285 ], [ 576765.0, 7704227.941999999806285 ], [ 576765.0, 7704197.941999999806285 ], [ 576765.0, 7704167.941999999806285 ], [ 576765.0, 7704137.941999999806285 ], [ 576765.0, 7704107.941999999806285 ], [ 576765.0, 7704077.941999999806285 ], [ 576795.0, 7704047.941999999806285 ], [ 576795.0, 7704017.941999999806285 ], [ 576795.0, 7703987.941999999806285 ], [ 576795.0, 7703957.941999999806285 ], [ 576795.0, 7703897.941999999806285 ], [ 576825.0, 7703867.941999999806285 ], [ 576855.0, 7703807.941999999806285 ], [ 576885.0, 7703807.941999999806285 ], [ 576885.0, 7703777.941999999806285 ], [ 576885.0, 7703747.941999999806285 ], [ 576885.0, 7703717.941999999806285 ], [ 576885.0, 7703687.941999999806285 ], [ 576915.0, 7703687.941999999806285 ], [ 576915.0, 7703657.941999999806285 ], [ 576945.0, 7703597.941999999806285 ], [ 576945.0, 7703567.941999999806285 ], [ 576975.0, 7703537.941999999806285 ], [ 577005.0, 7703537.941999999806285 ], [ 577005.0, 7703507.941999999806285 ], [ 577005.0, 7703477.941999999806285 ], [ 577005.0, 7703447.941999999806285 ], [ 577005.0, 7703417.941999999806285 ], [ 577005.0, 7703387.941999999806285 ], [ 577035.0, 7703387.941999999806285 ], [ 577035.0, 7703357.941999999806285 ], [ 577035.0, 7703327.941999999806285 ], [ 577035.0, 7703297.941999999806285 ], [ 577065.0, 7703297.941999999806285 ], [ 577065.0, 7703237.941999999806285 ], [ 577065.0, 7703207.941999999806285 ], [ 577065.0, 7703177.941999999806285 ], [ 577065.0, 7703147.941999999806285 ], [ 577065.0, 7703087.941999999806285 ], [ 577095.0, 7703057.941999999806285 ], [ 577095.0, 7702997.941999999806285 ], [ 577095.0, 7702967.941999999806285 ], [ 577125.0, 7702967.941999999806285 ], [ 577125.0, 7702937.941999999806285 ], [ 577125.0, 7702907.941999999806285 ], [ 577125.0, 7702877.941999999806285 ], [ 577125.0, 7702847.941999999806285 ], [ 577125.0, 7702817.941999999806285 ], [ 577125.0, 7702787.941999999806285 ], [ 577125.0, 7702757.941999999806285 ], [ 577155.0, 7702757.941999999806285 ], [ 577155.0, 7702727.941999999806285 ], [ 577155.0, 7702697.941999999806285 ], [ 577185.0, 7702697.941999999806285 ], [ 577185.0, 7702667.941999999806285 ], [ 577215.0, 7702667.941999999806285 ], [ 577215.0, 7702637.941999999806285 ], [ 577245.0, 7702607.941999999806285 ], [ 577275.0, 7702607.941999999806285 ], [ 577305.0, 7702577.941999999806285 ], [ 577365.0, 7702517.941999999806285 ], [ 577425.0, 7702487.941999999806285 ], [ 577425.0, 7702427.941999999806285 ], [ 577485.0, 7702397.941999999806285 ], [ 577515.0, 7702367.941999999806285 ], [ 577545.0, 7702367.941999999806285 ], [ 577575.0, 7702337.941999999806285 ], [ 577575.0, 7702307.941999999806285 ], [ 577605.0, 7702307.941999999806285 ], [ 577635.0, 7702307.941999999806285 ], [ 577665.0, 7702307.941999999806285 ], [ 577725.0, 7702337.941999999806285 ], [ 577785.0, 7702337.941999999806285 ], [ 577815.0, 7702337.941999999806285 ], [ 577845.0, 7702337.941999999806285 ], [ 577875.0, 7702367.941999999806285 ], [ 577905.0, 7702367.941999999806285 ], [ 577935.0, 7702397.941999999806285 ], [ 577965.0, 7702397.941999999806285 ], [ 577995.0, 7702397.941999999806285 ], [ 578025.0, 7702397.941999999806285 ], [ 578055.0, 7702397.941999999806285 ], [ 578055.0, 7702427.941999999806285 ], [ 578085.0, 7702457.941999999806285 ], [ 578115.0, 7702457.941999999806285 ], [ 578145.0, 7702457.941999999806285 ], [ 578175.0, 7702457.941999999806285 ], [ 578175.0, 7702487.941999999806285 ], [ 578205.0, 7702487.941999999806285 ], [ 578235.0, 7702487.941999999806285 ], [ 578265.0, 7702487.941999999806285 ], [ 578265.0, 7702517.941999999806285 ], [ 578295.0, 7702517.941999999806285 ], [ 578295.0, 7702547.941999999806285 ], [ 578325.0, 7702547.941999999806285 ], [ 578325.0, 7702577.941999999806285 ], [ 578355.0, 7702577.941999999806285 ], [ 578355.0, 7702607.941999999806285 ], [ 578385.0, 7702607.941999999806285 ], [ 578415.0, 7702607.941999999806285 ], [ 578445.0, 7702637.941999999806285 ], [ 578475.0, 7702637.941999999806285 ], [ 578505.0, 7702637.941999999806285 ], [ 578535.0, 7702637.941999999806285 ], [ 578565.0, 7702667.941999999806285 ], [ 578565.0, 7702697.941999999806285 ], [ 578595.0, 7702697.941999999806285 ], [ 578625.0, 7702727.941999999806285 ], [ 578655.0, 7702727.941999999806285 ], [ 578685.0, 7702727.941999999806285 ], [ 578715.0, 7702727.941999999806285 ], [ 578745.0, 7702727.941999999806285 ], [ 578775.0, 7702727.941999999806285 ], [ 578805.0, 7702727.941999999806285 ], [ 578835.0, 7702727.941999999806285 ], [ 578835.0, 7702697.941999999806285 ], [ 578865.0, 7702697.941999999806285 ], [ 578865.0, 7702667.941999999806285 ], [ 578895.0, 7702637.941999999806285 ], [ 578925.0, 7702607.941999999806285 ], [ 578925.0, 7702577.941999999806285 ], [ 578955.0, 7702577.941999999806285 ], [ 578955.0, 7702547.941999999806285 ], [ 578985.0, 7702547.941999999806285 ], [ 578985.0, 7702517.941999999806285 ], [ 578985.0, 7702487.941999999806285 ], [ 578985.0, 7702457.941999999806285 ], [ 579015.0, 7702427.941999999806285 ], [ 579045.0, 7702427.941999999806285 ], [ 579045.0, 7702397.941999999806285 ], [ 579045.0, 7702367.941999999806285 ], [ 579075.0, 7702337.941999999806285 ], [ 579075.0, 7702307.941999999806285 ], [ 579075.0, 7702277.941999999806285 ], [ 579075.0, 7702247.941999999806285 ], [ 579075.0, 7702217.941999999806285 ], [ 579075.0, 7702187.941999999806285 ], [ 579075.0, 7702157.941999999806285 ], [ 579075.0, 7702127.941999999806285 ], [ 579075.0, 7702067.941999999806285 ], [ 579075.0, 7702037.941999999806285 ], [ 579075.0, 7702007.941999999806285 ], [ 579075.0, 7701977.941999999806285 ], [ 579105.0, 7701947.941999999806285 ], [ 579135.0, 7701947.941999999806285 ], [ 579135.0, 7701917.941999999806285 ], [ 579165.0, 7701917.941999999806285 ], [ 579165.0, 7701887.941999999806285 ], [ 579195.0, 7701857.941999999806285 ], [ 579195.0, 7701827.941999999806285 ], [ 579195.0, 7701797.941999999806285 ], [ 579225.0, 7701767.941999999806285 ], [ 579255.0, 7701767.941999999806285 ], [ 579285.0, 7701767.941999999806285 ], [ 579285.0, 7701737.941999999806285 ], [ 579315.0, 7701737.941999999806285 ], [ 579345.0, 7701737.941999999806285 ], [ 579375.0, 7701737.941999999806285 ], [ 579375.0, 7701707.941999999806285 ], [ 579405.0, 7701707.941999999806285 ], [ 579435.0, 7701707.941999999806285 ], [ 579465.0, 7701707.941999999806285 ], [ 579495.0, 7701707.941999999806285 ], [ 579525.0, 7701707.941999999806285 ], [ 579555.0, 7701707.941999999806285 ], [ 579585.0, 7701707.941999999806285 ], [ 579615.0, 7701707.941999999806285 ], [ 579645.0, 7701707.941999999806285 ], [ 579675.0, 7701707.941999999806285 ], [ 579705.0, 7701707.941999999806285 ], [ 579735.0, 7701707.941999999806285 ], [ 579765.0, 7701707.941999999806285 ], [ 579795.0, 7701707.941999999806285 ], [ 579825.0, 7701707.941999999806285 ], [ 579855.0, 7701707.941999999806285 ], [ 579885.0, 7701707.941999999806285 ], [ 579915.0, 7701707.941999999806285 ], [ 579945.0, 7701677.941999999806285 ], [ 579975.0, 7701677.941999999806285 ], [ 580005.0, 7701677.941999999806285 ], [ 580035.0, 7701647.941999999806285 ], [ 580095.0, 7701647.941999999806285 ], [ 580125.0, 7701617.941999999806285 ], [ 580185.0, 7701557.941999999806285 ], [ 580245.0, 7701557.941999999806285 ], [ 580275.0, 7701557.941999999806285 ], [ 580305.0, 7701557.941999999806285 ], [ 580335.0, 7701557.941999999806285 ], [ 580335.0, 7701527.941999999806285 ], [ 580335.0, 7701497.941999999806285 ], [ 580335.0, 7701467.941999999806285 ], [ 580335.0, 7701437.941999999806285 ], [ 580335.0, 7701407.941999999806285 ], [ 580365.0, 7701347.941999999806285 ], [ 580395.0, 7701377.941999999806285 ], [ 580395.0, 7701347.941999999806285 ], [ 580395.0, 7701317.941999999806285 ], [ 580395.0, 7701287.941999999806285 ], [ 580425.0, 7701287.941999999806285 ], [ 580425.0, 7701257.941999999806285 ], [ 580455.0, 7701257.941999999806285 ], [ 580455.0, 7701227.941999999806285 ], [ 580485.0, 7701227.941999999806285 ], [ 580515.0, 7701227.941999999806285 ], [ 580545.0, 7701227.941999999806285 ], [ 580575.0, 7701227.941999999806285 ], [ 580605.0, 7701227.941999999806285 ], [ 580635.0, 7701227.941999999806285 ], [ 580665.0, 7701227.941999999806285 ], [ 580695.0, 7701227.941999999806285 ], [ 580725.0, 7701227.941999999806285 ], [ 580755.0, 7701227.941999999806285 ], [ 580755.0, 7701197.941999999806285 ], [ 580785.0, 7701197.941999999806285 ], [ 580815.0, 7701167.941999999806285 ], [ 580875.0, 7701137.941999999806285 ], [ 580905.0, 7701137.941999999806285 ], [ 580935.0, 7701107.941999999806285 ], [ 580995.0, 7701077.941999999806285 ], [ 581025.0, 7701077.941999999806285 ], [ 581055.0, 7701077.941999999806285 ], [ 581115.0, 7701077.941999999806285 ], [ 581145.0, 7701077.941999999806285 ], [ 581175.0, 7701077.941999999806285 ], [ 581235.0, 7701077.941999999806285 ], [ 581265.0, 7701077.941999999806285 ], [ 581295.0, 7701077.941999999806285 ], [ 581355.0, 7701077.941999999806285 ], [ 581385.0, 7701077.941999999806285 ], [ 581415.0, 7701077.941999999806285 ], [ 581445.0, 7701077.941999999806285 ], [ 581475.0, 7701077.941999999806285 ], [ 581505.0, 7701077.941999999806285 ], [ 581535.0, 7701077.941999999806285 ], [ 581565.0, 7701077.941999999806285 ], [ 581625.0, 7701077.941999999806285 ], [ 581655.0, 7701077.941999999806285 ], [ 581685.0, 7701077.941999999806285 ], [ 581715.0, 7701077.941999999806285 ], [ 581715.0, 7701107.941999999806285 ], [ 581745.0, 7701107.941999999806285 ], [ 581775.0, 7701107.941999999806285 ], [ 581805.0, 7701107.941999999806285 ], [ 581835.0, 7701107.941999999806285 ], [ 581865.0, 7701137.941999999806285 ], [ 581895.0, 7701167.941999999806285 ], [ 581925.0, 7701197.941999999806285 ], [ 581955.0, 7701197.941999999806285 ], [ 581955.0, 7701227.941999999806285 ], [ 581985.0, 7701227.941999999806285 ], [ 581985.0, 7701257.941999999806285 ], [ 582015.0, 7701257.941999999806285 ], [ 582045.0, 7701287.941999999806285 ], [ 582075.0, 7701287.941999999806285 ], [ 582105.0, 7701287.941999999806285 ], [ 582105.0, 7701317.941999999806285 ], [ 582135.0, 7701317.941999999806285 ], [ 582165.0, 7701317.941999999806285 ], [ 582195.0, 7701317.941999999806285 ], [ 582225.0, 7701317.941999999806285 ], [ 582315.0, 7701317.941999999806285 ], [ 582345.0, 7701317.941999999806285 ], [ 582375.0, 7701317.941999999806285 ], [ 582405.0, 7701347.941999999806285 ], [ 582435.0, 7701347.941999999806285 ], [ 582465.0, 7701347.941999999806285 ], [ 582495.0, 7701347.941999999806285 ], [ 582525.0, 7701347.941999999806285 ], [ 582555.0, 7701347.941999999806285 ], [ 582585.0, 7701347.941999999806285 ], [ 582615.0, 7701347.941999999806285 ], [ 582645.0, 7701347.941999999806285 ], [ 582675.0, 7701347.941999999806285 ], [ 582705.0, 7701347.941999999806285 ], [ 582735.0, 7701347.941999999806285 ], [ 582765.0, 7701347.941999999806285 ], [ 582795.0, 7701347.941999999806285 ], [ 582825.0, 7701347.941999999806285 ], [ 582855.0, 7701347.941999999806285 ], [ 582885.0, 7701347.941999999806285 ], [ 582915.0, 7701377.941999999806285 ], [ 582945.0, 7701377.941999999806285 ], [ 582975.0, 7701377.941999999806285 ], [ 583005.0, 7701377.941999999806285 ], [ 583065.0, 7701377.941999999806285 ], [ 583095.0, 7701377.941999999806285 ], [ 583125.0, 7701377.941999999806285 ], [ 583155.0, 7701377.941999999806285 ], [ 583185.0, 7701377.941999999806285 ], [ 583215.0, 7701377.941999999806285 ], [ 583245.0, 7701377.941999999806285 ], [ 583305.0, 7701377.941999999806285 ], [ 583335.0, 7701377.941999999806285 ], [ 583365.0, 7701347.941999999806285 ], [ 583425.0, 7701347.941999999806285 ], [ 583455.0, 7701347.941999999806285 ], [ 583485.0, 7701347.941999999806285 ], [ 583515.0, 7701347.941999999806285 ], [ 583545.0, 7701347.941999999806285 ], [ 583575.0, 7701347.941999999806285 ], [ 583635.0, 7701317.941999999806285 ], [ 583665.0, 7701317.941999999806285 ], [ 583695.0, 7701317.941999999806285 ], [ 583725.0, 7701317.941999999806285 ], [ 583755.0, 7701317.941999999806285 ], [ 583785.0, 7701317.941999999806285 ], [ 583815.0, 7701287.941999999806285 ], [ 583815.0, 7701257.941999999806285 ], [ 583845.0, 7701257.941999999806285 ], [ 583875.0, 7701257.941999999806285 ], [ 583905.0, 7701227.941999999806285 ], [ 583935.0, 7701227.941999999806285 ], [ 583965.0, 7701227.941999999806285 ], [ 584055.0, 7701227.941999999806285 ], [ 584085.0, 7701227.941999999806285 ], [ 584115.0, 7701227.941999999806285 ], [ 584145.0, 7701227.941999999806285 ], [ 584175.0, 7701227.941999999806285 ], [ 584205.0, 7701227.941999999806285 ], [ 584235.0, 7701227.941999999806285 ], [ 584265.0, 7701197.941999999806285 ], [ 584295.0, 7701197.941999999806285 ], [ 584325.0, 7701197.941999999806285 ], [ 584385.0, 7701167.941999999806285 ], [ 584415.0, 7701137.941999999806285 ], [ 584445.0, 7701137.941999999806285 ], [ 584475.0, 7701137.941999999806285 ], [ 584505.0, 7701137.941999999806285 ], [ 584565.0, 7701137.941999999806285 ], [ 584595.0, 7701137.941999999806285 ], [ 584625.0, 7701137.941999999806285 ], [ 584655.0, 7701137.941999999806285 ], [ 584685.0, 7701137.941999999806285 ], [ 584745.0, 7701107.941999999806285 ], [ 584805.0, 7701077.941999999806285 ], [ 584835.0, 7701077.941999999806285 ], [ 584865.0, 7701077.941999999806285 ], [ 584895.0, 7701077.941999999806285 ], [ 584925.0, 7701077.941999999806285 ], [ 584955.0, 7701077.941999999806285 ], [ 584985.0, 7701077.941999999806285 ], [ 584985.0, 7701107.941999999806285 ], [ 585015.0, 7701107.941999999806285 ], [ 585015.0, 7701137.941999999806285 ], [ 585045.0, 7701137.941999999806285 ], [ 585045.0, 7701167.941999999806285 ], [ 585075.0, 7701167.941999999806285 ], [ 585105.0, 7701167.941999999806285 ], [ 585135.0, 7701197.941999999806285 ], [ 585165.0, 7701197.941999999806285 ], [ 585195.0, 7701197.941999999806285 ], [ 585225.0, 7701227.941999999806285 ], [ 585255.0, 7701227.941999999806285 ], [ 585255.0, 7701257.941999999806285 ], [ 585285.0, 7701257.941999999806285 ], [ 585285.0, 7701287.941999999806285 ], [ 585315.0, 7701287.941999999806285 ], [ 585345.0, 7701287.941999999806285 ], [ 585375.0, 7701287.941999999806285 ], [ 585405.0, 7701287.941999999806285 ], [ 585435.0, 7701287.941999999806285 ], [ 585465.0, 7701287.941999999806285 ], [ 585495.0, 7701287.941999999806285 ], [ 585525.0, 7701287.941999999806285 ], [ 585555.0, 7701287.941999999806285 ], [ 585585.0, 7701287.941999999806285 ], [ 585585.0, 7701257.941999999806285 ], [ 585615.0, 7701227.941999999806285 ], [ 585615.0, 7701197.941999999806285 ], [ 585615.0, 7701167.941999999806285 ], [ 585645.0, 7701167.941999999806285 ], [ 585645.0, 7701137.941999999806285 ], [ 585675.0, 7701107.941999999806285 ], [ 585675.0, 7701077.941999999806285 ], [ 585705.0, 7701107.941999999806285 ], [ 585705.0, 7701137.941999999806285 ], [ 585735.0, 7701167.941999999806285 ], [ 585735.0, 7701197.941999999806285 ], [ 585735.0, 7701227.941999999806285 ], [ 585765.0, 7701257.941999999806285 ], [ 585765.0, 7701287.941999999806285 ], [ 585765.0, 7701317.941999999806285 ], [ 585795.0, 7701347.941999999806285 ], [ 585795.0, 7701407.941999999806285 ], [ 585795.0, 7701437.941999999806285 ], [ 585795.0, 7701467.941999999806285 ], [ 585795.0, 7701497.941999999806285 ], [ 585795.0, 7701527.941999999806285 ], [ 585795.0, 7701587.941999999806285 ], [ 585795.0, 7701617.941999999806285 ], [ 585765.0, 7701647.941999999806285 ], [ 585765.0, 7701677.941999999806285 ], [ 585735.0, 7701677.941999999806285 ], [ 585735.0, 7701707.941999999806285 ], [ 585705.0, 7701737.941999999806285 ], [ 585675.0, 7701737.941999999806285 ], [ 585675.0, 7701767.941999999806285 ], [ 585675.0, 7701797.941999999806285 ], [ 585645.0, 7701797.941999999806285 ], [ 585615.0, 7701827.941999999806285 ], [ 585585.0, 7701857.941999999806285 ], [ 585585.0, 7701887.941999999806285 ], [ 585555.0, 7701917.941999999806285 ], [ 585525.0, 7701917.941999999806285 ], [ 585525.0, 7701947.941999999806285 ], [ 585525.0, 7701977.941999999806285 ], [ 585495.0, 7701977.941999999806285 ], [ 585495.0, 7702007.941999999806285 ], [ 585495.0, 7702037.941999999806285 ], [ 585495.0, 7702067.941999999806285 ], [ 585495.0, 7702097.941999999806285 ], [ 585495.0, 7702127.941999999806285 ], [ 585495.0, 7702157.941999999806285 ], [ 585495.0, 7702187.941999999806285 ], [ 585495.0, 7702217.941999999806285 ], [ 585495.0, 7702247.941999999806285 ], [ 585495.0, 7702277.941999999806285 ], [ 585495.0, 7702307.941999999806285 ], [ 585495.0, 7702337.941999999806285 ], [ 585525.0, 7702337.941999999806285 ], [ 585525.0, 7702367.941999999806285 ], [ 585555.0, 7702367.941999999806285 ], [ 585585.0, 7702367.941999999806285 ], [ 585585.0, 7702397.941999999806285 ], [ 585615.0, 7702397.941999999806285 ], [ 585645.0, 7702397.941999999806285 ], [ 585675.0, 7702397.941999999806285 ], [ 585675.0, 7702427.941999999806285 ], [ 585675.0, 7702457.941999999806285 ], [ 585705.0, 7702457.941999999806285 ], [ 585765.0, 7702457.941999999806285 ], [ 585795.0, 7702457.941999999806285 ], [ 585825.0, 7702457.941999999806285 ], [ 585855.0, 7702457.941999999806285 ], [ 585885.0, 7702457.941999999806285 ], [ 585915.0, 7702457.941999999806285 ], [ 585915.0, 7702487.941999999806285 ], [ 585945.0, 7702487.941999999806285 ], [ 585975.0, 7702517.941999999806285 ], [ 585975.0, 7702547.941999999806285 ], [ 586005.0, 7702547.941999999806285 ], [ 586035.0, 7702577.941999999806285 ], [ 586065.0, 7702577.941999999806285 ], [ 586065.0, 7702607.941999999806285 ], [ 586065.0, 7702637.941999999806285 ], [ 586095.0, 7702637.941999999806285 ], [ 586125.0, 7702637.941999999806285 ], [ 586125.0, 7702667.941999999806285 ], [ 586155.0, 7702697.941999999806285 ], [ 586185.0, 7702697.941999999806285 ], [ 586215.0, 7702727.941999999806285 ], [ 586215.0, 7702757.941999999806285 ], [ 586245.0, 7702757.941999999806285 ], [ 586275.0, 7702757.941999999806285 ], [ 586275.0, 7702787.941999999806285 ], [ 586305.0, 7702787.941999999806285 ], [ 586335.0, 7702787.941999999806285 ], [ 586335.0, 7702817.941999999806285 ], [ 586365.0, 7702847.941999999806285 ], [ 586395.0, 7702847.941999999806285 ], [ 586395.0, 7702877.941999999806285 ], [ 586425.0, 7702877.941999999806285 ], [ 586455.0, 7702907.941999999806285 ], [ 586455.0, 7702937.941999999806285 ], [ 586485.0, 7702937.941999999806285 ], [ 586485.0, 7702967.941999999806285 ], [ 586515.0, 7702997.941999999806285 ], [ 586515.0, 7703027.941999999806285 ], [ 586545.0, 7703027.941999999806285 ], [ 586575.0, 7703027.941999999806285 ], [ 586575.0, 7703057.941999999806285 ], [ 586575.0, 7703087.941999999806285 ], [ 586605.0, 7703087.941999999806285 ], [ 586605.0, 7703117.941999999806285 ], [ 586605.0, 7703147.941999999806285 ], [ 586605.0, 7703177.941999999806285 ], [ 586605.0, 7703207.941999999806285 ], [ 586605.0, 7703237.941999999806285 ], [ 586635.0, 7703267.941999999806285 ], [ 586635.0, 7703297.941999999806285 ], [ 586665.0, 7703297.941999999806285 ], [ 586665.0, 7703327.941999999806285 ], [ 586665.0, 7703357.941999999806285 ], [ 586695.0, 7703357.941999999806285 ], [ 586725.0, 7703387.941999999806285 ], [ 586755.0, 7703417.941999999806285 ], [ 586755.0, 7703447.941999999806285 ], [ 586785.0, 7703447.941999999806285 ], [ 586785.0, 7703477.941999999806285 ], [ 586815.0, 7703477.941999999806285 ], [ 586815.0, 7703507.941999999806285 ], [ 586845.0, 7703537.941999999806285 ], [ 586875.0, 7703567.941999999806285 ], [ 586875.0, 7703597.941999999806285 ], [ 586905.0, 7703597.941999999806285 ], [ 586905.0, 7703627.941999999806285 ], [ 586905.0, 7703657.941999999806285 ], [ 586905.0, 7703687.941999999806285 ], [ 586905.0, 7703717.941999999806285 ], [ 586935.0, 7703717.941999999806285 ], [ 586935.0, 7703747.941999999806285 ], [ 586965.0, 7703777.941999999806285 ], [ 586995.0, 7703777.941999999806285 ], [ 586995.0, 7703807.941999999806285 ], [ 587025.0, 7703837.941999999806285 ], [ 587025.0, 7703867.941999999806285 ], [ 587025.0, 7703897.941999999806285 ], [ 587025.0, 7703927.941999999806285 ], [ 587055.0, 7703927.941999999806285 ], [ 587055.0, 7703957.941999999806285 ], [ 587055.0, 7703987.941999999806285 ], [ 587055.0, 7704017.941999999806285 ], [ 587055.0, 7704047.941999999806285 ], [ 587055.0, 7704077.941999999806285 ], [ 587085.0, 7704077.941999999806285 ], [ 587085.0, 7704107.941999999806285 ], [ 587085.0, 7704167.941999999806285 ], [ 587115.0, 7704197.941999999806285 ], [ 587115.0, 7704227.941999999806285 ], [ 587115.0, 7704257.941999999806285 ], [ 587145.0, 7704287.941999999806285 ], [ 587145.0, 7704317.941999999806285 ], [ 587145.0, 7704347.941999999806285 ], [ 587145.0, 7704377.941999999806285 ], [ 587175.0, 7704377.941999999806285 ], [ 587175.0, 7704407.941999999806285 ], [ 587175.0, 7704437.941999999806285 ], [ 587205.0, 7704467.941999999806285 ], [ 587205.0, 7704497.941999999806285 ], [ 587235.0, 7704497.941999999806285 ], [ 587235.0, 7704527.941999999806285 ], [ 587265.0, 7704557.941999999806285 ], [ 587295.0, 7704557.941999999806285 ], [ 587325.0, 7704587.941999999806285 ], [ 587355.0, 7704587.941999999806285 ], [ 587385.0, 7704587.941999999806285 ], [ 587415.0, 7704587.941999999806285 ], [ 587415.0, 7704617.941999999806285 ], [ 587445.0, 7704617.941999999806285 ], [ 587475.0, 7704617.941999999806285 ], [ 587505.0, 7704617.941999999806285 ], [ 587535.0, 7704617.941999999806285 ], [ 587565.0, 7704617.941999999806285 ], [ 587595.0, 7704617.941999999806285 ], [ 587625.0, 7704647.941999999806285 ], [ 587655.0, 7704647.941999999806285 ], [ 587685.0, 7704647.941999999806285 ], [ 587715.0, 7704647.941999999806285 ], [ 587745.0, 7704647.941999999806285 ], [ 587745.0, 7704677.941999999806285 ], [ 587775.0, 7704707.941999999806285 ], [ 587805.0, 7704707.941999999806285 ], [ 587805.0, 7704737.941999999806285 ], [ 587835.0, 7704737.941999999806285 ], [ 587835.0, 7704767.941999999806285 ], [ 587865.0, 7704767.941999999806285 ], [ 587895.0, 7704767.941999999806285 ], [ 587895.0, 7704797.941999999806285 ], [ 587925.0, 7704797.941999999806285 ], [ 587955.0, 7704827.941999999806285 ], [ 587985.0, 7704857.941999999806285 ], [ 587985.0, 7704887.941999999806285 ], [ 588015.0, 7704887.941999999806285 ], [ 588015.0, 7704917.941999999806285 ], [ 588045.0, 7704917.941999999806285 ], [ 588045.0, 7704947.941999999806285 ], [ 588045.0, 7704977.941999999806285 ], [ 588075.0, 7704977.941999999806285 ], [ 588075.0, 7704947.941999999806285 ], [ 588075.0, 7704917.941999999806285 ], [ 588075.0, 7704887.941999999806285 ], [ 588075.0, 7704857.941999999806285 ], [ 588075.0, 7704827.941999999806285 ], [ 588075.0, 7704797.941999999806285 ], [ 588075.0, 7704737.941999999806285 ], [ 588105.0, 7704737.941999999806285 ], [ 588105.0, 7704707.941999999806285 ], [ 588105.0, 7704677.941999999806285 ], [ 588105.0, 7704647.941999999806285 ], [ 588105.0, 7704617.941999999806285 ], [ 588105.0, 7704587.941999999806285 ], [ 588105.0, 7704557.941999999806285 ], [ 588105.0, 7704527.941999999806285 ], [ 588105.0, 7704497.941999999806285 ], [ 588105.0, 7704467.941999999806285 ], [ 588135.0, 7704467.941999999806285 ], [ 588135.0, 7704437.941999999806285 ], [ 588165.0, 7704437.941999999806285 ], [ 588165.0, 7704407.941999999806285 ], [ 588165.0, 7704377.941999999806285 ], [ 588165.0, 7704347.941999999806285 ], [ 588165.0, 7704317.941999999806285 ], [ 588165.0, 7704287.941999999806285 ], [ 588165.0, 7704257.941999999806285 ], [ 588165.0, 7704227.941999999806285 ], [ 588165.0, 7704197.941999999806285 ], [ 588165.0, 7704167.941999999806285 ], [ 588165.0, 7704137.941999999806285 ], [ 588165.0, 7704107.941999999806285 ], [ 588165.0, 7704077.941999999806285 ], [ 588165.0, 7704047.941999999806285 ], [ 588165.0, 7704017.941999999806285 ], [ 588195.0, 7703987.941999999806285 ], [ 588195.0, 7703957.941999999806285 ], [ 588225.0, 7703927.941999999806285 ], [ 588225.0, 7703897.941999999806285 ], [ 588195.0, 7703897.941999999806285 ], [ 588195.0, 7703867.941999999806285 ], [ 588195.0, 7703837.941999999806285 ], [ 588195.0, 7703807.941999999806285 ], [ 588195.0, 7703777.941999999806285 ], [ 588195.0, 7703747.941999999806285 ], [ 588195.0, 7703717.941999999806285 ], [ 588195.0, 7703687.941999999806285 ], [ 588195.0, 7703657.941999999806285 ], [ 588195.0, 7703627.941999999806285 ], [ 588165.0, 7703597.941999999806285 ], [ 588165.0, 7703567.941999999806285 ], [ 588135.0, 7703567.941999999806285 ], [ 588135.0, 7703537.941999999806285 ], [ 588105.0, 7703507.941999999806285 ], [ 588075.0, 7703477.941999999806285 ], [ 588075.0, 7703447.941999999806285 ], [ 588045.0, 7703447.941999999806285 ], [ 588045.0, 7703417.941999999806285 ], [ 588015.0, 7703417.941999999806285 ], [ 588015.0, 7703387.941999999806285 ], [ 587985.0, 7703357.941999999806285 ], [ 587985.0, 7703327.941999999806285 ], [ 587985.0, 7703297.941999999806285 ], [ 587955.0, 7703297.941999999806285 ], [ 587955.0, 7703267.941999999806285 ], [ 587925.0, 7703237.941999999806285 ], [ 587925.0, 7703207.941999999806285 ], [ 587895.0, 7703207.941999999806285 ], [ 587895.0, 7703177.941999999806285 ], [ 587865.0, 7703177.941999999806285 ], [ 587865.0, 7703147.941999999806285 ], [ 587835.0, 7703147.941999999806285 ], [ 587835.0, 7703117.941999999806285 ], [ 587835.0, 7703087.941999999806285 ], [ 587805.0, 7703087.941999999806285 ], [ 587775.0, 7703087.941999999806285 ], [ 587745.0, 7703087.941999999806285 ], [ 587715.0, 7703057.941999999806285 ], [ 587685.0, 7703057.941999999806285 ], [ 587685.0, 7703027.941999999806285 ], [ 587685.0, 7702997.941999999806285 ], [ 587655.0, 7702997.941999999806285 ], [ 587625.0, 7702967.941999999806285 ], [ 587595.0, 7702967.941999999806285 ], [ 587595.0, 7702937.941999999806285 ], [ 587565.0, 7702937.941999999806285 ], [ 587565.0, 7702907.941999999806285 ], [ 587535.0, 7702907.941999999806285 ], [ 587505.0, 7702907.941999999806285 ], [ 587505.0, 7702877.941999999806285 ], [ 587475.0, 7702877.941999999806285 ], [ 587475.0, 7702847.941999999806285 ], [ 587445.0, 7702817.941999999806285 ], [ 587445.0, 7702787.941999999806285 ], [ 587445.0, 7702757.941999999806285 ], [ 587445.0, 7702727.941999999806285 ], [ 587445.0, 7702697.941999999806285 ], [ 587445.0, 7702667.941999999806285 ], [ 587445.0, 7702637.941999999806285 ], [ 587445.0, 7702607.941999999806285 ], [ 587445.0, 7702577.941999999806285 ], [ 587445.0, 7702547.941999999806285 ], [ 587415.0, 7702517.941999999806285 ], [ 587415.0, 7702487.941999999806285 ], [ 587415.0, 7702457.941999999806285 ], [ 587415.0, 7702427.941999999806285 ], [ 587415.0, 7702397.941999999806285 ], [ 587415.0, 7702367.941999999806285 ], [ 587415.0, 7702337.941999999806285 ], [ 587415.0, 7702307.941999999806285 ], [ 587415.0, 7702277.941999999806285 ], [ 587415.0, 7702247.941999999806285 ], [ 587415.0, 7702217.941999999806285 ], [ 587415.0, 7702187.941999999806285 ], [ 587415.0, 7702157.941999999806285 ], [ 587415.0, 7702127.941999999806285 ], [ 587415.0, 7702097.941999999806285 ], [ 587415.0, 7702037.941999999806285 ], [ 587445.0, 7702037.941999999806285 ], [ 587445.0, 7702007.941999999806285 ], [ 587445.0, 7701977.941999999806285 ], [ 587475.0, 7701947.941999999806285 ], [ 587475.0, 7701917.941999999806285 ], [ 587475.0, 7701887.941999999806285 ], [ 587475.0, 7701857.941999999806285 ], [ 587475.0, 7701827.941999999806285 ], [ 587475.0, 7701797.941999999806285 ], [ 587505.0, 7701797.941999999806285 ], [ 587505.0, 7701767.941999999806285 ], [ 587505.0, 7701737.941999999806285 ], [ 587535.0, 7701677.941999999806285 ], [ 587535.0, 7701647.941999999806285 ], [ 587565.0, 7701617.941999999806285 ], [ 587595.0, 7701557.941999999806285 ], [ 587595.0, 7701527.941999999806285 ], [ 587595.0, 7701497.941999999806285 ], [ 587625.0, 7701467.941999999806285 ], [ 587655.0, 7701437.941999999806285 ], [ 587685.0, 7701407.941999999806285 ], [ 587685.0, 7701377.941999999806285 ], [ 587715.0, 7701377.941999999806285 ], [ 587745.0, 7701377.941999999806285 ], [ 587775.0, 7701377.941999999806285 ], [ 587805.0, 7701347.941999999806285 ], [ 587835.0, 7701347.941999999806285 ], [ 587835.0, 7701317.941999999806285 ], [ 587865.0, 7701317.941999999806285 ], [ 587895.0, 7701317.941999999806285 ], [ 587925.0, 7701317.941999999806285 ], [ 587955.0, 7701287.941999999806285 ], [ 587985.0, 7701287.941999999806285 ], [ 588015.0, 7701287.941999999806285 ], [ 588015.0, 7701317.941999999806285 ], [ 588045.0, 7701347.941999999806285 ], [ 588045.0, 7701377.941999999806285 ], [ 588075.0, 7701407.941999999806285 ], [ 588075.0, 7701437.941999999806285 ], [ 588075.0, 7701467.941999999806285 ], [ 588075.0, 7701497.941999999806285 ], [ 588075.0, 7701527.941999999806285 ], [ 588075.0, 7701557.941999999806285 ], [ 588075.0, 7701587.941999999806285 ], [ 588075.0, 7701617.941999999806285 ], [ 588075.0, 7701647.941999999806285 ], [ 588075.0, 7701677.941999999806285 ], [ 588075.0, 7701707.941999999806285 ], [ 588075.0, 7701737.941999999806285 ], [ 588075.0, 7701767.941999999806285 ], [ 588075.0, 7701797.941999999806285 ], [ 588075.0, 7701827.941999999806285 ], [ 588075.0, 7701857.941999999806285 ], [ 588075.0, 7701887.941999999806285 ], [ 588075.0, 7701917.941999999806285 ], [ 588075.0, 7701947.941999999806285 ], [ 588045.0, 7701977.941999999806285 ], [ 588045.0, 7702007.941999999806285 ], [ 588045.0, 7702037.941999999806285 ], [ 588045.0, 7702067.941999999806285 ], [ 588045.0, 7702097.941999999806285 ], [ 588015.0, 7702097.941999999806285 ], [ 588015.0, 7702127.941999999806285 ], [ 588015.0, 7702157.941999999806285 ], [ 588015.0, 7702187.941999999806285 ], [ 588015.0, 7702217.941999999806285 ], [ 587985.0, 7702217.941999999806285 ], [ 587955.0, 7702217.941999999806285 ], [ 587955.0, 7702247.941999999806285 ], [ 587925.0, 7702247.941999999806285 ], [ 587895.0, 7702247.941999999806285 ], [ 587895.0, 7702277.941999999806285 ], [ 587895.0, 7702307.941999999806285 ], [ 587865.0, 7702307.941999999806285 ], [ 587835.0, 7702307.941999999806285 ], [ 587835.0, 7702337.941999999806285 ], [ 587805.0, 7702337.941999999806285 ], [ 587775.0, 7702337.941999999806285 ], [ 587775.0, 7702367.941999999806285 ], [ 587775.0, 7702397.941999999806285 ], [ 587775.0, 7702427.941999999806285 ], [ 587775.0, 7702457.941999999806285 ], [ 587775.0, 7702487.941999999806285 ], [ 587805.0, 7702487.941999999806285 ], [ 587805.0, 7702517.941999999806285 ], [ 587805.0, 7702547.941999999806285 ], [ 587835.0, 7702577.941999999806285 ], [ 587835.0, 7702607.941999999806285 ], [ 587865.0, 7702637.941999999806285 ], [ 587895.0, 7702637.941999999806285 ], [ 587895.0, 7702667.941999999806285 ], [ 587925.0, 7702697.941999999806285 ], [ 587925.0, 7702727.941999999806285 ], [ 587955.0, 7702727.941999999806285 ], [ 587985.0, 7702727.941999999806285 ], [ 588015.0, 7702757.941999999806285 ], [ 588045.0, 7702757.941999999806285 ], [ 588075.0, 7702787.941999999806285 ], [ 588105.0, 7702817.941999999806285 ], [ 588135.0, 7702817.941999999806285 ], [ 588165.0, 7702817.941999999806285 ], [ 588165.0, 7702847.941999999806285 ], [ 588195.0, 7702877.941999999806285 ], [ 588195.0, 7702907.941999999806285 ], [ 588225.0, 7702907.941999999806285 ], [ 588225.0, 7702937.941999999806285 ], [ 588255.0, 7702937.941999999806285 ], [ 588255.0, 7702967.941999999806285 ], [ 588285.0, 7702997.941999999806285 ], [ 588315.0, 7702997.941999999806285 ], [ 588315.0, 7703027.941999999806285 ], [ 588345.0, 7703057.941999999806285 ], [ 588375.0, 7703087.941999999806285 ], [ 588375.0, 7703117.941999999806285 ], [ 588405.0, 7703117.941999999806285 ], [ 588435.0, 7703147.941999999806285 ], [ 588465.0, 7703147.941999999806285 ], [ 588465.0, 7703177.941999999806285 ], [ 588495.0, 7703207.941999999806285 ], [ 588495.0, 7703237.941999999806285 ], [ 588525.0, 7703237.941999999806285 ], [ 588555.0, 7703267.941999999806285 ], [ 588555.0, 7703297.941999999806285 ], [ 588555.0, 7703327.941999999806285 ], [ 588585.0, 7703327.941999999806285 ], [ 588585.0, 7703357.941999999806285 ], [ 588585.0, 7703387.941999999806285 ], [ 588615.0, 7703417.941999999806285 ], [ 588645.0, 7703447.941999999806285 ], [ 588645.0, 7703477.941999999806285 ], [ 588675.0, 7703507.941999999806285 ], [ 588675.0, 7703537.941999999806285 ], [ 588705.0, 7703537.941999999806285 ], [ 588705.0, 7703567.941999999806285 ], [ 588735.0, 7703597.941999999806285 ], [ 588765.0, 7703627.941999999806285 ], [ 588795.0, 7703657.941999999806285 ], [ 588825.0, 7703687.941999999806285 ], [ 588855.0, 7703717.941999999806285 ], [ 588885.0, 7703747.941999999806285 ], [ 588915.0, 7703777.941999999806285 ], [ 588915.0, 7703807.941999999806285 ], [ 588945.0, 7703807.941999999806285 ], [ 588975.0, 7703837.941999999806285 ], [ 588975.0, 7703867.941999999806285 ], [ 589005.0, 7703867.941999999806285 ], [ 589005.0, 7703897.941999999806285 ], [ 589005.0, 7703927.941999999806285 ], [ 589035.0, 7703927.941999999806285 ], [ 589035.0, 7703957.941999999806285 ], [ 589065.0, 7703957.941999999806285 ], [ 589065.0, 7703987.941999999806285 ], [ 589095.0, 7704017.941999999806285 ], [ 589095.0, 7704047.941999999806285 ], [ 589125.0, 7704077.941999999806285 ], [ 589125.0, 7704107.941999999806285 ], [ 589155.0, 7704107.941999999806285 ], [ 589185.0, 7704137.941999999806285 ], [ 589185.0, 7704167.941999999806285 ], [ 589185.0, 7704197.941999999806285 ], [ 589215.0, 7704227.941999999806285 ], [ 589215.0, 7704257.941999999806285 ], [ 589245.0, 7704257.941999999806285 ], [ 589245.0, 7704287.941999999806285 ], [ 589245.0, 7704317.941999999806285 ], [ 589275.0, 7704317.941999999806285 ], [ 589305.0, 7704317.941999999806285 ], [ 589305.0, 7704347.941999999806285 ], [ 589335.0, 7704347.941999999806285 ], [ 589365.0, 7704347.941999999806285 ], [ 589365.0, 7704377.941999999806285 ], [ 589395.0, 7704377.941999999806285 ], [ 589425.0, 7704407.941999999806285 ], [ 589425.0, 7704437.941999999806285 ], [ 589455.0, 7704437.941999999806285 ], [ 589425.0, 7704437.941999999806285 ], [ 589425.0, 7704467.941999999806285 ], [ 589455.0, 7704467.941999999806285 ], [ 589485.0, 7704467.941999999806285 ], [ 589515.0, 7704467.941999999806285 ], [ 589515.0, 7704497.941999999806285 ], [ 589545.0, 7704497.941999999806285 ], [ 589575.0, 7704497.941999999806285 ], [ 589605.0, 7704527.941999999806285 ], [ 589635.0, 7704527.941999999806285 ], [ 589665.0, 7704527.941999999806285 ], [ 589695.0, 7704527.941999999806285 ], [ 589785.0, 7704527.941999999806285 ], [ 589815.0, 7704527.941999999806285 ], [ 589845.0, 7704527.941999999806285 ], [ 589875.0, 7704527.941999999806285 ], [ 589875.0, 7704497.941999999806285 ], [ 589905.0, 7704497.941999999806285 ], [ 589905.0, 7704467.941999999806285 ], [ 589875.0, 7704467.941999999806285 ], [ 589875.0, 7704437.941999999806285 ], [ 589875.0, 7704407.941999999806285 ], [ 589875.0, 7704377.941999999806285 ], [ 589875.0, 7704347.941999999806285 ], [ 589875.0, 7704317.941999999806285 ], [ 589875.0, 7704287.941999999806285 ], [ 589875.0, 7704227.941999999806285 ], [ 589875.0, 7704197.941999999806285 ], [ 589875.0, 7704167.941999999806285 ], [ 589845.0, 7704167.941999999806285 ], [ 589845.0, 7704137.941999999806285 ], [ 589845.0, 7704107.941999999806285 ], [ 589845.0, 7704077.941999999806285 ], [ 589845.0, 7704047.941999999806285 ], [ 589845.0, 7704017.941999999806285 ], [ 589845.0, 7703987.941999999806285 ], [ 589845.0, 7703957.941999999806285 ], [ 589875.0, 7703957.941999999806285 ], [ 589875.0, 7703927.941999999806285 ], [ 589905.0, 7703927.941999999806285 ], [ 589935.0, 7703927.941999999806285 ], [ 589965.0, 7703927.941999999806285 ], [ 589995.0, 7703927.941999999806285 ], [ 590055.0, 7703897.941999999806285 ], [ 590085.0, 7703897.941999999806285 ], [ 590175.0, 7703867.941999999806285 ], [ 590205.0, 7703837.941999999806285 ], [ 590235.0, 7703837.941999999806285 ], [ 590415.0, 7703777.941999999806285 ], [ 590445.0, 7703747.941999999806285 ], [ 590475.0, 7703747.941999999806285 ], [ 590505.0, 7703747.941999999806285 ], [ 590505.0, 7703717.941999999806285 ], [ 590535.0, 7703717.941999999806285 ], [ 590565.0, 7703717.941999999806285 ], [ 590565.0, 7703747.941999999806285 ], [ 590565.0, 7703777.941999999806285 ], [ 590565.0, 7703807.941999999806285 ], [ 590565.0, 7703837.941999999806285 ], [ 590565.0, 7703867.941999999806285 ], [ 590565.0, 7703897.941999999806285 ], [ 590595.0, 7703897.941999999806285 ], [ 590595.0, 7703927.941999999806285 ], [ 590625.0, 7703927.941999999806285 ], [ 590625.0, 7703957.941999999806285 ], [ 590655.0, 7703957.941999999806285 ], [ 590685.0, 7703957.941999999806285 ], [ 590715.0, 7703957.941999999806285 ], [ 590745.0, 7703957.941999999806285 ], [ 590775.0, 7703957.941999999806285 ], [ 590775.0, 7703927.941999999806285 ], [ 590805.0, 7703927.941999999806285 ], [ 590805.0, 7703897.941999999806285 ], [ 590835.0, 7703897.941999999806285 ], [ 590835.0, 7703867.941999999806285 ], [ 590865.0, 7703867.941999999806285 ], [ 590865.0, 7703837.941999999806285 ], [ 590895.0, 7703837.941999999806285 ], [ 590895.0, 7703807.941999999806285 ], [ 590925.0, 7703807.941999999806285 ], [ 590925.0, 7703777.941999999806285 ], [ 590925.0, 7703747.941999999806285 ], [ 590925.0, 7703717.941999999806285 ], [ 590925.0, 7703687.941999999806285 ], [ 590925.0, 7703657.941999999806285 ], [ 590955.0, 7703627.941999999806285 ], [ 590985.0, 7703597.941999999806285 ], [ 591045.0, 7703567.941999999806285 ], [ 591045.0, 7703537.941999999806285 ], [ 591075.0, 7703507.941999999806285 ], [ 591105.0, 7703477.941999999806285 ], [ 591135.0, 7703447.941999999806285 ], [ 591135.0, 7703417.941999999806285 ], [ 591135.0, 7703387.941999999806285 ], [ 591165.0, 7703387.941999999806285 ], [ 591165.0, 7703357.941999999806285 ], [ 591165.0, 7703327.941999999806285 ], [ 591165.0, 7703297.941999999806285 ], [ 591195.0, 7703297.941999999806285 ], [ 591225.0, 7703267.941999999806285 ], [ 591225.0, 7703237.941999999806285 ], [ 591255.0, 7703237.941999999806285 ], [ 591255.0, 7703207.941999999806285 ], [ 591285.0, 7703177.941999999806285 ], [ 591285.0, 7703147.941999999806285 ], [ 591315.0, 7703117.941999999806285 ], [ 591315.0, 7703087.941999999806285 ], [ 591315.0, 7703057.941999999806285 ], [ 591315.0, 7703027.941999999806285 ], [ 591315.0, 7702997.941999999806285 ], [ 591315.0, 7702967.941999999806285 ], [ 591315.0, 7702907.941999999806285 ], [ 591345.0, 7702907.941999999806285 ], [ 591345.0, 7702877.941999999806285 ], [ 591345.0, 7702847.941999999806285 ], [ 591345.0, 7702817.941999999806285 ], [ 591345.0, 7702787.941999999806285 ], [ 591315.0, 7702757.941999999806285 ], [ 591315.0, 7702727.941999999806285 ], [ 591315.0, 7702697.941999999806285 ], [ 591345.0, 7702697.941999999806285 ], [ 591345.0, 7702727.941999999806285 ], [ 591375.0, 7702727.941999999806285 ], [ 591405.0, 7702757.941999999806285 ], [ 591435.0, 7702757.941999999806285 ], [ 591465.0, 7702757.941999999806285 ], [ 591495.0, 7702757.941999999806285 ], [ 591525.0, 7702757.941999999806285 ], [ 591555.0, 7702757.941999999806285 ], [ 591555.0, 7702727.941999999806285 ], [ 591555.0, 7702697.941999999806285 ], [ 591555.0, 7702637.941999999806285 ], [ 591555.0, 7702607.941999999806285 ], [ 591555.0, 7702577.941999999806285 ], [ 591555.0, 7702547.941999999806285 ], [ 591555.0, 7702517.941999999806285 ], [ 591555.0, 7702487.941999999806285 ], [ 591555.0, 7702457.941999999806285 ], [ 591525.0, 7702427.941999999806285 ], [ 591525.0, 7702397.941999999806285 ], [ 591525.0, 7702367.941999999806285 ], [ 591525.0, 7702307.941999999806285 ], [ 591525.0, 7702277.941999999806285 ], [ 591525.0, 7702247.941999999806285 ], [ 591525.0, 7702217.941999999806285 ], [ 591525.0, 7702187.941999999806285 ], [ 591555.0, 7702187.941999999806285 ], [ 591525.0, 7702187.941999999806285 ], [ 591525.0, 7702157.941999999806285 ], [ 591525.0, 7702127.941999999806285 ], [ 591525.0, 7702097.941999999806285 ], [ 591525.0, 7702067.941999999806285 ], [ 591555.0, 7702067.941999999806285 ], [ 591555.0, 7702037.941999999806285 ], [ 591555.0, 7702007.941999999806285 ], [ 591555.0, 7701977.941999999806285 ], [ 591555.0, 7701947.941999999806285 ], [ 591585.0, 7701947.941999999806285 ], [ 591615.0, 7701917.941999999806285 ], [ 591645.0, 7701887.941999999806285 ], [ 591675.0, 7701857.941999999806285 ], [ 591705.0, 7701797.941999999806285 ], [ 591735.0, 7701767.941999999806285 ], [ 591735.0, 7701737.941999999806285 ], [ 591735.0, 7701707.941999999806285 ], [ 591765.0, 7701677.941999999806285 ], [ 591765.0, 7701647.941999999806285 ], [ 591795.0, 7701617.941999999806285 ], [ 591825.0, 7701587.941999999806285 ], [ 591825.0, 7701557.941999999806285 ], [ 591825.0, 7701527.941999999806285 ], [ 591825.0, 7701497.941999999806285 ], [ 591825.0, 7701467.941999999806285 ], [ 591825.0, 7701437.941999999806285 ], [ 591855.0, 7701407.941999999806285 ], [ 591855.0, 7701377.941999999806285 ], [ 591855.0, 7701347.941999999806285 ], [ 591855.0, 7701317.941999999806285 ], [ 591855.0, 7701257.941999999806285 ], [ 591855.0, 7701227.941999999806285 ], [ 591855.0, 7701167.941999999806285 ], [ 591855.0, 7701137.941999999806285 ], [ 591825.0, 7701107.941999999806285 ], [ 591825.0, 7701077.941999999806285 ], [ 591825.0, 7701047.941999999806285 ], [ 591825.0, 7701017.941999999806285 ], [ 591825.0, 7700987.941999999806285 ], [ 591825.0, 7700957.941999999806285 ], [ 591825.0, 7700927.941999999806285 ], [ 591825.0, 7700897.941999999806285 ], [ 591825.0, 7700837.941999999806285 ], [ 591825.0, 7700807.941999999806285 ], [ 591825.0, 7700777.941999999806285 ], [ 591825.0, 7700747.941999999806285 ], [ 591795.0, 7700687.941999999806285 ], [ 591795.0, 7700657.941999999806285 ], [ 591795.0, 7700627.941999999806285 ], [ 591795.0, 7700597.941999999806285 ], [ 591825.0, 7700567.941999999806285 ], [ 591825.0, 7700537.941999999806285 ], [ 591825.0, 7700507.941999999806285 ], [ 591825.0, 7700477.941999999806285 ], [ 591825.0, 7700447.941999999806285 ], [ 591825.0, 7700417.941999999806285 ], [ 591825.0, 7700387.941999999806285 ], [ 591825.0, 7700357.941999999806285 ], [ 591825.0, 7700327.941999999806285 ], [ 591795.0, 7700327.941999999806285 ], [ 591795.0, 7700297.941999999806285 ], [ 591795.0, 7700267.941999999806285 ], [ 591825.0, 7700267.941999999806285 ], [ 591825.0, 7700237.941999999806285 ], [ 591825.0, 7700207.941999999806285 ], [ 591825.0, 7700147.941999999806285 ], [ 591855.0, 7700147.941999999806285 ], [ 591855.0, 7700117.941999999806285 ], [ 591855.0, 7700087.941999999806285 ], [ 591855.0, 7700057.941999999806285 ], [ 591885.0, 7700057.941999999806285 ], [ 591915.0, 7700057.941999999806285 ], [ 591915.0, 7700027.941999999806285 ], [ 591975.0, 7700027.941999999806285 ], [ 592005.0, 7699997.941999999806285 ], [ 592035.0, 7699997.941999999806285 ], [ 592065.0, 7699997.941999999806285 ], [ 592065.0, 7699967.941999999806285 ], [ 592065.0, 7699937.941999999806285 ], [ 592095.0, 7699937.941999999806285 ], [ 592095.0, 7699907.941999999806285 ], [ 592095.0, 7699877.941999999806285 ], [ 592095.0, 7699847.941999999806285 ], [ 592095.0, 7699817.941999999806285 ], [ 592095.0, 7699787.941999999806285 ], [ 592095.0, 7699757.941999999806285 ], [ 592095.0, 7699727.941999999806285 ], [ 592095.0, 7699697.941999999806285 ], [ 592095.0, 7699667.941999999806285 ], [ 592095.0, 7699607.941999999806285 ], [ 592095.0, 7699577.941999999806285 ], [ 592095.0, 7699547.941999999806285 ], [ 592095.0, 7699517.941999999806285 ], [ 592095.0, 7699487.941999999806285 ], [ 592095.0, 7699457.941999999806285 ], [ 592095.0, 7699427.941999999806285 ], [ 592095.0, 7699397.941999999806285 ], [ 592095.0, 7699367.941999999806285 ], [ 592095.0, 7699337.941999999806285 ], [ 592095.0, 7699307.941999999806285 ], [ 592095.0, 7699277.941999999806285 ], [ 592095.0, 7699247.941999999806285 ], [ 592095.0, 7699217.941999999806285 ], [ 592095.0, 7699187.941999999806285 ], [ 592095.0, 7699157.941999999806285 ], [ 592095.0, 7699097.941999999806285 ], [ 592095.0, 7699067.941999999806285 ], [ 592095.0, 7699037.941999999806285 ], [ 592095.0, 7699007.941999999806285 ], [ 592095.0, 7698977.941999999806285 ], [ 592095.0, 7698947.941999999806285 ], [ 592095.0, 7698917.941999999806285 ], [ 592095.0, 7698887.941999999806285 ], [ 592125.0, 7698887.941999999806285 ], [ 592125.0, 7698857.941999999806285 ], [ 592125.0, 7698827.941999999806285 ], [ 592125.0, 7698797.941999999806285 ], [ 592125.0, 7698767.941999999806285 ], [ 592125.0, 7698737.941999999806285 ], [ 592125.0, 7698707.941999999806285 ], [ 592155.0, 7698677.941999999806285 ], [ 592185.0, 7698647.941999999806285 ], [ 592215.0, 7698647.941999999806285 ], [ 592245.0, 7698617.941999999806285 ], [ 592275.0, 7698587.941999999806285 ], [ 592305.0, 7698557.941999999806285 ], [ 592335.0, 7698527.941999999806285 ], [ 592365.0, 7698527.941999999806285 ], [ 592365.0, 7698497.941999999806285 ], [ 592395.0, 7698497.941999999806285 ], [ 592395.0, 7698467.941999999806285 ], [ 592395.0, 7698437.941999999806285 ], [ 592395.0, 7698407.941999999806285 ], [ 592425.0, 7698407.941999999806285 ], [ 592425.0, 7698377.941999999806285 ], [ 592455.0, 7698347.941999999806285 ], [ 592455.0, 7698317.941999999806285 ], [ 592455.0, 7698287.941999999806285 ], [ 592455.0, 7698257.941999999806285 ], [ 592455.0, 7698227.941999999806285 ], [ 592455.0, 7698197.941999999806285 ], [ 592455.0, 7698167.941999999806285 ], [ 592455.0, 7698137.941999999806285 ], [ 592455.0, 7698107.941999999806285 ], [ 592485.0, 7698107.941999999806285 ], [ 592485.0, 7698077.941999999806285 ], [ 592485.0, 7698047.941999999806285 ], [ 592485.0, 7698017.941999999806285 ], [ 592485.0, 7697987.941999999806285 ], [ 592485.0, 7697957.941999999806285 ], [ 592485.0, 7697927.941999999806285 ], [ 592485.0, 7697897.941999999806285 ], [ 592485.0, 7697837.941999999806285 ], [ 592485.0, 7697807.941999999806285 ], [ 592485.0, 7697777.941999999806285 ], [ 592485.0, 7697717.941999999806285 ], [ 592485.0, 7697687.941999999806285 ], [ 592515.0, 7697657.941999999806285 ], [ 592515.0, 7697597.941999999806285 ], [ 592515.0, 7697567.941999999806285 ], [ 592515.0, 7697537.941999999806285 ], [ 592545.0, 7697507.941999999806285 ], [ 592545.0, 7697447.941999999806285 ], [ 592545.0, 7697417.941999999806285 ], [ 592545.0, 7697387.941999999806285 ], [ 592545.0, 7697327.941999999806285 ], [ 592545.0, 7697297.941999999806285 ], [ 592545.0, 7697267.941999999806285 ], [ 592545.0, 7697207.941999999806285 ], [ 592575.0, 7697177.941999999806285 ], [ 592575.0, 7697147.941999999806285 ], [ 592575.0, 7697117.941999999806285 ], [ 592575.0, 7697087.941999999806285 ], [ 592575.0, 7697057.941999999806285 ], [ 592575.0, 7697027.941999999806285 ], [ 592575.0, 7696997.941999999806285 ], [ 592575.0, 7696967.941999999806285 ], [ 592575.0, 7696937.941999999806285 ], [ 592575.0, 7696907.941999999806285 ], [ 592575.0, 7696877.941999999806285 ], [ 592575.0, 7696847.941999999806285 ], [ 592575.0, 7696817.941999999806285 ], [ 592575.0, 7696787.941999999806285 ], [ 592575.0, 7696757.941999999806285 ], [ 592575.0, 7696727.941999999806285 ], [ 592575.0, 7696697.941999999806285 ], [ 592575.0, 7696667.941999999806285 ], [ 592575.0, 7696607.941999999806285 ], [ 592575.0, 7696577.941999999806285 ], [ 592575.0, 7696547.941999999806285 ], [ 592575.0, 7696517.941999999806285 ], [ 592575.0, 7696487.941999999806285 ], [ 592575.0, 7696457.941999999806285 ], [ 592605.0, 7696427.941999999806285 ], [ 592605.0, 7696397.941999999806285 ], [ 592635.0, 7696367.941999999806285 ], [ 592635.0, 7696337.941999999806285 ], [ 592635.0, 7696307.941999999806285 ], [ 592635.0, 7696277.941999999806285 ], [ 592635.0, 7696247.941999999806285 ], [ 592635.0, 7696217.941999999806285 ], [ 592635.0, 7696187.941999999806285 ], [ 592665.0, 7696157.941999999806285 ], [ 592665.0, 7696127.941999999806285 ], [ 592665.0, 7696097.941999999806285 ], [ 592695.0, 7696097.941999999806285 ], [ 592695.0, 7696067.941999999806285 ], [ 592695.0, 7696037.941999999806285 ], [ 592695.0, 7696007.941999999806285 ], [ 592695.0, 7695977.941999999806285 ], [ 592725.0, 7695917.941999999806285 ], [ 592755.0, 7695887.941999999806285 ], [ 592755.0, 7695857.941999999806285 ], [ 592755.0, 7695827.941999999806285 ], [ 592725.0, 7695827.941999999806285 ], [ 592725.0, 7695797.941999999806285 ], [ 592755.0, 7695767.941999999806285 ], [ 592755.0, 7695737.941999999806285 ], [ 592785.0, 7695707.941999999806285 ], [ 592785.0, 7695647.941999999806285 ], [ 592785.0, 7695617.941999999806285 ], [ 592815.0, 7695617.941999999806285 ], [ 592815.0, 7695557.941999999806285 ], [ 592815.0, 7695527.941999999806285 ], [ 592845.0, 7695527.941999999806285 ], [ 592845.0, 7695467.941999999806285 ], [ 592875.0, 7695437.941999999806285 ], [ 592875.0, 7695377.941999999806285 ], [ 592875.0, 7695347.941999999806285 ], [ 592875.0, 7695317.941999999806285 ], [ 592875.0, 7695287.941999999806285 ], [ 592875.0, 7695257.941999999806285 ], [ 592905.0, 7695257.941999999806285 ], [ 592905.0, 7695227.941999999806285 ], [ 592935.0, 7695227.941999999806285 ], [ 592905.0, 7695227.941999999806285 ], [ 592905.0, 7695197.941999999806285 ], [ 592905.0, 7695107.941999999806285 ], [ 592905.0, 7695077.941999999806285 ], [ 592905.0, 7695047.941999999806285 ], [ 592935.0, 7695047.941999999806285 ], [ 592935.0, 7695017.941999999806285 ], [ 592935.0, 7694987.941999999806285 ], [ 592935.0, 7694957.941999999806285 ], [ 592935.0, 7694927.941999999806285 ], [ 592935.0, 7694897.941999999806285 ], [ 592935.0, 7694867.941999999806285 ], [ 592935.0, 7694837.941999999806285 ], [ 592935.0, 7694867.941999999806285 ], [ 592935.0, 7694837.941999999806285 ], [ 592935.0, 7694807.941999999806285 ], [ 592935.0, 7694717.941999999806285 ], [ 592935.0, 7694687.941999999806285 ], [ 592935.0, 7694627.941999999806285 ], [ 592935.0, 7694597.941999999806285 ], [ 592935.0, 7694567.941999999806285 ], [ 592935.0, 7694537.941999999806285 ], [ 592995.0, 7694357.941999999806285 ], [ 592995.0, 7694327.941999999806285 ], [ 592995.0, 7694297.941999999806285 ], [ 592995.0, 7694267.941999999806285 ], [ 592995.0, 7694237.941999999806285 ], [ 592995.0, 7694177.941999999806285 ], [ 592995.0, 7694147.941999999806285 ], [ 592995.0, 7694117.941999999806285 ], [ 593025.0, 7694087.941999999806285 ], [ 593025.0, 7694057.941999999806285 ], [ 593025.0, 7694027.941999999806285 ], [ 593025.0, 7693997.941999999806285 ], [ 593055.0, 7693997.941999999806285 ], [ 593055.0, 7693967.941999999806285 ], [ 593055.0, 7693937.941999999806285 ], [ 593085.0, 7693907.941999999806285 ], [ 593085.0, 7693877.941999999806285 ], [ 593085.0, 7693847.941999999806285 ], [ 593115.0, 7693787.941999999806285 ], [ 593115.0, 7693757.941999999806285 ], [ 593145.0, 7693727.941999999806285 ], [ 593145.0, 7693697.941999999806285 ], [ 593145.0, 7693667.941999999806285 ], [ 593145.0, 7693637.941999999806285 ], [ 593145.0, 7693607.941999999806285 ], [ 593145.0, 7693577.941999999806285 ], [ 593145.0, 7693547.941999999806285 ], [ 593145.0, 7693517.941999999806285 ], [ 593145.0, 7693487.941999999806285 ], [ 593145.0, 7693457.941999999806285 ], [ 593145.0, 7693427.941999999806285 ], [ 593145.0, 7693397.941999999806285 ], [ 593145.0, 7693367.941999999806285 ], [ 593145.0, 7693337.941999999806285 ], [ 593145.0, 7693307.941999999806285 ], [ 593145.0, 7693277.941999999806285 ], [ 593145.0, 7693247.941999999806285 ], [ 593145.0, 7693217.941999999806285 ], [ 593145.0, 7693187.941999999806285 ], [ 593145.0, 7693157.941999999806285 ], [ 593115.0, 7693127.941999999806285 ], [ 593115.0, 7693097.941999999806285 ], [ 593115.0, 7693067.941999999806285 ], [ 593115.0, 7693037.941999999806285 ], [ 593115.0, 7693007.941999999806285 ], [ 593085.0, 7692977.941999999806285 ], [ 593085.0, 7692947.941999999806285 ], [ 593085.0, 7692917.941999999806285 ], [ 593085.0, 7692887.941999999806285 ], [ 593085.0, 7692857.941999999806285 ], [ 593055.0, 7692857.941999999806285 ], [ 593055.0, 7692827.941999999806285 ], [ 593025.0, 7692797.941999999806285 ], [ 593025.0, 7692767.941999999806285 ], [ 593025.0, 7692737.941999999806285 ], [ 593025.0, 7692707.941999999806285 ], [ 593025.0, 7692677.941999999806285 ], [ 593025.0, 7692647.941999999806285 ], [ 593025.0, 7692617.941999999806285 ], [ 593025.0, 7692587.941999999806285 ], [ 593025.0, 7692557.941999999806285 ], [ 593025.0, 7692527.941999999806285 ], [ 593025.0, 7692497.941999999806285 ], [ 593025.0, 7692467.941999999806285 ], [ 593025.0, 7692437.941999999806285 ], [ 593025.0, 7692407.941999999806285 ], [ 593025.0, 7692377.941999999806285 ], [ 593025.0, 7692317.941999999806285 ], [ 593025.0, 7692287.941999999806285 ], [ 593025.0, 7692257.941999999806285 ], [ 593025.0, 7692227.941999999806285 ], [ 593055.0, 7692227.941999999806285 ], [ 593055.0, 7692197.941999999806285 ], [ 593085.0, 7692197.941999999806285 ], [ 593085.0, 7692167.941999999806285 ], [ 593085.0, 7692137.941999999806285 ], [ 593115.0, 7692137.941999999806285 ], [ 593115.0, 7692107.941999999806285 ], [ 593115.0, 7692077.941999999806285 ], [ 593145.0, 7692077.941999999806285 ], [ 593145.0, 7692047.941999999806285 ], [ 593145.0, 7692017.941999999806285 ], [ 593145.0, 7691987.941999999806285 ], [ 593175.0, 7691957.941999999806285 ], [ 593175.0, 7691927.941999999806285 ], [ 593205.0, 7691897.941999999806285 ], [ 593235.0, 7691897.941999999806285 ], [ 593235.0, 7691867.941999999806285 ], [ 593235.0, 7691837.941999999806285 ], [ 593265.0, 7691807.941999999806285 ], [ 593265.0, 7691777.941999999806285 ], [ 593265.0, 7691747.941999999806285 ], [ 593265.0, 7691717.941999999806285 ], [ 593265.0, 7691687.941999999806285 ], [ 593295.0, 7691687.941999999806285 ], [ 593295.0, 7691657.941999999806285 ], [ 593325.0, 7691657.941999999806285 ], [ 593325.0, 7691627.941999999806285 ], [ 593355.0, 7691627.941999999806285 ], [ 593355.0, 7691597.941999999806285 ], [ 593385.0, 7691597.941999999806285 ], [ 593385.0, 7691567.941999999806285 ], [ 593385.0, 7691537.941999999806285 ], [ 593415.0, 7691537.941999999806285 ], [ 593415.0, 7691507.941999999806285 ], [ 593415.0, 7691477.941999999806285 ], [ 593415.0, 7691447.941999999806285 ], [ 593415.0, 7691417.941999999806285 ], [ 593415.0, 7691387.941999999806285 ], [ 593415.0, 7691357.941999999806285 ], [ 593415.0, 7691327.941999999806285 ], [ 593415.0, 7691297.941999999806285 ], [ 593415.0, 7691267.941999999806285 ], [ 593415.0, 7691237.941999999806285 ], [ 593415.0, 7691207.941999999806285 ], [ 593415.0, 7691177.941999999806285 ], [ 593415.0, 7691147.941999999806285 ], [ 593445.0, 7691147.941999999806285 ], [ 593445.0, 7691117.941999999806285 ], [ 593445.0, 7691087.941999999806285 ], [ 593445.0, 7691057.941999999806285 ], [ 593445.0, 7691027.941999999806285 ], [ 593475.0, 7691027.941999999806285 ], [ 593475.0, 7690997.941999999806285 ], [ 593475.0, 7690967.941999999806285 ], [ 593505.0, 7690967.941999999806285 ], [ 593505.0, 7690937.941999999806285 ], [ 593505.0, 7690907.941999999806285 ], [ 593505.0, 7690877.941999999806285 ], [ 593505.0, 7690847.941999999806285 ], [ 593505.0, 7690817.941999999806285 ], [ 593505.0, 7690787.941999999806285 ], [ 593505.0, 7690757.941999999806285 ], [ 593505.0, 7690727.941999999806285 ], [ 593535.0, 7690727.941999999806285 ], [ 593535.0, 7690697.941999999806285 ], [ 593535.0, 7690667.941999999806285 ], [ 593535.0, 7690637.941999999806285 ], [ 593535.0, 7690607.941999999806285 ], [ 593535.0, 7690577.941999999806285 ], [ 593535.0, 7690547.941999999806285 ], [ 593775.0, 7690157.941999999806285 ], [ 593775.0, 7690127.941999999806285 ], [ 593775.0, 7690067.941999999806285 ], [ 593775.0, 7690037.941999999806285 ], [ 593775.0, 7690007.941999999806285 ], [ 593775.0, 7689947.941999999806285 ], [ 593775.0, 7689917.941999999806285 ], [ 593775.0, 7689857.941999999806285 ], [ 593775.0, 7689827.941999999806285 ], [ 593775.0, 7689797.941999999806285 ], [ 593805.0, 7689797.941999999806285 ], [ 593805.0, 7689767.941999999806285 ], [ 593805.0, 7689737.941999999806285 ], [ 593835.0, 7689707.941999999806285 ], [ 593835.0, 7689677.941999999806285 ], [ 593895.0, 7689647.941999999806285 ], [ 593895.0, 7689587.941999999806285 ], [ 593955.0, 7689587.941999999806285 ], [ 593985.0, 7689467.941999999806285 ], [ 594045.0, 7689437.941999999806285 ], [ 594075.0, 7689407.941999999806285 ], [ 594105.0, 7689377.941999999806285 ], [ 594105.0, 7689347.941999999806285 ], [ 594135.0, 7689347.941999999806285 ], [ 594135.0, 7689317.941999999806285 ], [ 594165.0, 7689317.941999999806285 ], [ 594165.0, 7689287.941999999806285 ], [ 594165.0, 7689257.941999999806285 ], [ 594195.0, 7689257.941999999806285 ], [ 594195.0, 7689227.941999999806285 ], [ 594195.0, 7689197.941999999806285 ], [ 594225.0, 7689197.941999999806285 ], [ 594225.0, 7689167.941999999806285 ], [ 594225.0, 7689137.941999999806285 ], [ 594225.0, 7689077.941999999806285 ], [ 594255.0, 7689077.941999999806285 ], [ 594255.0, 7688987.941999999806285 ], [ 594255.0, 7688957.941999999806285 ], [ 594255.0, 7688927.941999999806285 ], [ 594285.0, 7688927.941999999806285 ], [ 594285.0, 7688897.941999999806285 ], [ 594285.0, 7688867.941999999806285 ], [ 594315.0, 7688807.941999999806285 ], [ 594345.0, 7688777.941999999806285 ], [ 594375.0, 7688777.941999999806285 ], [ 594375.0, 7688717.941999999806285 ], [ 594375.0, 7688687.941999999806285 ], [ 594405.0, 7688687.941999999806285 ], [ 594405.0, 7688627.941999999806285 ], [ 594405.0, 7688597.941999999806285 ], [ 594435.0, 7688567.941999999806285 ], [ 594435.0, 7688507.941999999806285 ], [ 594465.0, 7688447.941999999806285 ], [ 594495.0, 7688447.941999999806285 ], [ 594495.0, 7688417.941999999806285 ], [ 594495.0, 7688387.941999999806285 ], [ 594495.0, 7688327.941999999806285 ], [ 594495.0, 7688297.941999999806285 ], [ 594495.0, 7688237.941999999806285 ], [ 594495.0, 7688207.941999999806285 ], [ 594495.0, 7688177.941999999806285 ], [ 594495.0, 7688147.941999999806285 ], [ 594495.0, 7688117.941999999806285 ], [ 594495.0, 7688087.941999999806285 ], [ 594495.0, 7688027.941999999806285 ], [ 594525.0, 7688027.941999999806285 ], [ 594525.0, 7687997.941999999806285 ], [ 594525.0, 7687937.941999999806285 ], [ 594555.0, 7687937.941999999806285 ], [ 594555.0, 7687877.941999999806285 ], [ 594555.0, 7687817.941999999806285 ], [ 594555.0, 7687787.941999999806285 ], [ 594585.0, 7687787.941999999806285 ], [ 594615.0, 7687727.941999999806285 ], [ 594615.0, 7687697.941999999806285 ], [ 594615.0, 7687667.941999999806285 ], [ 594645.0, 7687667.941999999806285 ], [ 594645.0, 7687637.941999999806285 ], [ 594675.0, 7687637.941999999806285 ], [ 594675.0, 7687577.941999999806285 ], [ 594705.0, 7687577.941999999806285 ], [ 594735.0, 7687547.941999999806285 ], [ 594765.0, 7687547.941999999806285 ], [ 594795.0, 7687547.941999999806285 ], [ 594825.0, 7687517.941999999806285 ], [ 594855.0, 7687517.941999999806285 ], [ 594855.0, 7687487.941999999806285 ], [ 594885.0, 7687457.941999999806285 ], [ 594885.0, 7687427.941999999806285 ], [ 594915.0, 7687367.941999999806285 ], [ 594915.0, 7687337.941999999806285 ], [ 594915.0, 7687307.941999999806285 ], [ 594915.0, 7687277.941999999806285 ], [ 594945.0, 7687277.941999999806285 ], [ 594945.0, 7687247.941999999806285 ], [ 595005.0, 7687217.941999999806285 ], [ 595005.0, 7687157.941999999806285 ], [ 595065.0, 7687157.941999999806285 ], [ 595065.0, 7687097.941999999806285 ], [ 595095.0, 7687067.941999999806285 ], [ 595125.0, 7687037.941999999806285 ], [ 595125.0, 7687007.941999999806285 ], [ 595125.0, 7686977.941999999806285 ], [ 595125.0, 7686947.941999999806285 ], [ 595125.0, 7686917.941999999806285 ], [ 595125.0, 7686887.941999999806285 ], [ 595125.0, 7686857.941999999806285 ], [ 595125.0, 7686827.941999999806285 ], [ 595125.0, 7686797.941999999806285 ], [ 595125.0, 7686767.941999999806285 ], [ 595155.0, 7686737.941999999806285 ], [ 595185.0, 7686737.941999999806285 ], [ 595215.0, 7686707.941999999806285 ], [ 595245.0, 7686707.941999999806285 ], [ 595275.0, 7686677.941999999806285 ], [ 595275.0, 7686647.941999999806285 ], [ 595305.0, 7686617.941999999806285 ], [ 595305.0, 7686587.941999999806285 ], [ 595305.0, 7686557.941999999806285 ], [ 595335.0, 7686557.941999999806285 ], [ 595335.0, 7686527.941999999806285 ], [ 595335.0, 7686497.941999999806285 ], [ 595335.0, 7686437.941999999806285 ], [ 595335.0, 7686377.941999999806285 ], [ 595335.0, 7686347.941999999806285 ], [ 595335.0, 7686317.941999999806285 ], [ 595335.0, 7686287.941999999806285 ], [ 595335.0, 7686257.941999999806285 ], [ 595335.0, 7686227.941999999806285 ], [ 595335.0, 7686197.941999999806285 ], [ 595335.0, 7686167.941999999806285 ], [ 595335.0, 7686137.941999999806285 ], [ 595335.0, 7686107.941999999806285 ], [ 595335.0, 7686077.941999999806285 ], [ 595335.0, 7686047.941999999806285 ], [ 595335.0, 7686017.941999999806285 ], [ 595335.0, 7685987.941999999806285 ], [ 595335.0, 7685957.941999999806285 ], [ 595335.0, 7685927.941999999806285 ], [ 595335.0, 7685897.941999999806285 ], [ 595335.0, 7685867.941999999806285 ], [ 595335.0, 7685837.941999999806285 ], [ 595335.0, 7685777.941999999806285 ], [ 595365.0, 7685747.941999999806285 ], [ 595365.0, 7685717.941999999806285 ], [ 595395.0, 7685687.941999999806285 ], [ 595425.0, 7685657.941999999806285 ], [ 595425.0, 7685627.941999999806285 ], [ 595425.0, 7685567.941999999806285 ], [ 595425.0, 7685537.941999999806285 ], [ 595455.0, 7685477.941999999806285 ], [ 595485.0, 7685447.941999999806285 ], [ 595515.0, 7685327.941999999806285 ], [ 595545.0, 7685297.941999999806285 ], [ 595575.0, 7685267.941999999806285 ], [ 595635.0, 7685207.941999999806285 ], [ 595665.0, 7685177.941999999806285 ], [ 595725.0, 7685147.941999999806285 ], [ 595755.0, 7685117.941999999806285 ], [ 595785.0, 7685087.941999999806285 ], [ 595785.0, 7685057.941999999806285 ], [ 595815.0, 7685027.941999999806285 ], [ 595815.0, 7684997.941999999806285 ], [ 595875.0, 7684967.941999999806285 ], [ 595875.0, 7684937.941999999806285 ], [ 595905.0, 7684907.941999999806285 ], [ 595935.0, 7684877.941999999806285 ], [ 595965.0, 7684877.941999999806285 ], [ 595965.0, 7684847.941999999806285 ], [ 595965.0, 7684817.941999999806285 ], [ 595995.0, 7684817.941999999806285 ], [ 595995.0, 7684757.941999999806285 ], [ 596025.0, 7684757.941999999806285 ], [ 596055.0, 7684727.941999999806285 ], [ 596115.0, 7684697.941999999806285 ], [ 596115.0, 7684637.941999999806285 ], [ 596145.0, 7684637.941999999806285 ], [ 596175.0, 7684607.941999999806285 ], [ 596175.0, 7684577.941999999806285 ], [ 596205.0, 7684577.941999999806285 ], [ 596205.0, 7684547.941999999806285 ], [ 596235.0, 7684517.941999999806285 ], [ 596235.0, 7684457.941999999806285 ], [ 596265.0, 7684457.941999999806285 ], [ 596295.0, 7684427.941999999806285 ], [ 596295.0, 7684397.941999999806285 ], [ 596325.0, 7684367.941999999806285 ], [ 596325.0, 7684337.941999999806285 ], [ 596325.0, 7684307.941999999806285 ], [ 596325.0, 7684247.941999999806285 ], [ 596325.0, 7684217.941999999806285 ], [ 596325.0, 7684187.941999999806285 ], [ 596325.0, 7684157.941999999806285 ], [ 596325.0, 7684127.941999999806285 ], [ 596325.0, 7684097.941999999806285 ], [ 596325.0, 7684067.941999999806285 ], [ 596325.0, 7684037.941999999806285 ], [ 596325.0, 7684007.941999999806285 ], [ 596325.0, 7683977.941999999806285 ], [ 596325.0, 7683947.941999999806285 ], [ 596325.0, 7683917.941999999806285 ], [ 596325.0, 7683887.941999999806285 ], [ 596325.0, 7683857.941999999806285 ], [ 596325.0, 7683797.941999999806285 ], [ 596325.0, 7683767.941999999806285 ], [ 596325.0, 7683707.941999999806285 ], [ 596325.0, 7683647.941999999806285 ], [ 596325.0, 7683617.941999999806285 ], [ 596325.0, 7683587.941999999806285 ], [ 596325.0, 7683527.941999999806285 ], [ 596325.0, 7683497.941999999806285 ], [ 596325.0, 7683467.941999999806285 ], [ 596325.0, 7683437.941999999806285 ], [ 596295.0, 7683407.941999999806285 ], [ 596325.0, 7683407.941999999806285 ], [ 596295.0, 7683377.941999999806285 ], [ 596295.0, 7683347.941999999806285 ], [ 596295.0, 7683317.941999999806285 ], [ 596295.0, 7683257.941999999806285 ], [ 596295.0, 7683227.941999999806285 ], [ 596295.0, 7683197.941999999806285 ], [ 596295.0, 7683167.941999999806285 ], [ 596325.0, 7683107.941999999806285 ], [ 596355.0, 7683077.941999999806285 ], [ 596385.0, 7683047.941999999806285 ], [ 596385.0, 7683017.941999999806285 ], [ 596385.0, 7682987.941999999806285 ], [ 596385.0, 7682957.941999999806285 ], [ 596415.0, 7682897.941999999806285 ], [ 596415.0, 7682867.941999999806285 ], [ 596415.0, 7682837.941999999806285 ], [ 596415.0, 7682807.941999999806285 ], [ 596445.0, 7682777.941999999806285 ], [ 596445.0, 7682747.941999999806285 ], [ 596475.0, 7682717.941999999806285 ], [ 596505.0, 7682717.941999999806285 ], [ 596535.0, 7682717.941999999806285 ], [ 596535.0, 7682687.941999999806285 ], [ 596535.0, 7682657.941999999806285 ], [ 596535.0, 7682627.941999999806285 ], [ 596565.0, 7682627.941999999806285 ], [ 596565.0, 7682597.941999999806285 ], [ 596565.0, 7682567.941999999806285 ], [ 596595.0, 7682507.941999999806285 ], [ 596595.0, 7682477.941999999806285 ], [ 596625.0, 7682417.941999999806285 ], [ 596655.0, 7682387.941999999806285 ], [ 596715.0, 7682357.941999999806285 ], [ 596715.0, 7682327.941999999806285 ], [ 596745.0, 7682297.941999999806285 ], [ 596745.0, 7682267.941999999806285 ], [ 596775.0, 7682267.941999999806285 ], [ 596775.0, 7682237.941999999806285 ], [ 596775.0, 7682207.941999999806285 ], [ 596805.0, 7682207.941999999806285 ], [ 596805.0, 7682177.941999999806285 ], [ 596835.0, 7682177.941999999806285 ], [ 596835.0, 7682117.941999999806285 ], [ 596865.0, 7682087.941999999806285 ], [ 596865.0, 7682057.941999999806285 ], [ 596895.0, 7682057.941999999806285 ], [ 596865.0, 7682057.941999999806285 ], [ 596865.0, 7682027.941999999806285 ], [ 596895.0, 7682027.941999999806285 ], [ 596895.0, 7681997.941999999806285 ], [ 596925.0, 7681997.941999999806285 ], [ 596925.0, 7681967.941999999806285 ], [ 596925.0, 7681937.941999999806285 ], [ 596925.0, 7681907.941999999806285 ], [ 596925.0, 7681877.941999999806285 ], [ 596955.0, 7681847.941999999806285 ], [ 596955.0, 7681817.941999999806285 ], [ 596955.0, 7681787.941999999806285 ], [ 596955.0, 7681757.941999999806285 ], [ 596955.0, 7681727.941999999806285 ], [ 596955.0, 7681697.941999999806285 ], [ 596955.0, 7681667.941999999806285 ], [ 596955.0, 7681637.941999999806285 ], [ 596955.0, 7681607.941999999806285 ], [ 596955.0, 7681577.941999999806285 ], [ 597165.0, 7680617.941999999806285 ], [ 597195.0, 7680617.941999999806285 ], [ 597195.0, 7680587.941999999806285 ], [ 597225.0, 7680587.941999999806285 ], [ 597225.0, 7680557.941999999806285 ], [ 597255.0, 7680557.941999999806285 ], [ 597255.0, 7680527.941999999806285 ], [ 597285.0, 7680527.941999999806285 ], [ 597285.0, 7680497.941999999806285 ], [ 597315.0, 7680467.941999999806285 ], [ 597315.0, 7680437.941999999806285 ], [ 597315.0, 7680377.941999999806285 ], [ 597315.0, 7680347.941999999806285 ], [ 597315.0, 7680317.941999999806285 ], [ 597315.0, 7680287.941999999806285 ], [ 597315.0, 7680257.941999999806285 ], [ 597345.0, 7680257.941999999806285 ], [ 597345.0, 7680227.941999999806285 ], [ 597345.0, 7680197.941999999806285 ], [ 597375.0, 7680197.941999999806285 ], [ 597375.0, 7680167.941999999806285 ], [ 597405.0, 7680137.941999999806285 ], [ 597405.0, 7680107.941999999806285 ], [ 597405.0, 7680077.941999999806285 ], [ 597405.0, 7680047.941999999806285 ], [ 597435.0, 7680017.941999999806285 ], [ 597465.0, 7680017.941999999806285 ], [ 597465.0, 7679957.941999999806285 ], [ 597495.0, 7679927.941999999806285 ], [ 597495.0, 7679897.941999999806285 ], [ 597525.0, 7679897.941999999806285 ], [ 597525.0, 7679867.941999999806285 ], [ 597555.0, 7679867.941999999806285 ], [ 597555.0, 7679837.941999999806285 ], [ 597555.0, 7679807.941999999806285 ], [ 597585.0, 7679747.941999999806285 ], [ 597615.0, 7679687.941999999806285 ], [ 597615.0, 7679657.941999999806285 ], [ 597615.0, 7679597.941999999806285 ], [ 597645.0, 7679597.941999999806285 ], [ 597675.0, 7679537.941999999806285 ], [ 597675.0, 7679507.941999999806285 ], [ 597705.0, 7679477.941999999806285 ], [ 597705.0, 7679447.941999999806285 ], [ 597735.0, 7679387.941999999806285 ], [ 597735.0, 7679357.941999999806285 ], [ 597765.0, 7679327.941999999806285 ], [ 597765.0, 7679297.941999999806285 ], [ 597795.0, 7679237.941999999806285 ], [ 597825.0, 7679177.941999999806285 ], [ 597825.0, 7679147.941999999806285 ], [ 597885.0, 7679117.941999999806285 ], [ 597885.0, 7679087.941999999806285 ], [ 597915.0, 7679057.941999999806285 ], [ 597945.0, 7679027.941999999806285 ], [ 597975.0, 7678997.941999999806285 ], [ 598005.0, 7678967.941999999806285 ], [ 598035.0, 7678937.941999999806285 ], [ 598035.0, 7678907.941999999806285 ], [ 598065.0, 7678907.941999999806285 ], [ 598065.0, 7678877.941999999806285 ], [ 598095.0, 7678847.941999999806285 ], [ 598095.0, 7678817.941999999806285 ], [ 598095.0, 7678757.941999999806285 ], [ 598095.0, 7678727.941999999806285 ], [ 598125.0, 7678697.941999999806285 ], [ 598155.0, 7678667.941999999806285 ], [ 598185.0, 7678667.941999999806285 ], [ 598185.0, 7678637.941999999806285 ], [ 598185.0, 7678607.941999999806285 ], [ 598185.0, 7678577.941999999806285 ], [ 598185.0, 7678547.941999999806285 ], [ 598215.0, 7678487.941999999806285 ], [ 598245.0, 7678457.941999999806285 ], [ 598245.0, 7678427.941999999806285 ], [ 598275.0, 7678427.941999999806285 ], [ 598305.0, 7678427.941999999806285 ], [ 598305.0, 7678397.941999999806285 ], [ 598335.0, 7678367.941999999806285 ], [ 598335.0, 7678337.941999999806285 ], [ 598365.0, 7678337.941999999806285 ], [ 598395.0, 7678337.941999999806285 ], [ 598425.0, 7678337.941999999806285 ], [ 598455.0, 7678337.941999999806285 ], [ 598455.0, 7678307.941999999806285 ], [ 598485.0, 7678307.941999999806285 ], [ 598485.0, 7678277.941999999806285 ], [ 598515.0, 7678247.941999999806285 ], [ 598515.0, 7678217.941999999806285 ], [ 598545.0, 7678217.941999999806285 ], [ 598575.0, 7678217.941999999806285 ], [ 598575.0, 7678187.941999999806285 ], [ 598605.0, 7678157.941999999806285 ], [ 598635.0, 7678097.941999999806285 ], [ 598665.0, 7678097.941999999806285 ], [ 598725.0, 7678037.941999999806285 ], [ 598725.0, 7678007.941999999806285 ], [ 598755.0, 7678007.941999999806285 ], [ 598785.0, 7678007.941999999806285 ], [ 598785.0, 7677977.941999999806285 ], [ 598785.0, 7677947.941999999806285 ], [ 598815.0, 7677947.941999999806285 ], [ 598815.0, 7677917.941999999806285 ], [ 598815.0, 7677887.941999999806285 ], [ 598845.0, 7677857.941999999806285 ], [ 598875.0, 7677827.941999999806285 ], [ 598875.0, 7677797.941999999806285 ], [ 598905.0, 7677767.941999999806285 ], [ 598905.0, 7677737.941999999806285 ], [ 598905.0, 7677707.941999999806285 ], [ 598935.0, 7677707.941999999806285 ], [ 598965.0, 7677677.941999999806285 ], [ 598995.0, 7677647.941999999806285 ], [ 598995.0, 7677617.941999999806285 ], [ 599025.0, 7677617.941999999806285 ], [ 599055.0, 7677587.941999999806285 ], [ 599085.0, 7677557.941999999806285 ], [ 599085.0, 7677527.941999999806285 ], [ 599085.0, 7677497.941999999806285 ], [ 599115.0, 7677467.941999999806285 ], [ 599115.0, 7677437.941999999806285 ], [ 599145.0, 7677437.941999999806285 ], [ 599175.0, 7677407.941999999806285 ], [ 599175.0, 7677377.941999999806285 ], [ 599205.0, 7677377.941999999806285 ], [ 599205.0, 7677347.941999999806285 ], [ 599235.0, 7677347.941999999806285 ], [ 599235.0, 7677317.941999999806285 ], [ 599265.0, 7677257.941999999806285 ], [ 599295.0, 7677257.941999999806285 ], [ 599325.0, 7677257.941999999806285 ], [ 599355.0, 7677257.941999999806285 ], [ 599385.0, 7677257.941999999806285 ], [ 599385.0, 7677227.941999999806285 ], [ 599385.0, 7677197.941999999806285 ], [ 599385.0, 7677167.941999999806285 ], [ 599415.0, 7677167.941999999806285 ], [ 599415.0, 7677137.941999999806285 ], [ 599445.0, 7677077.941999999806285 ], [ 599475.0, 7677047.941999999806285 ], [ 599475.0, 7677017.941999999806285 ], [ 599505.0, 7676987.941999999806285 ], [ 599505.0, 7676957.941999999806285 ], [ 599505.0, 7676927.941999999806285 ], [ 599505.0, 7676897.941999999806285 ], [ 599505.0, 7676867.941999999806285 ], [ 599535.0, 7676867.941999999806285 ], [ 599535.0, 7676837.941999999806285 ], [ 599565.0, 7676807.941999999806285 ], [ 599595.0, 7676777.941999999806285 ], [ 599595.0, 7676717.941999999806285 ], [ 599625.0, 7676687.941999999806285 ], [ 599655.0, 7676627.941999999806285 ], [ 599685.0, 7676567.941999999806285 ], [ 599715.0, 7676537.941999999806285 ], [ 599745.0, 7676507.941999999806285 ], [ 599745.0, 7676477.941999999806285 ], [ 599745.0, 7676447.941999999806285 ], [ 599745.0, 7676417.941999999806285 ], [ 599745.0, 7676387.941999999806285 ], [ 599775.0, 7676387.941999999806285 ], [ 599775.0, 7676357.941999999806285 ], [ 599775.0, 7676327.941999999806285 ], [ 599775.0, 7676297.941999999806285 ], [ 599805.0, 7676267.941999999806285 ], [ 599805.0, 7676237.941999999806285 ], [ 599835.0, 7676207.941999999806285 ], [ 599775.0, 7676207.941999999806285 ], [ 599775.0, 7676177.941999999806285 ], [ 599775.0, 7676147.941999999806285 ], [ 599805.0, 7676117.941999999806285 ], [ 599805.0, 7676087.941999999806285 ], [ 599865.0, 7676057.941999999806285 ], [ 599895.0, 7675997.941999999806285 ], [ 599925.0, 7675997.941999999806285 ], [ 599955.0, 7675937.941999999806285 ], [ 599985.0, 7675937.941999999806285 ], [ 599985.0, 7675907.941999999806285 ], [ 599985.0, 7675877.941999999806285 ], [ 599985.0, 7675847.941999999806285 ], [ 599985.0, 7675817.941999999806285 ], [ 599985.0, 7675787.941999999806285 ], [ 599985.0, 7675757.941999999806285 ], [ 600015.0, 7675757.941999999806285 ], [ 600015.0, 7675727.941999999806285 ], [ 600015.0, 7675697.941999999806285 ], [ 600015.0, 7675667.941999999806285 ], [ 600015.0, 7675637.941999999806285 ], [ 600015.0, 7675607.941999999806285 ], [ 600045.0, 7675607.941999999806285 ], [ 600045.0, 7675577.941999999806285 ], [ 600045.0, 7675547.941999999806285 ], [ 600075.0, 7675517.941999999806285 ], [ 600105.0, 7675487.941999999806285 ], [ 600105.0, 7675457.941999999806285 ], [ 600135.0, 7675457.941999999806285 ], [ 600135.0, 7675427.941999999806285 ], [ 600165.0, 7675427.941999999806285 ], [ 600195.0, 7675397.941999999806285 ], [ 600225.0, 7675367.941999999806285 ], [ 600255.0, 7675337.941999999806285 ], [ 600285.0, 7675337.941999999806285 ], [ 600285.0, 7675277.941999999806285 ], [ 600285.0, 7675247.941999999806285 ], [ 600285.0, 7675217.941999999806285 ], [ 600315.0, 7675217.941999999806285 ], [ 600345.0, 7675157.941999999806285 ], [ 600345.0, 7675127.941999999806285 ], [ 600375.0, 7675127.941999999806285 ], [ 600375.0, 7675097.941999999806285 ], [ 600375.0, 7675067.941999999806285 ], [ 600375.0, 7675037.941999999806285 ], [ 600375.0, 7675007.941999999806285 ], [ 600375.0, 7674977.941999999806285 ], [ 600375.0, 7674947.941999999806285 ], [ 600375.0, 7674917.941999999806285 ], [ 600345.0, 7674887.941999999806285 ], [ 600345.0, 7674857.941999999806285 ], [ 600345.0, 7674827.941999999806285 ], [ 600345.0, 7674797.941999999806285 ], [ 600345.0, 7674767.941999999806285 ], [ 600345.0, 7674737.941999999806285 ], [ 600345.0, 7674707.941999999806285 ], [ 600345.0, 7674677.941999999806285 ], [ 600345.0, 7674617.941999999806285 ], [ 600345.0, 7674557.941999999806285 ], [ 600345.0, 7674527.941999999806285 ], [ 600315.0, 7674497.941999999806285 ], [ 600315.0, 7674467.941999999806285 ], [ 600315.0, 7674407.941999999806285 ], [ 600315.0, 7674377.941999999806285 ], [ 600345.0, 7674377.941999999806285 ], [ 600345.0, 7674317.941999999806285 ], [ 600345.0, 7674287.941999999806285 ], [ 600345.0, 7674257.941999999806285 ], [ 600345.0, 7674227.941999999806285 ], [ 600375.0, 7674227.941999999806285 ], [ 600375.0, 7674197.941999999806285 ], [ 600405.0, 7674197.941999999806285 ], [ 600405.0, 7674167.941999999806285 ], [ 600435.0, 7674167.941999999806285 ], [ 600435.0, 7674137.941999999806285 ], [ 600465.0, 7674077.941999999806285 ], [ 600495.0, 7674077.941999999806285 ], [ 600495.0, 7674017.941999999806285 ], [ 600555.0, 7674017.941999999806285 ], [ 600585.0, 7673987.941999999806285 ], [ 600615.0, 7673957.941999999806285 ], [ 600615.0, 7673897.941999999806285 ], [ 600645.0, 7673897.941999999806285 ], [ 600675.0, 7673837.941999999806285 ], [ 600705.0, 7673807.941999999806285 ], [ 600735.0, 7673807.941999999806285 ], [ 600765.0, 7673777.941999999806285 ], [ 600795.0, 7673717.941999999806285 ], [ 600825.0, 7673717.941999999806285 ], [ 600825.0, 7673687.941999999806285 ], [ 600885.0, 7673657.941999999806285 ], [ 600915.0, 7673627.941999999806285 ], [ 600945.0, 7673627.941999999806285 ], [ 600945.0, 7673597.941999999806285 ], [ 600945.0, 7673567.941999999806285 ], [ 600975.0, 7673567.941999999806285 ], [ 600975.0, 7673537.941999999806285 ], [ 600975.0, 7673507.941999999806285 ], [ 600975.0, 7673477.941999999806285 ], [ 600975.0, 7673447.941999999806285 ], [ 600975.0, 7673417.941999999806285 ], [ 600975.0, 7673387.941999999806285 ], [ 600975.0, 7673357.941999999806285 ], [ 600975.0, 7673327.941999999806285 ], [ 600975.0, 7673297.941999999806285 ], [ 600975.0, 7673267.941999999806285 ], [ 600975.0, 7673237.941999999806285 ], [ 600975.0, 7673207.941999999806285 ], [ 600975.0, 7673177.941999999806285 ], [ 600975.0, 7673147.941999999806285 ], [ 600975.0, 7673117.941999999806285 ], [ 600975.0, 7673087.941999999806285 ], [ 601005.0, 7673057.941999999806285 ], [ 601035.0, 7673057.941999999806285 ], [ 601035.0, 7673027.941999999806285 ], [ 601065.0, 7673027.941999999806285 ], [ 601065.0, 7672997.941999999806285 ], [ 601065.0, 7672967.941999999806285 ], [ 601095.0, 7672937.941999999806285 ], [ 601095.0, 7672907.941999999806285 ], [ 601125.0, 7672907.941999999806285 ], [ 601125.0, 7672877.941999999806285 ], [ 601155.0, 7672877.941999999806285 ], [ 601155.0, 7672847.941999999806285 ], [ 601185.0, 7672817.941999999806285 ], [ 601215.0, 7672817.941999999806285 ], [ 601245.0, 7672787.941999999806285 ], [ 601275.0, 7672757.941999999806285 ], [ 601275.0, 7672727.941999999806285 ], [ 601305.0, 7672727.941999999806285 ], [ 601305.0, 7672697.941999999806285 ], [ 601365.0, 7672667.941999999806285 ], [ 601365.0, 7672607.941999999806285 ], [ 601395.0, 7672607.941999999806285 ], [ 601425.0, 7672577.941999999806285 ], [ 601425.0, 7672547.941999999806285 ], [ 601425.0, 7672517.941999999806285 ], [ 601425.0, 7672487.941999999806285 ], [ 601425.0, 7672457.941999999806285 ], [ 601425.0, 7672427.941999999806285 ], [ 601425.0, 7672397.941999999806285 ], [ 601425.0, 7672367.941999999806285 ], [ 601425.0, 7672337.941999999806285 ], [ 601425.0, 7672307.941999999806285 ], [ 601425.0, 7672277.941999999806285 ], [ 601455.0, 7672277.941999999806285 ], [ 601455.0, 7672247.941999999806285 ], [ 601455.0, 7672217.941999999806285 ], [ 601485.0, 7672217.941999999806285 ], [ 601485.0, 7672187.941999999806285 ], [ 601485.0, 7672127.941999999806285 ], [ 601485.0, 7672097.941999999806285 ], [ 601485.0, 7672067.941999999806285 ], [ 601515.0, 7672067.941999999806285 ], [ 601515.0, 7672037.941999999806285 ], [ 601515.0, 7672007.941999999806285 ], [ 601515.0, 7671977.941999999806285 ], [ 601515.0, 7671947.941999999806285 ], [ 601545.0, 7671947.941999999806285 ], [ 601545.0, 7671917.941999999806285 ], [ 601545.0, 7671887.941999999806285 ], [ 601575.0, 7671857.941999999806285 ], [ 601605.0, 7671857.941999999806285 ], [ 601605.0, 7671827.941999999806285 ], [ 601605.0, 7671797.941999999806285 ], [ 601635.0, 7671797.941999999806285 ], [ 601635.0, 7671767.941999999806285 ], [ 601665.0, 7671767.941999999806285 ], [ 601665.0, 7671797.941999999806285 ], [ 601695.0, 7671797.941999999806285 ], [ 601725.0, 7671767.941999999806285 ], [ 601725.0, 7671737.941999999806285 ], [ 601725.0, 7671707.941999999806285 ], [ 601695.0, 7671677.941999999806285 ], [ 601725.0, 7671677.941999999806285 ], [ 601725.0, 7671647.941999999806285 ], [ 601725.0, 7671617.941999999806285 ], [ 601755.0, 7671617.941999999806285 ], [ 601755.0, 7671587.941999999806285 ], [ 601755.0, 7671617.941999999806285 ], [ 602625.0, 7669847.941999999806285 ], [ 602595.0, 7669847.941999999806285 ], [ 602595.0, 7669817.941999999806285 ], [ 602595.0, 7669787.941999999806285 ], [ 602595.0, 7669757.941999999806285 ], [ 602595.0, 7669727.941999999806285 ], [ 602595.0, 7669697.941999999806285 ], [ 602595.0, 7669667.941999999806285 ], [ 602595.0, 7669637.941999999806285 ], [ 602595.0, 7669607.941999999806285 ], [ 602595.0, 7669577.941999999806285 ], [ 602595.0, 7669547.941999999806285 ], [ 602625.0, 7669517.941999999806285 ], [ 602625.0, 7669487.941999999806285 ], [ 602625.0, 7669457.941999999806285 ], [ 602625.0, 7669427.941999999806285 ], [ 602655.0, 7669397.941999999806285 ], [ 602655.0, 7669367.941999999806285 ], [ 602655.0, 7669337.941999999806285 ], [ 602655.0, 7669307.941999999806285 ], [ 602655.0, 7669277.941999999806285 ], [ 602685.0, 7669217.941999999806285 ], [ 602715.0, 7669157.941999999806285 ], [ 602775.0, 7669127.941999999806285 ], [ 602775.0, 7669097.941999999806285 ], [ 602805.0, 7669067.941999999806285 ], [ 602805.0, 7669037.941999999806285 ], [ 602805.0, 7669007.941999999806285 ], [ 602805.0, 7668977.941999999806285 ], [ 602835.0, 7668917.941999999806285 ], [ 602895.0, 7668917.941999999806285 ], [ 602895.0, 7668857.941999999806285 ], [ 602955.0, 7668827.941999999806285 ], [ 602985.0, 7668797.941999999806285 ], [ 603015.0, 7668737.941999999806285 ], [ 603075.0, 7668707.941999999806285 ], [ 603105.0, 7668677.941999999806285 ], [ 603135.0, 7668647.941999999806285 ], [ 603135.0, 7668617.941999999806285 ], [ 603135.0, 7668587.941999999806285 ], [ 603165.0, 7668557.941999999806285 ], [ 603195.0, 7668557.941999999806285 ], [ 603195.0, 7668527.941999999806285 ], [ 603195.0, 7668497.941999999806285 ], [ 603195.0, 7668467.941999999806285 ], [ 603195.0, 7668437.941999999806285 ], [ 603195.0, 7668407.941999999806285 ], [ 603195.0, 7668377.941999999806285 ], [ 603195.0, 7668347.941999999806285 ], [ 603195.0, 7668317.941999999806285 ], [ 603195.0, 7668287.941999999806285 ], [ 603195.0, 7668227.941999999806285 ], [ 603225.0, 7668227.941999999806285 ], [ 603225.0, 7668197.941999999806285 ], [ 603225.0, 7668167.941999999806285 ], [ 603225.0, 7668137.941999999806285 ], [ 603255.0, 7668107.941999999806285 ], [ 603255.0, 7668077.941999999806285 ], [ 603285.0, 7668077.941999999806285 ], [ 603285.0, 7668047.941999999806285 ], [ 603285.0, 7668017.941999999806285 ], [ 603315.0, 7667957.941999999806285 ], [ 603315.0, 7667897.941999999806285 ], [ 603345.0, 7667867.941999999806285 ], [ 603345.0, 7667837.941999999806285 ], [ 603405.0, 7667837.941999999806285 ], [ 603405.0, 7667807.941999999806285 ], [ 603405.0, 7667777.941999999806285 ], [ 603405.0, 7667747.941999999806285 ], [ 603405.0, 7667717.941999999806285 ], [ 603435.0, 7667687.941999999806285 ], [ 603465.0, 7667627.941999999806285 ], [ 603495.0, 7667627.941999999806285 ], [ 603525.0, 7667597.941999999806285 ], [ 603525.0, 7667567.941999999806285 ], [ 603555.0, 7667537.941999999806285 ], [ 603585.0, 7667507.941999999806285 ], [ 603615.0, 7667417.941999999806285 ], [ 603645.0, 7667387.941999999806285 ], [ 603705.0, 7667357.941999999806285 ], [ 603705.0, 7667327.941999999806285 ], [ 603765.0, 7667297.941999999806285 ], [ 603765.0, 7667267.941999999806285 ], [ 603795.0, 7667267.941999999806285 ], [ 603795.0, 7667237.941999999806285 ], [ 603825.0, 7667177.941999999806285 ], [ 603855.0, 7667177.941999999806285 ], [ 603885.0, 7667117.941999999806285 ], [ 603915.0, 7667117.941999999806285 ], [ 603945.0, 7667087.941999999806285 ], [ 603945.0, 7667027.941999999806285 ], [ 604005.0, 7666997.941999999806285 ], [ 604035.0, 7666937.941999999806285 ], [ 604065.0, 7666907.941999999806285 ], [ 604095.0, 7666877.941999999806285 ], [ 604125.0, 7666847.941999999806285 ], [ 604155.0, 7666817.941999999806285 ], [ 604185.0, 7666757.941999999806285 ], [ 604185.0, 7666727.941999999806285 ], [ 604215.0, 7666727.941999999806285 ], [ 604245.0, 7666697.941999999806285 ], [ 604305.0, 7666667.941999999806285 ], [ 604305.0, 7666637.941999999806285 ], [ 604335.0, 7666637.941999999806285 ], [ 604335.0, 7666607.941999999806285 ], [ 604365.0, 7666607.941999999806285 ], [ 604365.0, 7666577.941999999806285 ], [ 604395.0, 7666547.941999999806285 ], [ 604425.0, 7666547.941999999806285 ], [ 604425.0, 7666517.941999999806285 ], [ 604425.0, 7666487.941999999806285 ], [ 604455.0, 7666457.941999999806285 ], [ 604455.0, 7666427.941999999806285 ], [ 604455.0, 7666367.941999999806285 ], [ 604485.0, 7666337.941999999806285 ], [ 604485.0, 7666277.941999999806285 ], [ 604515.0, 7666247.941999999806285 ], [ 604515.0, 7666217.941999999806285 ], [ 604545.0, 7666187.941999999806285 ], [ 604575.0, 7666157.941999999806285 ], [ 604575.0, 7666127.941999999806285 ], [ 604605.0, 7666097.941999999806285 ], [ 604635.0, 7666037.941999999806285 ], [ 604665.0, 7666037.941999999806285 ], [ 604695.0, 7665977.941999999806285 ], [ 604725.0, 7665977.941999999806285 ], [ 604755.0, 7665947.941999999806285 ], [ 604755.0, 7665917.941999999806285 ], [ 604785.0, 7665917.941999999806285 ], [ 604785.0, 7665887.941999999806285 ], [ 604785.0, 7665857.941999999806285 ], [ 604815.0, 7665827.941999999806285 ], [ 604815.0, 7665797.941999999806285 ], [ 604845.0, 7665797.941999999806285 ], [ 604845.0, 7665767.941999999806285 ], [ 604875.0, 7665737.941999999806285 ], [ 604905.0, 7665677.941999999806285 ], [ 604935.0, 7665677.941999999806285 ], [ 604965.0, 7665617.941999999806285 ], [ 604995.0, 7665587.941999999806285 ], [ 605025.0, 7665527.941999999806285 ], [ 605055.0, 7665497.941999999806285 ], [ 605085.0, 7665497.941999999806285 ], [ 605085.0, 7665467.941999999806285 ], [ 605115.0, 7665407.941999999806285 ], [ 605175.0, 7665347.941999999806285 ], [ 605235.0, 7665317.941999999806285 ], [ 605235.0, 7665257.941999999806285 ], [ 605265.0, 7665257.941999999806285 ], [ 605265.0, 7665227.941999999806285 ], [ 605295.0, 7665197.941999999806285 ], [ 605325.0, 7665167.941999999806285 ], [ 605355.0, 7665167.941999999806285 ], [ 605355.0, 7665137.941999999806285 ], [ 605385.0, 7665137.941999999806285 ], [ 605415.0, 7665077.941999999806285 ], [ 605445.0, 7665077.941999999806285 ], [ 605445.0, 7665047.941999999806285 ], [ 605445.0, 7665017.941999999806285 ], [ 605475.0, 7664987.941999999806285 ], [ 605505.0, 7664987.941999999806285 ], [ 605505.0, 7664927.941999999806285 ], [ 605535.0, 7664927.941999999806285 ], [ 605565.0, 7664927.941999999806285 ], [ 605595.0, 7664927.941999999806285 ], [ 605595.0, 7664897.941999999806285 ], [ 605625.0, 7664897.941999999806285 ], [ 605655.0, 7664867.941999999806285 ], [ 605655.0, 7664837.941999999806285 ], [ 605715.0, 7664807.941999999806285 ], [ 605715.0, 7664747.941999999806285 ], [ 605745.0, 7664747.941999999806285 ], [ 605775.0, 7664747.941999999806285 ], [ 605775.0, 7664717.941999999806285 ], [ 605775.0, 7664687.941999999806285 ], [ 605775.0, 7664657.941999999806285 ], [ 605805.0, 7664627.941999999806285 ], [ 605805.0, 7664597.941999999806285 ], [ 605835.0, 7664537.941999999806285 ], [ 605865.0, 7664507.941999999806285 ], [ 605865.0, 7664477.941999999806285 ], [ 605865.0, 7664447.941999999806285 ], [ 605895.0, 7664417.941999999806285 ], [ 605895.0, 7664387.941999999806285 ], [ 605895.0, 7664357.941999999806285 ], [ 605925.0, 7664327.941999999806285 ], [ 605925.0, 7664297.941999999806285 ], [ 605925.0, 7664267.941999999806285 ], [ 605925.0, 7664237.941999999806285 ], [ 605925.0, 7664207.941999999806285 ], [ 605925.0, 7664177.941999999806285 ], [ 605925.0, 7664147.941999999806285 ], [ 605925.0, 7664117.941999999806285 ], [ 605925.0, 7664087.941999999806285 ], [ 605925.0, 7664057.941999999806285 ], [ 605925.0, 7664027.941999999806285 ], [ 605925.0, 7663997.941999999806285 ], [ 605925.0, 7663937.941999999806285 ], [ 605925.0, 7663907.941999999806285 ], [ 605925.0, 7663877.941999999806285 ], [ 605925.0, 7663847.941999999806285 ], [ 605925.0, 7663817.941999999806285 ], [ 605925.0, 7663787.941999999806285 ], [ 605925.0, 7663727.941999999806285 ], [ 605925.0, 7663697.941999999806285 ], [ 605925.0, 7663667.941999999806285 ], [ 605955.0, 7663637.941999999806285 ], [ 605955.0, 7663607.941999999806285 ], [ 605955.0, 7663577.941999999806285 ], [ 605985.0, 7663577.941999999806285 ], [ 605985.0, 7663547.941999999806285 ], [ 605985.0, 7663517.941999999806285 ], [ 606015.0, 7663517.941999999806285 ], [ 606015.0, 7663487.941999999806285 ], [ 606015.0, 7663457.941999999806285 ], [ 606015.0, 7663427.941999999806285 ], [ 606045.0, 7663427.941999999806285 ], [ 606045.0, 7663397.941999999806285 ], [ 606045.0, 7663337.941999999806285 ], [ 606045.0, 7663307.941999999806285 ], [ 606045.0, 7663277.941999999806285 ], [ 606045.0, 7663247.941999999806285 ], [ 606075.0, 7663217.941999999806285 ], [ 606075.0, 7663187.941999999806285 ], [ 606105.0, 7663187.941999999806285 ], [ 606105.0, 7663157.941999999806285 ], [ 606135.0, 7663157.941999999806285 ], [ 606165.0, 7663157.941999999806285 ], [ 606195.0, 7663157.941999999806285 ], [ 606225.0, 7663127.941999999806285 ], [ 606255.0, 7663097.941999999806285 ], [ 606285.0, 7663067.941999999806285 ], [ 606315.0, 7663037.941999999806285 ], [ 606375.0, 7663007.941999999806285 ], [ 606375.0, 7662977.941999999806285 ], [ 606435.0, 7662947.941999999806285 ], [ 606465.0, 7662947.941999999806285 ], [ 606465.0, 7662917.941999999806285 ], [ 606495.0, 7662917.941999999806285 ], [ 606525.0, 7662917.941999999806285 ], [ 606525.0, 7662887.941999999806285 ], [ 606525.0, 7662857.941999999806285 ], [ 606525.0, 7662827.941999999806285 ], [ 606525.0, 7662797.941999999806285 ], [ 606555.0, 7662767.941999999806285 ], [ 606555.0, 7662737.941999999806285 ], [ 606555.0, 7662707.941999999806285 ], [ 606555.0, 7662677.941999999806285 ], [ 606555.0, 7662617.941999999806285 ], [ 606555.0, 7662587.941999999806285 ], [ 606585.0, 7662557.941999999806285 ], [ 606585.0, 7662527.941999999806285 ], [ 606585.0, 7662497.941999999806285 ], [ 606615.0, 7662497.941999999806285 ], [ 606615.0, 7662467.941999999806285 ], [ 606615.0, 7662437.941999999806285 ], [ 606615.0, 7662407.941999999806285 ], [ 606615.0, 7662377.941999999806285 ], [ 606615.0, 7662347.941999999806285 ], [ 606645.0, 7662257.941999999806285 ], [ 606645.0, 7662227.941999999806285 ], [ 606675.0, 7662227.941999999806285 ], [ 606675.0, 7662197.941999999806285 ], [ 606675.0, 7662167.941999999806285 ], [ 606705.0, 7662167.941999999806285 ], [ 606705.0, 7662137.941999999806285 ], [ 606705.0, 7662107.941999999806285 ], [ 606705.0, 7662077.941999999806285 ], [ 606705.0, 7662047.941999999806285 ], [ 606705.0, 7662017.941999999806285 ], [ 606705.0, 7661987.941999999806285 ], [ 606705.0, 7661927.941999999806285 ], [ 606705.0, 7661897.941999999806285 ], [ 606705.0, 7661837.941999999806285 ], [ 606705.0, 7661807.941999999806285 ], [ 606705.0, 7661777.941999999806285 ], [ 606705.0, 7661747.941999999806285 ], [ 606705.0, 7661717.941999999806285 ], [ 606705.0, 7661687.941999999806285 ], [ 606675.0, 7661687.941999999806285 ], [ 606675.0, 7661657.941999999806285 ], [ 606675.0, 7661627.941999999806285 ], [ 606675.0, 7661597.941999999806285 ], [ 606675.0, 7661567.941999999806285 ], [ 606675.0, 7661537.941999999806285 ], [ 606675.0, 7661507.941999999806285 ], [ 606675.0, 7661477.941999999806285 ], [ 606675.0, 7661447.941999999806285 ], [ 606705.0, 7661417.941999999806285 ], [ 606705.0, 7661387.941999999806285 ], [ 606705.0, 7661357.941999999806285 ], [ 606735.0, 7661357.941999999806285 ], [ 606735.0, 7661327.941999999806285 ], [ 606765.0, 7661327.941999999806285 ], [ 606765.0, 7661297.941999999806285 ], [ 606795.0, 7661297.941999999806285 ], [ 606825.0, 7661267.941999999806285 ], [ 606855.0, 7661237.941999999806285 ], [ 606885.0, 7661207.941999999806285 ], [ 606915.0, 7661177.941999999806285 ], [ 606945.0, 7661147.941999999806285 ], [ 606945.0, 7661117.941999999806285 ], [ 606945.0, 7661087.941999999806285 ], [ 606975.0, 7661087.941999999806285 ], [ 606975.0, 7661057.941999999806285 ], [ 607005.0, 7661057.941999999806285 ], [ 607005.0, 7661027.941999999806285 ], [ 607035.0, 7661027.941999999806285 ], [ 607065.0, 7660997.941999999806285 ], [ 607095.0, 7660967.941999999806285 ], [ 607155.0, 7660937.941999999806285 ], [ 607155.0, 7660907.941999999806285 ], [ 607155.0, 7660877.941999999806285 ], [ 607155.0, 7660847.941999999806285 ], [ 607185.0, 7660847.941999999806285 ], [ 607185.0, 7660817.941999999806285 ], [ 607185.0, 7660787.941999999806285 ], [ 607215.0, 7660787.941999999806285 ], [ 607215.0, 7660757.941999999806285 ], [ 607215.0, 7660727.941999999806285 ], [ 607215.0, 7660697.941999999806285 ], [ 607215.0, 7660667.941999999806285 ], [ 607245.0, 7660667.941999999806285 ], [ 607245.0, 7660637.941999999806285 ], [ 607245.0, 7660607.941999999806285 ], [ 607275.0, 7660607.941999999806285 ], [ 607275.0, 7660577.941999999806285 ], [ 607275.0, 7660547.941999999806285 ], [ 607305.0, 7660547.941999999806285 ], [ 607305.0, 7660517.941999999806285 ], [ 607335.0, 7660517.941999999806285 ], [ 607365.0, 7660487.941999999806285 ], [ 607395.0, 7660487.941999999806285 ], [ 607425.0, 7660487.941999999806285 ], [ 607455.0, 7660457.941999999806285 ], [ 607455.0, 7660427.941999999806285 ], [ 607485.0, 7660427.941999999806285 ], [ 607515.0, 7660427.941999999806285 ], [ 607545.0, 7660427.941999999806285 ], [ 607575.0, 7660427.941999999806285 ], [ 607605.0, 7660427.941999999806285 ], [ 607635.0, 7660427.941999999806285 ], [ 607665.0, 7660397.941999999806285 ], [ 607695.0, 7660397.941999999806285 ], [ 607725.0, 7660397.941999999806285 ], [ 607755.0, 7660397.941999999806285 ], [ 607785.0, 7660397.941999999806285 ], [ 607815.0, 7660397.941999999806285 ], [ 607845.0, 7660397.941999999806285 ], [ 607875.0, 7660367.941999999806285 ], [ 607875.0, 7660337.941999999806285 ], [ 607905.0, 7660337.941999999806285 ], [ 607935.0, 7660307.941999999806285 ], [ 607965.0, 7660277.941999999806285 ], [ 607995.0, 7660277.941999999806285 ], [ 607995.0, 7660307.941999999806285 ], [ 607995.0, 7660277.941999999806285 ], [ 607995.0, 7660247.941999999806285 ], [ 608025.0, 7660217.941999999806285 ], [ 608055.0, 7660217.941999999806285 ], [ 608055.0, 7660187.941999999806285 ], [ 608055.0, 7660157.941999999806285 ], [ 608085.0, 7660127.941999999806285 ], [ 608115.0, 7660127.941999999806285 ], [ 608115.0, 7660097.941999999806285 ], [ 608175.0, 7660097.941999999806285 ], [ 608175.0, 7660067.941999999806285 ], [ 608205.0, 7660037.941999999806285 ], [ 608235.0, 7660037.941999999806285 ], [ 608265.0, 7660037.941999999806285 ], [ 608265.0, 7660007.941999999806285 ], [ 608295.0, 7660007.941999999806285 ], [ 608295.0, 7659977.941999999806285 ], [ 608325.0, 7659977.941999999806285 ], [ 608325.0, 7659947.941999999806285 ], [ 608355.0, 7659947.941999999806285 ], [ 608355.0, 7659917.941999999806285 ], [ 608385.0, 7659917.941999999806285 ], [ 608415.0, 7659917.941999999806285 ], [ 608445.0, 7659917.941999999806285 ], [ 608475.0, 7659887.941999999806285 ], [ 608505.0, 7659857.941999999806285 ], [ 608535.0, 7659857.941999999806285 ], [ 608535.0, 7659827.941999999806285 ], [ 608565.0, 7659797.941999999806285 ], [ 608595.0, 7659797.941999999806285 ], [ 608625.0, 7659797.941999999806285 ], [ 608655.0, 7659767.941999999806285 ], [ 608685.0, 7659767.941999999806285 ], [ 608685.0, 7659737.941999999806285 ], [ 608715.0, 7659737.941999999806285 ], [ 608745.0, 7659707.941999999806285 ], [ 608775.0, 7659707.941999999806285 ], [ 608775.0, 7659677.941999999806285 ], [ 608805.0, 7659677.941999999806285 ], [ 608805.0, 7659647.941999999806285 ], [ 608835.0, 7659647.941999999806285 ], [ 608835.0, 7659617.941999999806285 ], [ 608865.0, 7659617.941999999806285 ], [ 608895.0, 7659587.941999999806285 ], [ 608925.0, 7659587.941999999806285 ], [ 608925.0, 7659557.941999999806285 ], [ 608955.0, 7659557.941999999806285 ], [ 608985.0, 7659557.941999999806285 ], [ 609015.0, 7659557.941999999806285 ], [ 609015.0, 7659527.941999999806285 ], [ 609045.0, 7659527.941999999806285 ], [ 609045.0, 7659497.941999999806285 ], [ 609045.0, 7659467.941999999806285 ], [ 609015.0, 7659467.941999999806285 ], [ 608985.0, 7659467.941999999806285 ], [ 608955.0, 7659467.941999999806285 ], [ 609195.0, 7659227.941999999806285 ], [ 609225.0, 7659227.941999999806285 ], [ 609285.0, 7659227.941999999806285 ], [ 609315.0, 7659227.941999999806285 ], [ 609315.0, 7659197.941999999806285 ], [ 609345.0, 7659197.941999999806285 ], [ 609375.0, 7659197.941999999806285 ], [ 609405.0, 7659197.941999999806285 ], [ 609405.0, 7659167.941999999806285 ], [ 609405.0, 7659137.941999999806285 ], [ 609435.0, 7659137.941999999806285 ], [ 609465.0, 7659137.941999999806285 ], [ 609465.0, 7659107.941999999806285 ], [ 609495.0, 7659107.941999999806285 ], [ 609495.0, 7659077.941999999806285 ], [ 609495.0, 7659047.941999999806285 ], [ 609495.0, 7659017.941999999806285 ], [ 609525.0, 7659017.941999999806285 ], [ 609555.0, 7659017.941999999806285 ], [ 609555.0, 7658987.941999999806285 ], [ 609585.0, 7658987.941999999806285 ], [ 609585.0, 7658957.941999999806285 ], [ 609615.0, 7658957.941999999806285 ], [ 609615.0, 7658927.941999999806285 ], [ 609615.0, 7658867.941999999806285 ], [ 609645.0, 7658867.941999999806285 ], [ 609645.0, 7658837.941999999806285 ], [ 609645.0, 7658807.941999999806285 ], [ 609675.0, 7658807.941999999806285 ], [ 609675.0, 7658777.941999999806285 ], [ 609705.0, 7658747.941999999806285 ], [ 609705.0, 7658717.941999999806285 ], [ 609735.0, 7658717.941999999806285 ], [ 609735.0, 7658687.941999999806285 ], [ 609765.0, 7658687.941999999806285 ], [ 609795.0, 7658687.941999999806285 ], [ 609855.0, 7658687.941999999806285 ], [ 609885.0, 7658687.941999999806285 ], [ 609915.0, 7658657.941999999806285 ], [ 609945.0, 7658657.941999999806285 ], [ 609975.0, 7658657.941999999806285 ], [ 609975.0, 7658627.941999999806285 ], [ 609975.0, 7658657.941999999806285 ], [ 610005.0, 7658627.941999999806285 ], [ 610005.0, 7658597.941999999806285 ], [ 610035.0, 7658567.941999999806285 ], [ 610035.0, 7658537.941999999806285 ], [ 610095.0, 7658507.941999999806285 ], [ 610095.0, 7658477.941999999806285 ], [ 610125.0, 7658477.941999999806285 ], [ 610125.0, 7658447.941999999806285 ], [ 610155.0, 7658447.941999999806285 ], [ 610185.0, 7658417.941999999806285 ], [ 610215.0, 7658417.941999999806285 ], [ 610215.0, 7658387.941999999806285 ], [ 610245.0, 7658297.941999999806285 ], [ 610275.0, 7658267.941999999806285 ], [ 610335.0, 7658237.941999999806285 ], [ 610335.0, 7658207.941999999806285 ], [ 610365.0, 7658207.941999999806285 ], [ 610365.0, 7658177.941999999806285 ], [ 610395.0, 7658177.941999999806285 ], [ 610425.0, 7658177.941999999806285 ], [ 610455.0, 7658147.941999999806285 ], [ 610485.0, 7658147.941999999806285 ], [ 610515.0, 7658147.941999999806285 ], [ 610545.0, 7658147.941999999806285 ], [ 610545.0, 7658117.941999999806285 ], [ 610575.0, 7658117.941999999806285 ], [ 610605.0, 7658117.941999999806285 ], [ 610635.0, 7658087.941999999806285 ], [ 610665.0, 7658087.941999999806285 ], [ 610695.0, 7658087.941999999806285 ], [ 610695.0, 7658057.941999999806285 ], [ 610725.0, 7658057.941999999806285 ], [ 610755.0, 7658057.941999999806285 ], [ 610755.0, 7658027.941999999806285 ], [ 610785.0, 7658027.941999999806285 ], [ 610785.0, 7657997.941999999806285 ], [ 610815.0, 7657997.941999999806285 ], [ 610815.0, 7657967.941999999806285 ], [ 610845.0, 7657967.941999999806285 ], [ 610875.0, 7657937.941999999806285 ], [ 610905.0, 7657937.941999999806285 ], [ 610935.0, 7657907.941999999806285 ], [ 610965.0, 7657877.941999999806285 ], [ 610995.0, 7657847.941999999806285 ], [ 611025.0, 7657847.941999999806285 ], [ 611025.0, 7657817.941999999806285 ], [ 611055.0, 7657817.941999999806285 ], [ 611055.0, 7657787.941999999806285 ], [ 611085.0, 7657787.941999999806285 ], [ 611115.0, 7657757.941999999806285 ], [ 611145.0, 7657727.941999999806285 ], [ 611175.0, 7657727.941999999806285 ], [ 611205.0, 7657727.941999999806285 ], [ 611205.0, 7657697.941999999806285 ], [ 611205.0, 7657667.941999999806285 ], [ 611235.0, 7657667.941999999806285 ], [ 611265.0, 7657637.941999999806285 ], [ 611295.0, 7657607.941999999806285 ], [ 611325.0, 7657607.941999999806285 ], [ 611325.0, 7657577.941999999806285 ], [ 611355.0, 7657577.941999999806285 ], [ 611355.0, 7657547.941999999806285 ], [ 611355.0, 7657517.941999999806285 ], [ 611385.0, 7657487.941999999806285 ], [ 611385.0, 7657457.941999999806285 ], [ 611385.0, 7657427.941999999806285 ], [ 611385.0, 7657397.941999999806285 ], [ 611385.0, 7657367.941999999806285 ], [ 611385.0, 7657337.941999999806285 ], [ 611385.0, 7657307.941999999806285 ], [ 611415.0, 7657307.941999999806285 ], [ 611415.0, 7657277.941999999806285 ], [ 611445.0, 7657247.941999999806285 ], [ 611445.0, 7657217.941999999806285 ], [ 611475.0, 7657187.941999999806285 ], [ 611475.0, 7657157.941999999806285 ], [ 611505.0, 7657127.941999999806285 ], [ 611505.0, 7657097.941999999806285 ], [ 611535.0, 7657067.941999999806285 ], [ 611565.0, 7657037.941999999806285 ], [ 611565.0, 7657007.941999999806285 ], [ 611565.0, 7656977.941999999806285 ], [ 611595.0, 7656977.941999999806285 ], [ 611595.0, 7656947.941999999806285 ], [ 611625.0, 7656947.941999999806285 ], [ 611655.0, 7656917.941999999806285 ], [ 611685.0, 7656887.941999999806285 ], [ 611715.0, 7656887.941999999806285 ], [ 611745.0, 7656887.941999999806285 ], [ 611775.0, 7656887.941999999806285 ], [ 611805.0, 7656887.941999999806285 ], [ 611835.0, 7656887.941999999806285 ], [ 611865.0, 7656887.941999999806285 ], [ 611895.0, 7656887.941999999806285 ], [ 611925.0, 7656887.941999999806285 ], [ 611955.0, 7656887.941999999806285 ], [ 611985.0, 7656887.941999999806285 ], [ 612015.0, 7656887.941999999806285 ], [ 612045.0, 7656887.941999999806285 ], [ 612075.0, 7656887.941999999806285 ], [ 612075.0, 7656857.941999999806285 ], [ 612075.0, 7656827.941999999806285 ], [ 612135.0, 7656767.941999999806285 ], [ 612135.0, 7656737.941999999806285 ], [ 612135.0, 7656707.941999999806285 ], [ 612165.0, 7656707.941999999806285 ], [ 612165.0, 7656677.941999999806285 ], [ 612195.0, 7656647.941999999806285 ], [ 612195.0, 7656617.941999999806285 ], [ 612195.0, 7656587.941999999806285 ], [ 612195.0, 7656557.941999999806285 ], [ 612195.0, 7656527.941999999806285 ], [ 612195.0, 7656497.941999999806285 ], [ 612195.0, 7656467.941999999806285 ], [ 612225.0, 7656467.941999999806285 ], [ 612225.0, 7656437.941999999806285 ], [ 612225.0, 7656407.941999999806285 ], [ 612225.0, 7656377.941999999806285 ], [ 612225.0, 7656347.941999999806285 ], [ 612255.0, 7656317.941999999806285 ], [ 612285.0, 7656287.941999999806285 ], [ 612315.0, 7656227.941999999806285 ], [ 612345.0, 7656197.941999999806285 ], [ 612345.0, 7656167.941999999806285 ], [ 612375.0, 7656167.941999999806285 ], [ 612375.0, 7656137.941999999806285 ], [ 612375.0, 7656077.941999999806285 ], [ 612375.0, 7656047.941999999806285 ], [ 612375.0, 7656017.941999999806285 ], [ 612375.0, 7655987.941999999806285 ], [ 612405.0, 7655957.941999999806285 ], [ 612435.0, 7655957.941999999806285 ], [ 612435.0, 7655927.941999999806285 ], [ 612435.0, 7655897.941999999806285 ], [ 612435.0, 7655867.941999999806285 ], [ 612435.0, 7655837.941999999806285 ], [ 612435.0, 7655807.941999999806285 ], [ 612435.0, 7655777.941999999806285 ], [ 612435.0, 7655747.941999999806285 ], [ 612435.0, 7655717.941999999806285 ], [ 612465.0, 7655627.941999999806285 ], [ 612465.0, 7655597.941999999806285 ], [ 612465.0, 7655537.941999999806285 ], [ 612465.0, 7655507.941999999806285 ], [ 612465.0, 7655477.941999999806285 ], [ 612465.0, 7655447.941999999806285 ], [ 612465.0, 7655417.941999999806285 ], [ 612465.0, 7655387.941999999806285 ], [ 612495.0, 7655327.941999999806285 ], [ 612495.0, 7655297.941999999806285 ], [ 612495.0, 7655267.941999999806285 ], [ 612495.0, 7655237.941999999806285 ], [ 612495.0, 7655207.941999999806285 ], [ 612495.0, 7655177.941999999806285 ], [ 612495.0, 7655147.941999999806285 ], [ 612495.0, 7655117.941999999806285 ], [ 612495.0, 7655087.941999999806285 ], [ 612495.0, 7655057.941999999806285 ], [ 612495.0, 7655027.941999999806285 ], [ 612525.0, 7654997.941999999806285 ], [ 612525.0, 7654967.941999999806285 ], [ 612525.0, 7654937.941999999806285 ], [ 612525.0, 7654907.941999999806285 ], [ 612525.0, 7654877.941999999806285 ], [ 612525.0, 7654847.941999999806285 ], [ 612525.0, 7654817.941999999806285 ], [ 612495.0, 7654757.941999999806285 ], [ 612495.0, 7654727.941999999806285 ], [ 612495.0, 7654697.941999999806285 ], [ 612495.0, 7654667.941999999806285 ], [ 612495.0, 7654637.941999999806285 ], [ 612495.0, 7654607.941999999806285 ], [ 612495.0, 7654577.941999999806285 ], [ 612465.0, 7654577.941999999806285 ], [ 612465.0, 7654547.941999999806285 ], [ 612465.0, 7654517.941999999806285 ], [ 612465.0, 7654487.941999999806285 ], [ 612465.0, 7654457.941999999806285 ], [ 612465.0, 7654427.941999999806285 ], [ 612465.0, 7654397.941999999806285 ], [ 612465.0, 7654367.941999999806285 ], [ 612465.0, 7654337.941999999806285 ], [ 612465.0, 7654307.941999999806285 ], [ 612465.0, 7654277.941999999806285 ], [ 612495.0, 7654277.941999999806285 ], [ 612495.0, 7654247.941999999806285 ], [ 612495.0, 7654217.941999999806285 ], [ 612495.0, 7654187.941999999806285 ], [ 612645.0, 7654097.941999999806285 ], [ 612675.0, 7654067.941999999806285 ], [ 612675.0, 7654037.941999999806285 ], [ 612705.0, 7654037.941999999806285 ], [ 612705.0, 7654007.941999999806285 ], [ 612705.0, 7653977.941999999806285 ], [ 612705.0, 7653947.941999999806285 ], [ 612735.0, 7653917.941999999806285 ], [ 612735.0, 7653887.941999999806285 ], [ 612735.0, 7653857.941999999806285 ], [ 612765.0, 7653857.941999999806285 ], [ 612765.0, 7653827.941999999806285 ], [ 612765.0, 7653797.941999999806285 ], [ 612795.0, 7653797.941999999806285 ], [ 612825.0, 7653797.941999999806285 ], [ 612825.0, 7653767.941999999806285 ], [ 612855.0, 7653767.941999999806285 ], [ 612855.0, 7653737.941999999806285 ], [ 612885.0, 7653737.941999999806285 ], [ 612885.0, 7653707.941999999806285 ], [ 612915.0, 7653707.941999999806285 ], [ 612915.0, 7653677.941999999806285 ], [ 612945.0, 7653677.941999999806285 ], [ 612945.0, 7653647.941999999806285 ], [ 612945.0, 7653587.941999999806285 ], [ 612975.0, 7653557.941999999806285 ], [ 613005.0, 7653527.941999999806285 ], [ 613005.0, 7653497.941999999806285 ], [ 613005.0, 7653467.941999999806285 ], [ 613005.0, 7653437.941999999806285 ], [ 613005.0, 7653407.941999999806285 ], [ 613005.0, 7653377.941999999806285 ], [ 613005.0, 7653347.941999999806285 ], [ 613035.0, 7653347.941999999806285 ], [ 613035.0, 7653317.941999999806285 ], [ 613035.0, 7653287.941999999806285 ], [ 613035.0, 7653257.941999999806285 ], [ 613035.0, 7653227.941999999806285 ], [ 613035.0, 7653197.941999999806285 ], [ 613035.0, 7653167.941999999806285 ], [ 613065.0, 7653167.941999999806285 ], [ 613065.0, 7653137.941999999806285 ], [ 613065.0, 7653107.941999999806285 ], [ 613065.0, 7653077.941999999806285 ], [ 613065.0, 7653047.941999999806285 ], [ 613065.0, 7653017.941999999806285 ], [ 613095.0, 7653017.941999999806285 ], [ 613095.0, 7652987.941999999806285 ], [ 613125.0, 7652987.941999999806285 ], [ 613155.0, 7652987.941999999806285 ], [ 613155.0, 7652957.941999999806285 ], [ 613185.0, 7652957.941999999806285 ], [ 613185.0, 7652927.941999999806285 ], [ 613215.0, 7652897.941999999806285 ], [ 613245.0, 7652867.941999999806285 ], [ 613245.0, 7652837.941999999806285 ], [ 613275.0, 7652837.941999999806285 ], [ 613275.0, 7652807.941999999806285 ], [ 613305.0, 7652807.941999999806285 ], [ 613305.0, 7652777.941999999806285 ], [ 613335.0, 7652777.941999999806285 ], [ 613335.0, 7652747.941999999806285 ], [ 613365.0, 7652747.941999999806285 ], [ 613395.0, 7652747.941999999806285 ], [ 613425.0, 7652747.941999999806285 ], [ 613425.0, 7652717.941999999806285 ], [ 613425.0, 7652687.941999999806285 ], [ 613455.0, 7652687.941999999806285 ], [ 613485.0, 7652687.941999999806285 ], [ 613515.0, 7652687.941999999806285 ], [ 613515.0, 7652657.941999999806285 ], [ 613545.0, 7652657.941999999806285 ], [ 613545.0, 7652627.941999999806285 ], [ 613545.0, 7652597.941999999806285 ], [ 613575.0, 7652597.941999999806285 ], [ 613575.0, 7652567.941999999806285 ], [ 613575.0, 7652537.941999999806285 ], [ 613575.0, 7652507.941999999806285 ], [ 613605.0, 7652507.941999999806285 ], [ 613575.0, 7652477.941999999806285 ], [ 613575.0, 7652447.941999999806285 ], [ 613575.0, 7652417.941999999806285 ], [ 613575.0, 7652387.941999999806285 ], [ 613575.0, 7652357.941999999806285 ], [ 613605.0, 7652327.941999999806285 ], [ 613605.0, 7652297.941999999806285 ], [ 613605.0, 7652267.941999999806285 ], [ 613635.0, 7652237.941999999806285 ], [ 613635.0, 7652207.941999999806285 ], [ 613665.0, 7652207.941999999806285 ], [ 613695.0, 7652207.941999999806285 ], [ 613725.0, 7652207.941999999806285 ], [ 613725.0, 7652237.941999999806285 ], [ 613755.0, 7652237.941999999806285 ], [ 613785.0, 7652237.941999999806285 ], [ 613815.0, 7652237.941999999806285 ], [ 613815.0, 7652207.941999999806285 ], [ 613845.0, 7652207.941999999806285 ], [ 613845.0, 7652177.941999999806285 ], [ 613875.0, 7652177.941999999806285 ], [ 613875.0, 7652147.941999999806285 ], [ 613875.0, 7652117.941999999806285 ], [ 613875.0, 7652087.941999999806285 ], [ 613905.0, 7652087.941999999806285 ], [ 613905.0, 7652057.941999999806285 ], [ 613905.0, 7652027.941999999806285 ], [ 613905.0, 7651997.941999999806285 ], [ 613935.0, 7651997.941999999806285 ], [ 613935.0, 7651967.941999999806285 ], [ 613935.0, 7651937.941999999806285 ], [ 613935.0, 7651907.941999999806285 ], [ 613965.0, 7651877.941999999806285 ], [ 613965.0, 7651847.941999999806285 ], [ 613935.0, 7651847.941999999806285 ], [ 613935.0, 7651817.941999999806285 ], [ 613935.0, 7651787.941999999806285 ], [ 613935.0, 7651757.941999999806285 ], [ 613935.0, 7651727.941999999806285 ], [ 613935.0, 7651697.941999999806285 ], [ 613965.0, 7651697.941999999806285 ], [ 613965.0, 7651667.941999999806285 ], [ 613995.0, 7651667.941999999806285 ], [ 613995.0, 7651637.941999999806285 ], [ 614025.0, 7651637.941999999806285 ], [ 614025.0, 7651607.941999999806285 ], [ 614055.0, 7651607.941999999806285 ], [ 614055.0, 7651577.941999999806285 ], [ 614055.0, 7651547.941999999806285 ], [ 614055.0, 7651517.941999999806285 ], [ 614085.0, 7651517.941999999806285 ], [ 614115.0, 7651517.941999999806285 ], [ 614115.0, 7651487.941999999806285 ], [ 614175.0, 7651487.941999999806285 ], [ 614175.0, 7651457.941999999806285 ], [ 614205.0, 7651457.941999999806285 ], [ 614205.0, 7651427.941999999806285 ], [ 614205.0, 7651397.941999999806285 ], [ 614235.0, 7651397.941999999806285 ], [ 614235.0, 7651367.941999999806285 ], [ 614265.0, 7651367.941999999806285 ], [ 614295.0, 7651337.941999999806285 ], [ 614325.0, 7651337.941999999806285 ], [ 614325.0, 7651307.941999999806285 ], [ 614355.0, 7651277.941999999806285 ], [ 614355.0, 7651247.941999999806285 ], [ 614355.0, 7651217.941999999806285 ], [ 614385.0, 7651217.941999999806285 ], [ 614385.0, 7651187.941999999806285 ], [ 614385.0, 7651157.941999999806285 ], [ 614415.0, 7651157.941999999806285 ], [ 614415.0, 7651127.941999999806285 ], [ 614415.0, 7651097.941999999806285 ], [ 614445.0, 7651097.941999999806285 ], [ 614445.0, 7651067.941999999806285 ], [ 614445.0, 7651037.941999999806285 ], [ 614445.0, 7651007.941999999806285 ], [ 614445.0, 7650977.941999999806285 ], [ 614445.0, 7650917.941999999806285 ], [ 614445.0, 7650887.941999999806285 ], [ 614445.0, 7650857.941999999806285 ], [ 614445.0, 7650827.941999999806285 ], [ 614445.0, 7650797.941999999806285 ], [ 614445.0, 7650767.941999999806285 ], [ 614445.0, 7650737.941999999806285 ], [ 614445.0, 7650707.941999999806285 ], [ 614445.0, 7650677.941999999806285 ], [ 614445.0, 7650647.941999999806285 ], [ 614445.0, 7650617.941999999806285 ], [ 614475.0, 7650617.941999999806285 ], [ 614475.0, 7650587.941999999806285 ], [ 614475.0, 7650557.941999999806285 ], [ 614475.0, 7650527.941999999806285 ], [ 614505.0, 7650527.941999999806285 ], [ 614505.0, 7650497.941999999806285 ], [ 614505.0, 7650467.941999999806285 ], [ 614535.0, 7650467.941999999806285 ], [ 614535.0, 7650437.941999999806285 ], [ 614565.0, 7650437.941999999806285 ], [ 614565.0, 7650407.941999999806285 ], [ 614565.0, 7650347.941999999806285 ], [ 614565.0, 7650317.941999999806285 ], [ 614595.0, 7650317.941999999806285 ], [ 614595.0, 7650287.941999999806285 ], [ 614595.0, 7650257.941999999806285 ], [ 614595.0, 7650227.941999999806285 ], [ 614625.0, 7650227.941999999806285 ], [ 614625.0, 7650197.941999999806285 ], [ 614625.0, 7650137.941999999806285 ], [ 614655.0, 7650107.941999999806285 ], [ 614655.0, 7650047.941999999806285 ], [ 614685.0, 7650047.941999999806285 ], [ 614715.0, 7649987.941999999806285 ], [ 614715.0, 7649957.941999999806285 ], [ 614715.0, 7649927.941999999806285 ], [ 614715.0, 7649897.941999999806285 ], [ 614715.0, 7649867.941999999806285 ], [ 614715.0, 7649837.941999999806285 ], [ 614685.0, 7649837.941999999806285 ], [ 614685.0, 7649807.941999999806285 ], [ 614685.0, 7649777.941999999806285 ], [ 614685.0, 7649717.941999999806285 ], [ 614685.0, 7649687.941999999806285 ], [ 614685.0, 7649657.941999999806285 ], [ 614685.0, 7649627.941999999806285 ], [ 614685.0, 7649597.941999999806285 ], [ 614685.0, 7649567.941999999806285 ], [ 614685.0, 7649537.941999999806285 ], [ 614685.0, 7649507.941999999806285 ], [ 614685.0, 7649477.941999999806285 ], [ 614685.0, 7649447.941999999806285 ], [ 614685.0, 7649417.941999999806285 ], [ 614685.0, 7649387.941999999806285 ], [ 614685.0, 7649357.941999999806285 ], [ 614685.0, 7649327.941999999806285 ], [ 614685.0, 7649297.941999999806285 ], [ 614685.0, 7649267.941999999806285 ], [ 614685.0, 7649237.941999999806285 ], [ 614685.0, 7649207.941999999806285 ], [ 614685.0, 7649177.941999999806285 ], [ 614685.0, 7649147.941999999806285 ], [ 614685.0, 7649117.941999999806285 ], [ 614685.0, 7649087.941999999806285 ], [ 614685.0, 7649057.941999999806285 ], [ 614715.0, 7649057.941999999806285 ], [ 614715.0, 7649027.941999999806285 ], [ 614745.0, 7648997.941999999806285 ], [ 614775.0, 7648997.941999999806285 ], [ 614805.0, 7648967.941999999806285 ], [ 614835.0, 7648937.941999999806285 ], [ 614865.0, 7648907.941999999806285 ], [ 614865.0, 7648877.941999999806285 ], [ 614865.0, 7648847.941999999806285 ], [ 614895.0, 7648847.941999999806285 ], [ 614895.0, 7648817.941999999806285 ], [ 614925.0, 7648817.941999999806285 ], [ 614925.0, 7648787.941999999806285 ], [ 614925.0, 7648757.941999999806285 ], [ 614955.0, 7648727.941999999806285 ], [ 614955.0, 7648697.941999999806285 ], [ 614985.0, 7648697.941999999806285 ], [ 614985.0, 7648667.941999999806285 ], [ 615015.0, 7648637.941999999806285 ], [ 615045.0, 7648607.941999999806285 ], [ 615045.0, 7648577.941999999806285 ], [ 615075.0, 7648547.941999999806285 ], [ 615075.0, 7648517.941999999806285 ], [ 615075.0, 7648487.941999999806285 ], [ 615075.0, 7648457.941999999806285 ], [ 615075.0, 7648427.941999999806285 ], [ 615105.0, 7648427.941999999806285 ], [ 615105.0, 7648397.941999999806285 ], [ 615135.0, 7648397.941999999806285 ], [ 615165.0, 7648397.941999999806285 ], [ 615165.0, 7648367.941999999806285 ], [ 615165.0, 7648337.941999999806285 ], [ 615165.0, 7648307.941999999806285 ], [ 615165.0, 7648277.941999999806285 ], [ 615165.0, 7648247.941999999806285 ], [ 615165.0, 7648187.941999999806285 ], [ 615165.0, 7648157.941999999806285 ], [ 615165.0, 7648127.941999999806285 ], [ 615165.0, 7648097.941999999806285 ], [ 615165.0, 7648067.941999999806285 ], [ 615165.0, 7648037.941999999806285 ], [ 615165.0, 7648007.941999999806285 ], [ 615165.0, 7647977.941999999806285 ], [ 615165.0, 7647917.941999999806285 ], [ 615165.0, 7647887.941999999806285 ], [ 615165.0, 7647857.941999999806285 ], [ 615165.0, 7647797.941999999806285 ], [ 615165.0, 7647737.941999999806285 ], [ 615165.0, 7647707.941999999806285 ], [ 615165.0, 7647677.941999999806285 ], [ 615165.0, 7647647.941999999806285 ], [ 615165.0, 7647587.941999999806285 ], [ 615165.0, 7647557.941999999806285 ], [ 615165.0, 7647527.941999999806285 ], [ 615165.0, 7647467.941999999806285 ], [ 615165.0, 7647437.941999999806285 ], [ 615165.0, 7647407.941999999806285 ], [ 615165.0, 7647347.941999999806285 ], [ 615165.0, 7647317.941999999806285 ], [ 615165.0, 7647287.941999999806285 ], [ 615135.0, 7647257.941999999806285 ], [ 615135.0, 7647227.941999999806285 ], [ 615135.0, 7647197.941999999806285 ], [ 615135.0, 7647167.941999999806285 ], [ 615135.0, 7647137.941999999806285 ], [ 615135.0, 7647107.941999999806285 ], [ 615105.0, 7647077.941999999806285 ], [ 615105.0, 7647047.941999999806285 ], [ 615075.0, 7647047.941999999806285 ], [ 615075.0, 7647017.941999999806285 ], [ 615045.0, 7647017.941999999806285 ], [ 615015.0, 7646987.941999999806285 ], [ 614985.0, 7646987.941999999806285 ], [ 614955.0, 7646957.941999999806285 ], [ 614955.0, 7646927.941999999806285 ], [ 614925.0, 7646927.941999999806285 ], [ 614895.0, 7646927.941999999806285 ], [ 614865.0, 7646927.941999999806285 ], [ 614835.0, 7646927.941999999806285 ], [ 614805.0, 7646927.941999999806285 ], [ 614775.0, 7646927.941999999806285 ], [ 614745.0, 7646897.941999999806285 ], [ 614715.0, 7646897.941999999806285 ], [ 614685.0, 7646867.941999999806285 ], [ 614655.0, 7646867.941999999806285 ], [ 614625.0, 7646867.941999999806285 ], [ 614625.0, 7646837.941999999806285 ], [ 614595.0, 7646837.941999999806285 ], [ 614595.0, 7646807.941999999806285 ], [ 614595.0, 7646777.941999999806285 ], [ 614595.0, 7646747.941999999806285 ], [ 614595.0, 7646717.941999999806285 ], [ 614565.0, 7646717.941999999806285 ], [ 614565.0, 7646687.941999999806285 ], [ 614535.0, 7646687.941999999806285 ], [ 614535.0, 7646657.941999999806285 ], [ 614535.0, 7646627.941999999806285 ], [ 614505.0, 7646627.941999999806285 ], [ 614505.0, 7646597.941999999806285 ], [ 614475.0, 7646597.941999999806285 ], [ 614475.0, 7646567.941999999806285 ], [ 614445.0, 7646537.941999999806285 ], [ 614445.0, 7646507.941999999806285 ], [ 614445.0, 7646477.941999999806285 ], [ 614415.0, 7646477.941999999806285 ], [ 614415.0, 7646447.941999999806285 ], [ 614385.0, 7646447.941999999806285 ], [ 614385.0, 7646417.941999999806285 ], [ 614355.0, 7646417.941999999806285 ], [ 614355.0, 7646387.941999999806285 ], [ 614325.0, 7646357.941999999806285 ], [ 614295.0, 7646327.941999999806285 ], [ 614265.0, 7646297.941999999806285 ], [ 614235.0, 7646267.941999999806285 ], [ 614235.0, 7646237.941999999806285 ], [ 614235.0, 7646207.941999999806285 ], [ 614235.0, 7646177.941999999806285 ], [ 614235.0, 7646147.941999999806285 ], [ 614205.0, 7646117.941999999806285 ], [ 614205.0, 7646087.941999999806285 ], [ 614205.0, 7646057.941999999806285 ], [ 614205.0, 7646027.941999999806285 ], [ 614205.0, 7645997.941999999806285 ], [ 614205.0, 7645967.941999999806285 ], [ 614205.0, 7645937.941999999806285 ], [ 614205.0, 7645907.941999999806285 ], [ 614205.0, 7645877.941999999806285 ], [ 614205.0, 7645847.941999999806285 ], [ 614205.0, 7645817.941999999806285 ], [ 614175.0, 7645817.941999999806285 ], [ 614145.0, 7645817.941999999806285 ], [ 614115.0, 7645817.941999999806285 ], [ 614085.0, 7645817.941999999806285 ], [ 614055.0, 7645817.941999999806285 ], [ 614025.0, 7645817.941999999806285 ], [ 613995.0, 7645817.941999999806285 ], [ 613965.0, 7645817.941999999806285 ], [ 613965.0, 7645847.941999999806285 ], [ 613935.0, 7645847.941999999806285 ], [ 613905.0, 7645847.941999999806285 ], [ 613875.0, 7645847.941999999806285 ], [ 613845.0, 7645847.941999999806285 ], [ 613845.0, 7645817.941999999806285 ], [ 613845.0, 7645787.941999999806285 ], [ 613845.0, 7645757.941999999806285 ], [ 613845.0, 7645727.941999999806285 ], [ 613845.0, 7645697.941999999806285 ], [ 613845.0, 7645667.941999999806285 ], [ 613845.0, 7645637.941999999806285 ], [ 613815.0, 7645637.941999999806285 ], [ 613815.0, 7645607.941999999806285 ], [ 613785.0, 7645607.941999999806285 ], [ 613755.0, 7645607.941999999806285 ], [ 613725.0, 7645577.941999999806285 ], [ 613695.0, 7645577.941999999806285 ], [ 613665.0, 7645577.941999999806285 ], [ 613665.0, 7645547.941999999806285 ], [ 613665.0, 7645517.941999999806285 ], [ 613635.0, 7645517.941999999806285 ], [ 613605.0, 7645487.941999999806285 ], [ 613575.0, 7645487.941999999806285 ], [ 613575.0, 7645457.941999999806285 ], [ 613545.0, 7645457.941999999806285 ], [ 613515.0, 7645457.941999999806285 ], [ 613485.0, 7645457.941999999806285 ], [ 613455.0, 7645457.941999999806285 ], [ 613455.0, 7645427.941999999806285 ], [ 613425.0, 7645427.941999999806285 ], [ 613395.0, 7645427.941999999806285 ], [ 613395.0, 7645397.941999999806285 ], [ 613365.0, 7645397.941999999806285 ], [ 613335.0, 7645397.941999999806285 ], [ 613275.0, 7645397.941999999806285 ], [ 613245.0, 7645367.941999999806285 ], [ 613215.0, 7645367.941999999806285 ], [ 613185.0, 7645367.941999999806285 ], [ 613155.0, 7645367.941999999806285 ], [ 613125.0, 7645367.941999999806285 ], [ 613095.0, 7645367.941999999806285 ], [ 613065.0, 7645367.941999999806285 ], [ 613035.0, 7645367.941999999806285 ], [ 613035.0, 7645337.941999999806285 ], [ 613035.0, 7645307.941999999806285 ], [ 613065.0, 7645307.941999999806285 ], [ 613095.0, 7645307.941999999806285 ], [ 613095.0, 7645277.941999999806285 ], [ 613125.0, 7645277.941999999806285 ], [ 613125.0, 7645247.941999999806285 ], [ 613155.0, 7645247.941999999806285 ], [ 613185.0, 7645247.941999999806285 ], [ 613185.0, 7645217.941999999806285 ], [ 613215.0, 7645217.941999999806285 ], [ 613215.0, 7645187.941999999806285 ], [ 613245.0, 7645187.941999999806285 ], [ 613275.0, 7645187.941999999806285 ], [ 613305.0, 7645187.941999999806285 ], [ 613335.0, 7645187.941999999806285 ], [ 613365.0, 7645187.941999999806285 ], [ 613395.0, 7645187.941999999806285 ], [ 613425.0, 7645187.941999999806285 ], [ 613455.0, 7645187.941999999806285 ], [ 613485.0, 7645187.941999999806285 ], [ 613515.0, 7645187.941999999806285 ], [ 613545.0, 7645187.941999999806285 ], [ 613605.0, 7645187.941999999806285 ], [ 613635.0, 7645187.941999999806285 ], [ 613665.0, 7645187.941999999806285 ], [ 613695.0, 7645187.941999999806285 ], [ 613725.0, 7645187.941999999806285 ], [ 613755.0, 7645187.941999999806285 ], [ 613785.0, 7645187.941999999806285 ], [ 613785.0, 7645157.941999999806285 ], [ 613815.0, 7645157.941999999806285 ], [ 613845.0, 7645157.941999999806285 ], [ 613875.0, 7645157.941999999806285 ], [ 613905.0, 7645157.941999999806285 ], [ 613935.0, 7645157.941999999806285 ], [ 613935.0, 7645127.941999999806285 ], [ 613935.0, 7645097.941999999806285 ], [ 613905.0, 7645097.941999999806285 ], [ 613905.0, 7645067.941999999806285 ], [ 613905.0, 7645037.941999999806285 ], [ 613905.0, 7645007.941999999806285 ], [ 613875.0, 7645007.941999999806285 ], [ 613845.0, 7645007.941999999806285 ], [ 613845.0, 7644977.941999999806285 ], [ 613845.0, 7644947.941999999806285 ], [ 613815.0, 7644947.941999999806285 ], [ 613785.0, 7644947.941999999806285 ], [ 613755.0, 7644917.941999999806285 ], [ 613755.0, 7644887.941999999806285 ], [ 613725.0, 7644887.941999999806285 ], [ 613695.0, 7644887.941999999806285 ], [ 613695.0, 7644857.941999999806285 ], [ 613695.0, 7644827.941999999806285 ], [ 613665.0, 7644827.941999999806285 ], [ 613665.0, 7644797.941999999806285 ], [ 613665.0, 7644767.941999999806285 ], [ 613635.0, 7644737.941999999806285 ], [ 613605.0, 7644737.941999999806285 ], [ 613575.0, 7644737.941999999806285 ], [ 613545.0, 7644737.941999999806285 ], [ 613515.0, 7644737.941999999806285 ], [ 613515.0, 7644707.941999999806285 ], [ 613485.0, 7644707.941999999806285 ], [ 613455.0, 7644707.941999999806285 ], [ 613425.0, 7644707.941999999806285 ], [ 613395.0, 7644707.941999999806285 ], [ 613365.0, 7644707.941999999806285 ], [ 613335.0, 7644707.941999999806285 ], [ 613335.0, 7644677.941999999806285 ], [ 613305.0, 7644677.941999999806285 ], [ 613275.0, 7644677.941999999806285 ], [ 613245.0, 7644677.941999999806285 ], [ 613215.0, 7644677.941999999806285 ], [ 613185.0, 7644677.941999999806285 ], [ 613155.0, 7644677.941999999806285 ], [ 613125.0, 7644677.941999999806285 ], [ 613065.0, 7644677.941999999806285 ], [ 613035.0, 7644677.941999999806285 ], [ 613005.0, 7644677.941999999806285 ], [ 612975.0, 7644677.941999999806285 ], [ 612945.0, 7644677.941999999806285 ], [ 612915.0, 7644677.941999999806285 ], [ 612885.0, 7644677.941999999806285 ], [ 612855.0, 7644707.941999999806285 ], [ 612825.0, 7644707.941999999806285 ], [ 612795.0, 7644707.941999999806285 ], [ 612765.0, 7644707.941999999806285 ], [ 612735.0, 7644707.941999999806285 ], [ 612705.0, 7644707.941999999806285 ], [ 612675.0, 7644707.941999999806285 ], [ 612645.0, 7644707.941999999806285 ], [ 612615.0, 7644707.941999999806285 ], [ 612585.0, 7644707.941999999806285 ], [ 612555.0, 7644707.941999999806285 ], [ 612525.0, 7644707.941999999806285 ], [ 612495.0, 7644707.941999999806285 ], [ 612495.0, 7644737.941999999806285 ], [ 612465.0, 7644767.941999999806285 ], [ 612435.0, 7644767.941999999806285 ], [ 612405.0, 7644827.941999999806285 ], [ 612345.0, 7644887.941999999806285 ], [ 612315.0, 7644917.941999999806285 ], [ 612315.0, 7644947.941999999806285 ], [ 612315.0, 7644977.941999999806285 ], [ 612315.0, 7645007.941999999806285 ], [ 612285.0, 7645007.941999999806285 ], [ 612285.0, 7645037.941999999806285 ], [ 612255.0, 7645037.941999999806285 ], [ 612255.0, 7645067.941999999806285 ], [ 612225.0, 7645097.941999999806285 ], [ 612195.0, 7645097.941999999806285 ], [ 612195.0, 7645127.941999999806285 ], [ 612165.0, 7645127.941999999806285 ], [ 612165.0, 7645157.941999999806285 ], [ 612165.0, 7645187.941999999806285 ], [ 612135.0, 7645187.941999999806285 ], [ 612105.0, 7645217.941999999806285 ], [ 612075.0, 7645217.941999999806285 ], [ 612075.0, 7645247.941999999806285 ], [ 612045.0, 7645247.941999999806285 ], [ 612045.0, 7645277.941999999806285 ], [ 612015.0, 7645307.941999999806285 ], [ 611985.0, 7645307.941999999806285 ], [ 611985.0, 7645337.941999999806285 ], [ 611955.0, 7645337.941999999806285 ], [ 611955.0, 7645367.941999999806285 ], [ 611925.0, 7645367.941999999806285 ], [ 611925.0, 7645397.941999999806285 ], [ 611895.0, 7645397.941999999806285 ], [ 611865.0, 7645397.941999999806285 ], [ 611835.0, 7645397.941999999806285 ], [ 611805.0, 7645427.941999999806285 ], [ 611775.0, 7645427.941999999806285 ], [ 611745.0, 7645427.941999999806285 ], [ 611715.0, 7645427.941999999806285 ], [ 611685.0, 7645427.941999999806285 ], [ 611655.0, 7645427.941999999806285 ], [ 611625.0, 7645427.941999999806285 ], [ 611625.0, 7645397.941999999806285 ], [ 611595.0, 7645367.941999999806285 ], [ 611565.0, 7645367.941999999806285 ], [ 611565.0, 7645337.941999999806285 ], [ 611535.0, 7645307.941999999806285 ], [ 611535.0, 7645277.941999999806285 ], [ 611505.0, 7645277.941999999806285 ], [ 611475.0, 7645277.941999999806285 ], [ 611445.0, 7645247.941999999806285 ], [ 611415.0, 7645247.941999999806285 ], [ 611385.0, 7645217.941999999806285 ], [ 611355.0, 7645217.941999999806285 ], [ 611355.0, 7645187.941999999806285 ], [ 611355.0, 7645157.941999999806285 ], [ 611385.0, 7645127.941999999806285 ], [ 611415.0, 7645127.941999999806285 ], [ 611445.0, 7645127.941999999806285 ], [ 611475.0, 7645127.941999999806285 ], [ 611505.0, 7645127.941999999806285 ], [ 611505.0, 7645097.941999999806285 ], [ 611535.0, 7645067.941999999806285 ], [ 611535.0, 7645037.941999999806285 ], [ 611565.0, 7645037.941999999806285 ], [ 611565.0, 7645007.941999999806285 ], [ 611565.0, 7644977.941999999806285 ], [ 611565.0, 7644947.941999999806285 ], [ 611595.0, 7644947.941999999806285 ], [ 611625.0, 7644947.941999999806285 ], [ 611655.0, 7644947.941999999806285 ], [ 611685.0, 7644947.941999999806285 ], [ 611715.0, 7644947.941999999806285 ], [ 611745.0, 7644947.941999999806285 ], [ 611745.0, 7644917.941999999806285 ], [ 611745.0, 7644887.941999999806285 ], [ 611775.0, 7644887.941999999806285 ], [ 611805.0, 7644887.941999999806285 ], [ 611835.0, 7644857.941999999806285 ], [ 611865.0, 7644857.941999999806285 ], [ 611865.0, 7644827.941999999806285 ], [ 611865.0, 7644797.941999999806285 ], [ 611865.0, 7644767.941999999806285 ], [ 611865.0, 7644737.941999999806285 ], [ 611865.0, 7644707.941999999806285 ], [ 611865.0, 7644677.941999999806285 ], [ 611865.0, 7644647.941999999806285 ], [ 611835.0, 7644647.941999999806285 ], [ 611805.0, 7644647.941999999806285 ], [ 611775.0, 7644647.941999999806285 ], [ 611745.0, 7644647.941999999806285 ], [ 611715.0, 7644647.941999999806285 ], [ 611685.0, 7644647.941999999806285 ], [ 611655.0, 7644647.941999999806285 ], [ 611625.0, 7644647.941999999806285 ], [ 611595.0, 7644647.941999999806285 ], [ 611565.0, 7644647.941999999806285 ], [ 611535.0, 7644647.941999999806285 ], [ 611505.0, 7644647.941999999806285 ], [ 611475.0, 7644677.941999999806285 ], [ 611445.0, 7644677.941999999806285 ], [ 611415.0, 7644677.941999999806285 ], [ 611385.0, 7644677.941999999806285 ], [ 611355.0, 7644677.941999999806285 ], [ 611325.0, 7644677.941999999806285 ], [ 611295.0, 7644677.941999999806285 ], [ 611265.0, 7644677.941999999806285 ], [ 611235.0, 7644677.941999999806285 ], [ 611175.0, 7644707.941999999806285 ], [ 611145.0, 7644707.941999999806285 ], [ 611085.0, 7644707.941999999806285 ], [ 611055.0, 7644707.941999999806285 ], [ 611025.0, 7644707.941999999806285 ], [ 610995.0, 7644707.941999999806285 ], [ 610965.0, 7644707.941999999806285 ], [ 610935.0, 7644707.941999999806285 ], [ 610905.0, 7644707.941999999806285 ], [ 610875.0, 7644707.941999999806285 ], [ 610845.0, 7644707.941999999806285 ], [ 610815.0, 7644707.941999999806285 ], [ 610785.0, 7644707.941999999806285 ], [ 610755.0, 7644707.941999999806285 ], [ 610725.0, 7644707.941999999806285 ], [ 610695.0, 7644707.941999999806285 ], [ 610665.0, 7644707.941999999806285 ], [ 610635.0, 7644707.941999999806285 ], [ 610605.0, 7644707.941999999806285 ], [ 610575.0, 7644707.941999999806285 ], [ 610545.0, 7644707.941999999806285 ], [ 610515.0, 7644707.941999999806285 ], [ 610485.0, 7644707.941999999806285 ], [ 610455.0, 7644707.941999999806285 ], [ 610425.0, 7644707.941999999806285 ], [ 610395.0, 7644707.941999999806285 ], [ 610365.0, 7644707.941999999806285 ], [ 610365.0, 7644677.941999999806285 ], [ 610335.0, 7644677.941999999806285 ], [ 610305.0, 7644647.941999999806285 ], [ 610305.0, 7644617.941999999806285 ], [ 610305.0, 7644587.941999999806285 ], [ 610305.0, 7644557.941999999806285 ], [ 610275.0, 7644527.941999999806285 ], [ 610245.0, 7644527.941999999806285 ], [ 610245.0, 7644497.941999999806285 ], [ 610215.0, 7644497.941999999806285 ], [ 610215.0, 7644467.941999999806285 ], [ 610215.0, 7644437.941999999806285 ], [ 610215.0, 7644407.941999999806285 ], [ 610245.0, 7644407.941999999806285 ], [ 610275.0, 7644407.941999999806285 ], [ 610305.0, 7644437.941999999806285 ], [ 610305.0, 7644407.941999999806285 ], [ 610305.0, 7644377.941999999806285 ], [ 610305.0, 7644347.941999999806285 ], [ 610305.0, 7644317.941999999806285 ], [ 610305.0, 7644287.941999999806285 ], [ 610305.0, 7644257.941999999806285 ], [ 610305.0, 7644227.941999999806285 ], [ 610275.0, 7644227.941999999806285 ], [ 610275.0, 7644197.941999999806285 ], [ 610245.0, 7644197.941999999806285 ], [ 610245.0, 7644167.941999999806285 ], [ 610245.0, 7644137.941999999806285 ], [ 610245.0, 7644107.941999999806285 ], [ 610245.0, 7644077.941999999806285 ], [ 610245.0, 7644047.941999999806285 ], [ 610275.0, 7644047.941999999806285 ], [ 610305.0, 7644047.941999999806285 ], [ 610335.0, 7644047.941999999806285 ], [ 610335.0, 7644017.941999999806285 ], [ 610335.0, 7643987.941999999806285 ], [ 610365.0, 7643957.941999999806285 ], [ 610395.0, 7643957.941999999806285 ], [ 610425.0, 7643927.941999999806285 ], [ 610485.0, 7643897.941999999806285 ], [ 610515.0, 7643897.941999999806285 ], [ 610515.0, 7643867.941999999806285 ], [ 610515.0, 7643837.941999999806285 ], [ 610515.0, 7643807.941999999806285 ], [ 610515.0, 7643777.941999999806285 ], [ 610515.0, 7643747.941999999806285 ], [ 610515.0, 7643717.941999999806285 ], [ 610485.0, 7643717.941999999806285 ], [ 610485.0, 7643687.941999999806285 ], [ 610485.0, 7643657.941999999806285 ], [ 610485.0, 7643627.941999999806285 ], [ 610455.0, 7643627.941999999806285 ], [ 610455.0, 7643597.941999999806285 ], [ 610425.0, 7643597.941999999806285 ], [ 610395.0, 7643597.941999999806285 ], [ 610395.0, 7643567.941999999806285 ], [ 610365.0, 7643567.941999999806285 ], [ 610335.0, 7643567.941999999806285 ], [ 610335.0, 7643537.941999999806285 ], [ 610335.0, 7643507.941999999806285 ], [ 610335.0, 7643477.941999999806285 ], [ 610335.0, 7643447.941999999806285 ], [ 610335.0, 7643417.941999999806285 ], [ 610335.0, 7643387.941999999806285 ], [ 610335.0, 7643357.941999999806285 ], [ 610335.0, 7643327.941999999806285 ], [ 610335.0, 7643297.941999999806285 ], [ 610335.0, 7643267.941999999806285 ], [ 610305.0, 7643267.941999999806285 ], [ 610305.0, 7643237.941999999806285 ], [ 610305.0, 7643207.941999999806285 ], [ 610305.0, 7643177.941999999806285 ], [ 610275.0, 7643177.941999999806285 ], [ 610275.0, 7643147.941999999806285 ], [ 610245.0, 7643147.941999999806285 ], [ 610215.0, 7643147.941999999806285 ], [ 610215.0, 7643117.941999999806285 ], [ 610185.0, 7643117.941999999806285 ], [ 610185.0, 7643087.941999999806285 ], [ 610215.0, 7643087.941999999806285 ], [ 610245.0, 7643087.941999999806285 ], [ 610275.0, 7643087.941999999806285 ], [ 610275.0, 7643057.941999999806285 ], [ 610305.0, 7643057.941999999806285 ], [ 610305.0, 7643027.941999999806285 ], [ 610305.0, 7642997.941999999806285 ], [ 610305.0, 7642967.941999999806285 ], [ 610305.0, 7642937.941999999806285 ], [ 610305.0, 7642907.941999999806285 ], [ 610305.0, 7642877.941999999806285 ], [ 610275.0, 7642847.941999999806285 ], [ 610245.0, 7642847.941999999806285 ], [ 610215.0, 7642847.941999999806285 ], [ 610185.0, 7642847.941999999806285 ], [ 610155.0, 7642847.941999999806285 ], [ 610125.0, 7642847.941999999806285 ], [ 610095.0, 7642847.941999999806285 ], [ 610065.0, 7642847.941999999806285 ], [ 610035.0, 7642847.941999999806285 ], [ 610005.0, 7642847.941999999806285 ], [ 609975.0, 7642847.941999999806285 ], [ 609945.0, 7642847.941999999806285 ], [ 609915.0, 7642847.941999999806285 ], [ 609885.0, 7642847.941999999806285 ], [ 609885.0, 7642877.941999999806285 ], [ 609855.0, 7642877.941999999806285 ], [ 609825.0, 7642877.941999999806285 ], [ 609795.0, 7642877.941999999806285 ], [ 609765.0, 7642877.941999999806285 ], [ 609735.0, 7642877.941999999806285 ], [ 609675.0, 7642877.941999999806285 ], [ 609675.0, 7642907.941999999806285 ], [ 609645.0, 7642907.941999999806285 ], [ 609615.0, 7642937.941999999806285 ], [ 609585.0, 7642937.941999999806285 ], [ 609585.0, 7642967.941999999806285 ], [ 609555.0, 7642967.941999999806285 ], [ 609525.0, 7642967.941999999806285 ], [ 609525.0, 7642997.941999999806285 ], [ 609495.0, 7642997.941999999806285 ], [ 609465.0, 7643027.941999999806285 ], [ 609435.0, 7643027.941999999806285 ], [ 609435.0, 7643057.941999999806285 ], [ 609405.0, 7643087.941999999806285 ], [ 609405.0, 7643117.941999999806285 ], [ 609375.0, 7643117.941999999806285 ], [ 609345.0, 7643147.941999999806285 ], [ 609345.0, 7643177.941999999806285 ], [ 609315.0, 7643177.941999999806285 ], [ 609285.0, 7643207.941999999806285 ], [ 609255.0, 7643207.941999999806285 ], [ 609255.0, 7643237.941999999806285 ], [ 609225.0, 7643237.941999999806285 ], [ 609195.0, 7643237.941999999806285 ], [ 609195.0, 7643267.941999999806285 ], [ 609165.0, 7643267.941999999806285 ], [ 609135.0, 7643267.941999999806285 ], [ 609105.0, 7643267.941999999806285 ], [ 609105.0, 7643297.941999999806285 ], [ 609075.0, 7643297.941999999806285 ], [ 609045.0, 7643297.941999999806285 ], [ 609015.0, 7643297.941999999806285 ], [ 608955.0, 7643297.941999999806285 ], [ 608925.0, 7643297.941999999806285 ], [ 608895.0, 7643297.941999999806285 ], [ 608865.0, 7643297.941999999806285 ], [ 608835.0, 7643297.941999999806285 ], [ 608805.0, 7643267.941999999806285 ], [ 608775.0, 7643267.941999999806285 ], [ 608775.0, 7643237.941999999806285 ], [ 608745.0, 7643237.941999999806285 ], [ 608715.0, 7643237.941999999806285 ], [ 608715.0, 7643207.941999999806285 ], [ 608685.0, 7643207.941999999806285 ], [ 608655.0, 7643207.941999999806285 ], [ 608655.0, 7643177.941999999806285 ], [ 608625.0, 7643177.941999999806285 ], [ 608595.0, 7643177.941999999806285 ], [ 608565.0, 7643177.941999999806285 ], [ 608535.0, 7643177.941999999806285 ], [ 608505.0, 7643177.941999999806285 ], [ 608475.0, 7643177.941999999806285 ], [ 608445.0, 7643177.941999999806285 ], [ 608415.0, 7643177.941999999806285 ], [ 608385.0, 7643177.941999999806285 ], [ 608355.0, 7643177.941999999806285 ], [ 608325.0, 7643177.941999999806285 ], [ 608295.0, 7643177.941999999806285 ], [ 608235.0, 7643177.941999999806285 ], [ 608205.0, 7643177.941999999806285 ], [ 608175.0, 7643177.941999999806285 ], [ 608145.0, 7643177.941999999806285 ], [ 608115.0, 7643177.941999999806285 ], [ 608085.0, 7643177.941999999806285 ], [ 608055.0, 7643177.941999999806285 ], [ 608025.0, 7643207.941999999806285 ], [ 607995.0, 7643207.941999999806285 ], [ 607965.0, 7643207.941999999806285 ], [ 607905.0, 7643207.941999999806285 ], [ 607875.0, 7643237.941999999806285 ], [ 607845.0, 7643237.941999999806285 ], [ 607815.0, 7643237.941999999806285 ], [ 607785.0, 7643267.941999999806285 ], [ 607755.0, 7643267.941999999806285 ], [ 607725.0, 7643267.941999999806285 ], [ 607725.0, 7643297.941999999806285 ], [ 607695.0, 7643297.941999999806285 ], [ 607665.0, 7643297.941999999806285 ], [ 607635.0, 7643297.941999999806285 ], [ 607635.0, 7643327.941999999806285 ], [ 607605.0, 7643327.941999999806285 ], [ 607575.0, 7643387.941999999806285 ], [ 607545.0, 7643387.941999999806285 ], [ 607545.0, 7643447.941999999806285 ], [ 607515.0, 7643447.941999999806285 ], [ 607485.0, 7643447.941999999806285 ], [ 607485.0, 7643477.941999999806285 ], [ 607455.0, 7643477.941999999806285 ], [ 607455.0, 7643507.941999999806285 ], [ 607425.0, 7643507.941999999806285 ], [ 607425.0, 7643537.941999999806285 ], [ 607425.0, 7643567.941999999806285 ], [ 607395.0, 7643567.941999999806285 ], [ 607395.0, 7643597.941999999806285 ], [ 607395.0, 7643627.941999999806285 ], [ 607365.0, 7643627.941999999806285 ], [ 607365.0, 7643657.941999999806285 ], [ 607335.0, 7643657.941999999806285 ], [ 607335.0, 7643687.941999999806285 ], [ 607305.0, 7643687.941999999806285 ], [ 607275.0, 7643717.941999999806285 ], [ 607275.0, 7643747.941999999806285 ], [ 607245.0, 7643747.941999999806285 ], [ 607215.0, 7643777.941999999806285 ], [ 607215.0, 7643807.941999999806285 ], [ 607215.0, 7643837.941999999806285 ], [ 607185.0, 7643867.941999999806285 ], [ 607185.0, 7643897.941999999806285 ], [ 607185.0, 7643927.941999999806285 ], [ 607185.0, 7643957.941999999806285 ], [ 607185.0, 7643987.941999999806285 ], [ 607155.0, 7643987.941999999806285 ], [ 607125.0, 7643987.941999999806285 ], [ 607125.0, 7644017.941999999806285 ], [ 607095.0, 7644017.941999999806285 ], [ 607095.0, 7644047.941999999806285 ], [ 607065.0, 7644077.941999999806285 ], [ 607035.0, 7644077.941999999806285 ], [ 607035.0, 7644107.941999999806285 ], [ 607005.0, 7644137.941999999806285 ], [ 606975.0, 7644167.941999999806285 ], [ 606975.0, 7644197.941999999806285 ], [ 606945.0, 7644197.941999999806285 ], [ 606945.0, 7644227.941999999806285 ], [ 606945.0, 7644257.941999999806285 ], [ 606975.0, 7644257.941999999806285 ], [ 606975.0, 7644287.941999999806285 ], [ 606975.0, 7644317.941999999806285 ], [ 607005.0, 7644317.941999999806285 ], [ 607035.0, 7644347.941999999806285 ], [ 607035.0, 7644377.941999999806285 ], [ 607065.0, 7644377.941999999806285 ], [ 607065.0, 7644407.941999999806285 ], [ 607095.0, 7644407.941999999806285 ], [ 607095.0, 7644437.941999999806285 ], [ 607125.0, 7644467.941999999806285 ], [ 607125.0, 7644497.941999999806285 ], [ 607125.0, 7644527.941999999806285 ], [ 607155.0, 7644557.941999999806285 ], [ 607155.0, 7644587.941999999806285 ], [ 607155.0, 7644617.941999999806285 ], [ 607155.0, 7644647.941999999806285 ], [ 607185.0, 7644677.941999999806285 ], [ 607185.0, 7644707.941999999806285 ], [ 607185.0, 7644737.941999999806285 ], [ 607185.0, 7644767.941999999806285 ], [ 607185.0, 7644797.941999999806285 ], [ 607185.0, 7644827.941999999806285 ], [ 607185.0, 7644857.941999999806285 ], [ 607185.0, 7644887.941999999806285 ], [ 607155.0, 7644887.941999999806285 ], [ 607155.0, 7644917.941999999806285 ], [ 607155.0, 7644947.941999999806285 ], [ 607155.0, 7644977.941999999806285 ], [ 607155.0, 7645007.941999999806285 ], [ 607125.0, 7645007.941999999806285 ], [ 607095.0, 7645007.941999999806285 ], [ 607095.0, 7645037.941999999806285 ], [ 607065.0, 7645037.941999999806285 ], [ 607065.0, 7645067.941999999806285 ], [ 607035.0, 7645067.941999999806285 ], [ 607005.0, 7645067.941999999806285 ], [ 607005.0, 7645097.941999999806285 ], [ 606975.0, 7645097.941999999806285 ], [ 606975.0, 7645127.941999999806285 ], [ 606975.0, 7645157.941999999806285 ], [ 607005.0, 7645187.941999999806285 ], [ 607005.0, 7645217.941999999806285 ], [ 607005.0, 7645247.941999999806285 ], [ 607035.0, 7645247.941999999806285 ], [ 607065.0, 7645247.941999999806285 ], [ 607095.0, 7645247.941999999806285 ], [ 607095.0, 7645217.941999999806285 ], [ 607125.0, 7645247.941999999806285 ], [ 607155.0, 7645247.941999999806285 ], [ 607185.0, 7645217.941999999806285 ], [ 607215.0, 7645217.941999999806285 ], [ 607245.0, 7645217.941999999806285 ], [ 607275.0, 7645217.941999999806285 ], [ 607305.0, 7645217.941999999806285 ], [ 607335.0, 7645217.941999999806285 ], [ 607365.0, 7645217.941999999806285 ], [ 607395.0, 7645217.941999999806285 ], [ 607425.0, 7645217.941999999806285 ], [ 607455.0, 7645217.941999999806285 ], [ 607485.0, 7645217.941999999806285 ], [ 607485.0, 7645187.941999999806285 ], [ 607515.0, 7645187.941999999806285 ], [ 607545.0, 7645187.941999999806285 ], [ 607575.0, 7645187.941999999806285 ], [ 607605.0, 7645187.941999999806285 ], [ 607635.0, 7645187.941999999806285 ], [ 607665.0, 7645187.941999999806285 ], [ 607695.0, 7645187.941999999806285 ], [ 607725.0, 7645187.941999999806285 ], [ 607755.0, 7645187.941999999806285 ], [ 607785.0, 7645187.941999999806285 ], [ 607815.0, 7645187.941999999806285 ], [ 607845.0, 7645187.941999999806285 ], [ 607875.0, 7645187.941999999806285 ], [ 607905.0, 7645187.941999999806285 ], [ 607935.0, 7645187.941999999806285 ], [ 607965.0, 7645217.941999999806285 ], [ 607995.0, 7645217.941999999806285 ], [ 608025.0, 7645217.941999999806285 ], [ 608055.0, 7645217.941999999806285 ], [ 608085.0, 7645217.941999999806285 ], [ 608085.0, 7645247.941999999806285 ], [ 608115.0, 7645247.941999999806285 ], [ 608115.0, 7645277.941999999806285 ], [ 608145.0, 7645277.941999999806285 ], [ 608145.0, 7645307.941999999806285 ], [ 608175.0, 7645307.941999999806285 ], [ 608175.0, 7645337.941999999806285 ], [ 608205.0, 7645337.941999999806285 ], [ 608235.0, 7645337.941999999806285 ], [ 608265.0, 7645337.941999999806285 ], [ 608295.0, 7645337.941999999806285 ], [ 608325.0, 7645337.941999999806285 ], [ 608355.0, 7645337.941999999806285 ], [ 608415.0, 7645337.941999999806285 ], [ 608445.0, 7645337.941999999806285 ], [ 608445.0, 7645367.941999999806285 ], [ 608475.0, 7645367.941999999806285 ], [ 608505.0, 7645367.941999999806285 ], [ 608535.0, 7645367.941999999806285 ], [ 608565.0, 7645367.941999999806285 ], [ 608595.0, 7645367.941999999806285 ], [ 608625.0, 7645397.941999999806285 ], [ 608655.0, 7645397.941999999806285 ], [ 608685.0, 7645397.941999999806285 ], [ 608715.0, 7645397.941999999806285 ], [ 608745.0, 7645397.941999999806285 ], [ 608745.0, 7645427.941999999806285 ], [ 608745.0, 7645457.941999999806285 ], [ 608745.0, 7645487.941999999806285 ], [ 608745.0, 7645517.941999999806285 ], [ 608745.0, 7645547.941999999806285 ], [ 608745.0, 7645577.941999999806285 ], [ 608715.0, 7645577.941999999806285 ], [ 608715.0, 7645607.941999999806285 ], [ 608685.0, 7645607.941999999806285 ], [ 608685.0, 7645637.941999999806285 ], [ 608685.0, 7645667.941999999806285 ], [ 608655.0, 7645667.941999999806285 ], [ 608655.0, 7645697.941999999806285 ], [ 608655.0, 7645727.941999999806285 ], [ 608625.0, 7645727.941999999806285 ], [ 608625.0, 7645757.941999999806285 ], [ 608625.0, 7645787.941999999806285 ], [ 608565.0, 7645817.941999999806285 ], [ 608535.0, 7645847.941999999806285 ], [ 608535.0, 7645877.941999999806285 ], [ 608535.0, 7645907.941999999806285 ], [ 608535.0, 7645937.941999999806285 ], [ 608535.0, 7645967.941999999806285 ], [ 608535.0, 7645997.941999999806285 ], [ 608535.0, 7646027.941999999806285 ], [ 608535.0, 7646057.941999999806285 ], [ 608535.0, 7646087.941999999806285 ], [ 608535.0, 7646117.941999999806285 ], [ 608535.0, 7646147.941999999806285 ], [ 608535.0, 7646177.941999999806285 ], [ 608535.0, 7646207.941999999806285 ], [ 608535.0, 7646237.941999999806285 ], [ 608535.0, 7646267.941999999806285 ], [ 608535.0, 7646297.941999999806285 ], [ 608535.0, 7646327.941999999806285 ], [ 608535.0, 7646357.941999999806285 ], [ 608535.0, 7646387.941999999806285 ], [ 608535.0, 7646417.941999999806285 ], [ 608565.0, 7646447.941999999806285 ], [ 608565.0, 7646477.941999999806285 ], [ 608595.0, 7646477.941999999806285 ], [ 608595.0, 7646507.941999999806285 ], [ 608595.0, 7646537.941999999806285 ], [ 608625.0, 7646537.941999999806285 ], [ 608655.0, 7646537.941999999806285 ], [ 608655.0, 7646507.941999999806285 ], [ 608655.0, 7646477.941999999806285 ], [ 608625.0, 7646447.941999999806285 ], [ 608625.0, 7646417.941999999806285 ], [ 608625.0, 7646387.941999999806285 ], [ 608625.0, 7646357.941999999806285 ], [ 608655.0, 7646357.941999999806285 ], [ 608685.0, 7646357.941999999806285 ], [ 608685.0, 7646327.941999999806285 ], [ 608715.0, 7646327.941999999806285 ], [ 608715.0, 7646297.941999999806285 ], [ 608745.0, 7646297.941999999806285 ], [ 608775.0, 7646297.941999999806285 ], [ 608805.0, 7646297.941999999806285 ], [ 608805.0, 7646327.941999999806285 ], [ 608835.0, 7646327.941999999806285 ], [ 608865.0, 7646357.941999999806285 ], [ 608865.0, 7646387.941999999806285 ], [ 608895.0, 7646417.941999999806285 ], [ 608895.0, 7646447.941999999806285 ], [ 608925.0, 7646477.941999999806285 ], [ 608955.0, 7646507.941999999806285 ], [ 608955.0, 7646537.941999999806285 ], [ 609015.0, 7646567.941999999806285 ], [ 609015.0, 7646597.941999999806285 ], [ 609045.0, 7646627.941999999806285 ], [ 609075.0, 7646627.941999999806285 ], [ 609075.0, 7646657.941999999806285 ], [ 609075.0, 7646687.941999999806285 ], [ 609105.0, 7646687.941999999806285 ], [ 609135.0, 7646687.941999999806285 ], [ 609135.0, 7646717.941999999806285 ], [ 609135.0, 7646687.941999999806285 ], [ 609135.0, 7646627.941999999806285 ], [ 609135.0, 7646597.941999999806285 ], [ 609135.0, 7646567.941999999806285 ], [ 609135.0, 7646537.941999999806285 ], [ 609135.0, 7646507.941999999806285 ], [ 609135.0, 7646477.941999999806285 ], [ 609135.0, 7646447.941999999806285 ], [ 609135.0, 7646417.941999999806285 ], [ 609135.0, 7646387.941999999806285 ], [ 609135.0, 7646357.941999999806285 ], [ 609135.0, 7646327.941999999806285 ], [ 609135.0, 7646297.941999999806285 ], [ 609135.0, 7646267.941999999806285 ], [ 609135.0, 7646237.941999999806285 ], [ 609135.0, 7646207.941999999806285 ], [ 609135.0, 7646177.941999999806285 ], [ 609135.0, 7646147.941999999806285 ], [ 609135.0, 7646117.941999999806285 ], [ 609135.0, 7646087.941999999806285 ], [ 609135.0, 7646057.941999999806285 ], [ 609135.0, 7646027.941999999806285 ], [ 609165.0, 7646027.941999999806285 ], [ 609165.0, 7645997.941999999806285 ], [ 609165.0, 7645967.941999999806285 ], [ 609195.0, 7645967.941999999806285 ], [ 609195.0, 7645997.941999999806285 ], [ 609195.0, 7646027.941999999806285 ], [ 609195.0, 7646057.941999999806285 ], [ 609195.0, 7646087.941999999806285 ], [ 609195.0, 7646117.941999999806285 ], [ 609195.0, 7646147.941999999806285 ], [ 609225.0, 7646177.941999999806285 ], [ 609255.0, 7646177.941999999806285 ], [ 609255.0, 7646207.941999999806285 ], [ 609255.0, 7646237.941999999806285 ], [ 609285.0, 7646237.941999999806285 ], [ 609285.0, 7646267.941999999806285 ], [ 609285.0, 7646297.941999999806285 ], [ 609315.0, 7646297.941999999806285 ], [ 609345.0, 7646327.941999999806285 ], [ 609345.0, 7646357.941999999806285 ], [ 609375.0, 7646357.941999999806285 ], [ 609405.0, 7646387.941999999806285 ], [ 609435.0, 7646387.941999999806285 ], [ 609435.0, 7646417.941999999806285 ], [ 609435.0, 7646447.941999999806285 ], [ 609435.0, 7646477.941999999806285 ], [ 609435.0, 7646507.941999999806285 ], [ 609435.0, 7646537.941999999806285 ], [ 609435.0, 7646567.941999999806285 ], [ 609435.0, 7646597.941999999806285 ], [ 609435.0, 7646627.941999999806285 ], [ 609435.0, 7646657.941999999806285 ], [ 609435.0, 7646687.941999999806285 ], [ 609435.0, 7646717.941999999806285 ], [ 609405.0, 7646717.941999999806285 ], [ 609405.0, 7646747.941999999806285 ], [ 609375.0, 7646747.941999999806285 ], [ 609375.0, 7646777.941999999806285 ], [ 609345.0, 7646777.941999999806285 ], [ 609345.0, 7646807.941999999806285 ], [ 609345.0, 7646837.941999999806285 ], [ 609345.0, 7646867.941999999806285 ], [ 609315.0, 7646897.941999999806285 ], [ 609315.0, 7646927.941999999806285 ], [ 609315.0, 7646957.941999999806285 ], [ 609315.0, 7646987.941999999806285 ], [ 609345.0, 7646987.941999999806285 ], [ 609345.0, 7647017.941999999806285 ], [ 609375.0, 7647017.941999999806285 ], [ 609375.0, 7647047.941999999806285 ], [ 609405.0, 7647077.941999999806285 ], [ 609435.0, 7647077.941999999806285 ], [ 609435.0, 7647107.941999999806285 ], [ 609435.0, 7647137.941999999806285 ], [ 609435.0, 7647167.941999999806285 ], [ 609465.0, 7647197.941999999806285 ], [ 609465.0, 7647227.941999999806285 ], [ 609465.0, 7647257.941999999806285 ], [ 609465.0, 7647287.941999999806285 ], [ 609465.0, 7647317.941999999806285 ], [ 609465.0, 7647347.941999999806285 ], [ 609465.0, 7647377.941999999806285 ], [ 609465.0, 7647407.941999999806285 ], [ 609465.0, 7647437.941999999806285 ], [ 609465.0, 7647467.941999999806285 ], [ 609495.0, 7647467.941999999806285 ], [ 609495.0, 7647437.941999999806285 ], [ 609525.0, 7647437.941999999806285 ], [ 609555.0, 7647437.941999999806285 ], [ 609555.0, 7647407.941999999806285 ], [ 609585.0, 7647377.941999999806285 ], [ 609615.0, 7647377.941999999806285 ], [ 609645.0, 7647347.941999999806285 ], [ 609675.0, 7647317.941999999806285 ], [ 609705.0, 7647317.941999999806285 ], [ 609705.0, 7647287.941999999806285 ], [ 609735.0, 7647287.941999999806285 ], [ 609735.0, 7647257.941999999806285 ], [ 609735.0, 7647227.941999999806285 ], [ 609735.0, 7647197.941999999806285 ], [ 609735.0, 7647167.941999999806285 ], [ 609765.0, 7647137.941999999806285 ], [ 609795.0, 7647137.941999999806285 ], [ 609795.0, 7647107.941999999806285 ], [ 609795.0, 7647077.941999999806285 ], [ 609795.0, 7647047.941999999806285 ], [ 609795.0, 7646987.941999999806285 ], [ 609825.0, 7646987.941999999806285 ], [ 609855.0, 7646987.941999999806285 ], [ 609855.0, 7646957.941999999806285 ], [ 609885.0, 7646957.941999999806285 ], [ 609885.0, 7646927.941999999806285 ], [ 609885.0, 7646897.941999999806285 ], [ 609885.0, 7646867.941999999806285 ], [ 609885.0, 7646837.941999999806285 ], [ 609885.0, 7646807.941999999806285 ], [ 609885.0, 7646777.941999999806285 ], [ 609885.0, 7646747.941999999806285 ], [ 609885.0, 7646717.941999999806285 ], [ 609855.0, 7646717.941999999806285 ], [ 609855.0, 7646687.941999999806285 ], [ 609855.0, 7646657.941999999806285 ], [ 609855.0, 7646627.941999999806285 ], [ 609855.0, 7646597.941999999806285 ], [ 609855.0, 7646567.941999999806285 ], [ 609855.0, 7646537.941999999806285 ], [ 609855.0, 7646507.941999999806285 ], [ 609855.0, 7646477.941999999806285 ], [ 609855.0, 7646447.941999999806285 ], [ 609885.0, 7646447.941999999806285 ], [ 609885.0, 7646387.941999999806285 ], [ 609885.0, 7646357.941999999806285 ], [ 609915.0, 7646357.941999999806285 ], [ 609945.0, 7646357.941999999806285 ], [ 609975.0, 7646357.941999999806285 ], [ 610005.0, 7646357.941999999806285 ], [ 610035.0, 7646357.941999999806285 ], [ 610065.0, 7646357.941999999806285 ], [ 610095.0, 7646357.941999999806285 ], [ 610125.0, 7646357.941999999806285 ], [ 610155.0, 7646357.941999999806285 ], [ 610185.0, 7646327.941999999806285 ], [ 610215.0, 7646297.941999999806285 ], [ 610245.0, 7646297.941999999806285 ], [ 610275.0, 7646327.941999999806285 ], [ 610275.0, 7646357.941999999806285 ], [ 610305.0, 7646357.941999999806285 ], [ 610305.0, 7646387.941999999806285 ], [ 610305.0, 7646417.941999999806285 ], [ 610305.0, 7646447.941999999806285 ], [ 610305.0, 7646477.941999999806285 ], [ 610305.0, 7646507.941999999806285 ], [ 610305.0, 7646537.941999999806285 ], [ 610305.0, 7646567.941999999806285 ], [ 610335.0, 7646597.941999999806285 ], [ 610335.0, 7646627.941999999806285 ], [ 610335.0, 7646657.941999999806285 ], [ 610335.0, 7646687.941999999806285 ], [ 610335.0, 7646717.941999999806285 ], [ 610365.0, 7646717.941999999806285 ], [ 610395.0, 7646717.941999999806285 ], [ 610425.0, 7646717.941999999806285 ], [ 610455.0, 7646717.941999999806285 ], [ 610485.0, 7646717.941999999806285 ], [ 610515.0, 7646717.941999999806285 ], [ 610545.0, 7646717.941999999806285 ], [ 610575.0, 7646717.941999999806285 ], [ 610605.0, 7646717.941999999806285 ], [ 610635.0, 7646717.941999999806285 ], [ 610665.0, 7646717.941999999806285 ], [ 610695.0, 7646717.941999999806285 ], [ 610725.0, 7646717.941999999806285 ], [ 610755.0, 7646717.941999999806285 ], [ 610785.0, 7646717.941999999806285 ], [ 610815.0, 7646717.941999999806285 ], [ 610815.0, 7646747.941999999806285 ], [ 610845.0, 7646777.941999999806285 ], [ 610875.0, 7646807.941999999806285 ], [ 610905.0, 7646807.941999999806285 ], [ 610905.0, 7646837.941999999806285 ], [ 610935.0, 7646867.941999999806285 ], [ 610935.0, 7646897.941999999806285 ], [ 610965.0, 7646927.941999999806285 ], [ 610965.0, 7646957.941999999806285 ], [ 610995.0, 7646957.941999999806285 ], [ 610995.0, 7646987.941999999806285 ], [ 611025.0, 7646987.941999999806285 ], [ 611025.0, 7647017.941999999806285 ], [ 611025.0, 7647047.941999999806285 ], [ 611055.0, 7647047.941999999806285 ], [ 611085.0, 7647047.941999999806285 ], [ 611115.0, 7647047.941999999806285 ], [ 611115.0, 7647077.941999999806285 ], [ 611145.0, 7647107.941999999806285 ], [ 611175.0, 7647107.941999999806285 ], [ 611175.0, 7647137.941999999806285 ], [ 611205.0, 7647167.941999999806285 ], [ 611235.0, 7647167.941999999806285 ], [ 611265.0, 7647167.941999999806285 ], [ 611295.0, 7647167.941999999806285 ], [ 611325.0, 7647167.941999999806285 ], [ 611355.0, 7647167.941999999806285 ], [ 611385.0, 7647167.941999999806285 ], [ 611415.0, 7647167.941999999806285 ], [ 611445.0, 7647167.941999999806285 ], [ 611445.0, 7647197.941999999806285 ], [ 611475.0, 7647197.941999999806285 ], [ 611505.0, 7647197.941999999806285 ], [ 611535.0, 7647197.941999999806285 ], [ 611565.0, 7647197.941999999806285 ], [ 611595.0, 7647197.941999999806285 ], [ 611625.0, 7647197.941999999806285 ], [ 611655.0, 7647197.941999999806285 ], [ 611685.0, 7647197.941999999806285 ], [ 611715.0, 7647197.941999999806285 ], [ 611745.0, 7647197.941999999806285 ], [ 611745.0, 7647167.941999999806285 ], [ 611775.0, 7647167.941999999806285 ], [ 611775.0, 7647137.941999999806285 ], [ 611775.0, 7647107.941999999806285 ], [ 611805.0, 7647107.941999999806285 ], [ 611805.0, 7647077.941999999806285 ], [ 611805.0, 7647047.941999999806285 ], [ 611805.0, 7647077.941999999806285 ], [ 611805.0, 7647107.941999999806285 ], [ 611805.0, 7647137.941999999806285 ], [ 611805.0, 7647167.941999999806285 ], [ 611805.0, 7647197.941999999806285 ], [ 611805.0, 7647227.941999999806285 ], [ 611805.0, 7647257.941999999806285 ], [ 611805.0, 7647287.941999999806285 ], [ 611805.0, 7647317.941999999806285 ], [ 611775.0, 7647317.941999999806285 ], [ 611745.0, 7647317.941999999806285 ], [ 611745.0, 7647347.941999999806285 ], [ 611715.0, 7647377.941999999806285 ], [ 611685.0, 7647377.941999999806285 ], [ 611685.0, 7647407.941999999806285 ], [ 611655.0, 7647407.941999999806285 ], [ 611625.0, 7647407.941999999806285 ], [ 611595.0, 7647407.941999999806285 ], [ 611565.0, 7647407.941999999806285 ], [ 611565.0, 7647377.941999999806285 ], [ 611535.0, 7647377.941999999806285 ], [ 611505.0, 7647377.941999999806285 ], [ 611475.0, 7647377.941999999806285 ], [ 611445.0, 7647407.941999999806285 ], [ 611415.0, 7647437.941999999806285 ], [ 611415.0, 7647467.941999999806285 ], [ 611415.0, 7647497.941999999806285 ], [ 611385.0, 7647497.941999999806285 ], [ 611355.0, 7647497.941999999806285 ], [ 611355.0, 7647527.941999999806285 ], [ 611355.0, 7647557.941999999806285 ], [ 611325.0, 7647557.941999999806285 ], [ 611325.0, 7647587.941999999806285 ], [ 611325.0, 7647617.941999999806285 ], [ 611325.0, 7647647.941999999806285 ], [ 611325.0, 7647677.941999999806285 ], [ 611325.0, 7647707.941999999806285 ], [ 611325.0, 7647737.941999999806285 ], [ 611355.0, 7647737.941999999806285 ], [ 611385.0, 7647737.941999999806285 ], [ 611415.0, 7647737.941999999806285 ], [ 611445.0, 7647737.941999999806285 ], [ 611475.0, 7647737.941999999806285 ], [ 611505.0, 7647737.941999999806285 ], [ 611535.0, 7647767.941999999806285 ], [ 611565.0, 7647797.941999999806285 ], [ 611565.0, 7647827.941999999806285 ], [ 611565.0, 7647857.941999999806285 ], [ 611565.0, 7647887.941999999806285 ], [ 611565.0, 7647917.941999999806285 ], [ 611565.0, 7647947.941999999806285 ], [ 611565.0, 7647977.941999999806285 ], [ 611565.0, 7648007.941999999806285 ], [ 611565.0, 7648037.941999999806285 ], [ 611505.0, 7648037.941999999806285 ], [ 611505.0, 7648067.941999999806285 ], [ 611505.0, 7648097.941999999806285 ], [ 611505.0, 7648127.941999999806285 ], [ 611475.0, 7648127.941999999806285 ], [ 611475.0, 7648157.941999999806285 ], [ 611475.0, 7648187.941999999806285 ], [ 611445.0, 7648187.941999999806285 ], [ 611445.0, 7648217.941999999806285 ], [ 611415.0, 7648217.941999999806285 ], [ 611385.0, 7648217.941999999806285 ], [ 611415.0, 7648217.941999999806285 ], [ 611415.0, 7648247.941999999806285 ], [ 611445.0, 7648247.941999999806285 ], [ 611445.0, 7648277.941999999806285 ], [ 611475.0, 7648277.941999999806285 ], [ 611475.0, 7648307.941999999806285 ], [ 611505.0, 7648337.941999999806285 ], [ 611505.0, 7648367.941999999806285 ], [ 611535.0, 7648367.941999999806285 ], [ 611535.0, 7648397.941999999806285 ], [ 611565.0, 7648397.941999999806285 ], [ 611565.0, 7648427.941999999806285 ], [ 611565.0, 7648457.941999999806285 ], [ 611595.0, 7648457.941999999806285 ], [ 611625.0, 7648457.941999999806285 ], [ 611655.0, 7648427.941999999806285 ], [ 611685.0, 7648427.941999999806285 ], [ 611715.0, 7648427.941999999806285 ], [ 611745.0, 7648427.941999999806285 ], [ 611745.0, 7648397.941999999806285 ], [ 611745.0, 7648367.941999999806285 ], [ 611745.0, 7648337.941999999806285 ], [ 611745.0, 7648307.941999999806285 ], [ 611745.0, 7648277.941999999806285 ], [ 611745.0, 7648247.941999999806285 ], [ 611745.0, 7648217.941999999806285 ], [ 611745.0, 7648187.941999999806285 ], [ 611745.0, 7648157.941999999806285 ], [ 611745.0, 7648127.941999999806285 ], [ 611745.0, 7648097.941999999806285 ], [ 611745.0, 7648067.941999999806285 ], [ 611745.0, 7648037.941999999806285 ], [ 611745.0, 7648007.941999999806285 ], [ 611775.0, 7647977.941999999806285 ], [ 611775.0, 7647947.941999999806285 ], [ 611775.0, 7647917.941999999806285 ], [ 611775.0, 7647887.941999999806285 ], [ 611805.0, 7647857.941999999806285 ], [ 611805.0, 7647827.941999999806285 ], [ 611805.0, 7647797.941999999806285 ], [ 611805.0, 7647767.941999999806285 ], [ 611835.0, 7647737.941999999806285 ], [ 611835.0, 7647707.941999999806285 ], [ 611835.0, 7647677.941999999806285 ], [ 611865.0, 7647677.941999999806285 ], [ 611865.0, 7647647.941999999806285 ], [ 611895.0, 7647647.941999999806285 ], [ 611895.0, 7647617.941999999806285 ], [ 611925.0, 7647617.941999999806285 ], [ 611955.0, 7647617.941999999806285 ], [ 611985.0, 7647617.941999999806285 ], [ 612015.0, 7647617.941999999806285 ], [ 612015.0, 7647587.941999999806285 ], [ 612015.0, 7647557.941999999806285 ], [ 612045.0, 7647527.941999999806285 ], [ 612045.0, 7647497.941999999806285 ], [ 612015.0, 7647497.941999999806285 ], [ 612015.0, 7647467.941999999806285 ], [ 612015.0, 7647437.941999999806285 ], [ 612015.0, 7647407.941999999806285 ], [ 612015.0, 7647467.941999999806285 ], [ 612015.0, 7647437.941999999806285 ], [ 612045.0, 7647437.941999999806285 ], [ 612045.0, 7647407.941999999806285 ], [ 612075.0, 7647377.941999999806285 ], [ 612075.0, 7647347.941999999806285 ], [ 612105.0, 7647317.941999999806285 ], [ 612135.0, 7647317.941999999806285 ], [ 612165.0, 7647317.941999999806285 ], [ 612165.0, 7647287.941999999806285 ], [ 612195.0, 7647287.941999999806285 ], [ 612195.0, 7647257.941999999806285 ], [ 612225.0, 7647257.941999999806285 ], [ 612255.0, 7647257.941999999806285 ], [ 612255.0, 7647227.941999999806285 ], [ 612255.0, 7647197.941999999806285 ], [ 612285.0, 7647167.941999999806285 ], [ 612315.0, 7647137.941999999806285 ], [ 612315.0, 7647107.941999999806285 ], [ 612345.0, 7647107.941999999806285 ], [ 612375.0, 7647107.941999999806285 ], [ 612375.0, 7647137.941999999806285 ], [ 612375.0, 7647167.941999999806285 ], [ 612405.0, 7647197.941999999806285 ], [ 612405.0, 7647227.941999999806285 ], [ 612405.0, 7647257.941999999806285 ], [ 612405.0, 7647287.941999999806285 ], [ 612405.0, 7647317.941999999806285 ], [ 612435.0, 7647317.941999999806285 ], [ 612435.0, 7647347.941999999806285 ], [ 612435.0, 7647377.941999999806285 ], [ 612405.0, 7647377.941999999806285 ], [ 612405.0, 7647407.941999999806285 ], [ 612405.0, 7647437.941999999806285 ], [ 612405.0, 7647467.941999999806285 ], [ 612375.0, 7647467.941999999806285 ], [ 612375.0, 7647527.941999999806285 ], [ 612345.0, 7647557.941999999806285 ], [ 612345.0, 7647587.941999999806285 ], [ 612345.0, 7647617.941999999806285 ], [ 612315.0, 7647617.941999999806285 ], [ 612315.0, 7647647.941999999806285 ], [ 612315.0, 7647677.941999999806285 ], [ 612315.0, 7647707.941999999806285 ], [ 612315.0, 7647737.941999999806285 ], [ 612315.0, 7647767.941999999806285 ], [ 612315.0, 7647797.941999999806285 ], [ 612315.0, 7647827.941999999806285 ], [ 612315.0, 7647857.941999999806285 ], [ 612315.0, 7647887.941999999806285 ], [ 612315.0, 7647917.941999999806285 ], [ 612315.0, 7647947.941999999806285 ], [ 612315.0, 7647977.941999999806285 ], [ 612315.0, 7648037.941999999806285 ], [ 612315.0, 7648067.941999999806285 ], [ 612315.0, 7648097.941999999806285 ], [ 612285.0, 7648097.941999999806285 ], [ 612285.0, 7648127.941999999806285 ], [ 612285.0, 7648157.941999999806285 ], [ 612255.0, 7648157.941999999806285 ], [ 612255.0, 7648187.941999999806285 ], [ 612225.0, 7648187.941999999806285 ], [ 612195.0, 7648217.941999999806285 ], [ 612165.0, 7648247.941999999806285 ], [ 612165.0, 7648277.941999999806285 ], [ 612135.0, 7648277.941999999806285 ], [ 612135.0, 7648307.941999999806285 ], [ 612135.0, 7648337.941999999806285 ], [ 612105.0, 7648337.941999999806285 ], [ 612105.0, 7648367.941999999806285 ], [ 612075.0, 7648397.941999999806285 ], [ 612045.0, 7648397.941999999806285 ], [ 612045.0, 7648427.941999999806285 ], [ 612015.0, 7648427.941999999806285 ], [ 611985.0, 7648457.941999999806285 ], [ 611955.0, 7648487.941999999806285 ], [ 611955.0, 7648517.941999999806285 ], [ 611925.0, 7648517.941999999806285 ], [ 611925.0, 7648547.941999999806285 ], [ 611895.0, 7648547.941999999806285 ], [ 611895.0, 7648577.941999999806285 ], [ 611865.0, 7648577.941999999806285 ], [ 611865.0, 7648607.941999999806285 ], [ 611835.0, 7648637.941999999806285 ], [ 611805.0, 7648637.941999999806285 ], [ 611805.0, 7648697.941999999806285 ], [ 611775.0, 7648697.941999999806285 ], [ 611745.0, 7648727.941999999806285 ], [ 611745.0, 7648757.941999999806285 ], [ 611715.0, 7648757.941999999806285 ], [ 611715.0, 7648787.941999999806285 ], [ 611685.0, 7648787.941999999806285 ], [ 611655.0, 7648787.941999999806285 ], [ 611655.0, 7648817.941999999806285 ], [ 611625.0, 7648817.941999999806285 ], [ 611625.0, 7648847.941999999806285 ], [ 611595.0, 7648877.941999999806285 ], [ 611565.0, 7648937.941999999806285 ], [ 611535.0, 7648967.941999999806285 ], [ 611505.0, 7649027.941999999806285 ], [ 611475.0, 7649057.941999999806285 ], [ 611475.0, 7649087.941999999806285 ], [ 611475.0, 7649117.941999999806285 ], [ 611445.0, 7649117.941999999806285 ], [ 611415.0, 7649147.941999999806285 ], [ 611415.0, 7649177.941999999806285 ], [ 611385.0, 7649177.941999999806285 ], [ 611355.0, 7649207.941999999806285 ], [ 611355.0, 7649237.941999999806285 ], [ 611355.0, 7649267.941999999806285 ], [ 611355.0, 7649297.941999999806285 ], [ 611355.0, 7649327.941999999806285 ], [ 611325.0, 7649357.941999999806285 ], [ 611325.0, 7649387.941999999806285 ], [ 611325.0, 7649417.941999999806285 ], [ 611325.0, 7649447.941999999806285 ], [ 611325.0, 7649477.941999999806285 ], [ 611295.0, 7649507.941999999806285 ], [ 611295.0, 7649537.941999999806285 ], [ 611295.0, 7649567.941999999806285 ], [ 611295.0, 7649597.941999999806285 ], [ 611295.0, 7649627.941999999806285 ], [ 611295.0, 7649657.941999999806285 ], [ 611295.0, 7649687.941999999806285 ], [ 611265.0, 7649687.941999999806285 ], [ 611265.0, 7649717.941999999806285 ], [ 611235.0, 7649717.941999999806285 ], [ 611235.0, 7649747.941999999806285 ], [ 611205.0, 7649747.941999999806285 ], [ 611205.0, 7649777.941999999806285 ], [ 611205.0, 7649807.941999999806285 ], [ 611175.0, 7649807.941999999806285 ], [ 611145.0, 7649807.941999999806285 ], [ 611145.0, 7649837.941999999806285 ], [ 611115.0, 7649837.941999999806285 ], [ 611085.0, 7649867.941999999806285 ], [ 611055.0, 7649867.941999999806285 ], [ 611055.0, 7649897.941999999806285 ], [ 611025.0, 7649897.941999999806285 ], [ 610995.0, 7649897.941999999806285 ], [ 610995.0, 7649927.941999999806285 ], [ 610965.0, 7649927.941999999806285 ], [ 610935.0, 7649927.941999999806285 ], [ 610905.0, 7649927.941999999806285 ], [ 610875.0, 7649927.941999999806285 ], [ 610875.0, 7649957.941999999806285 ], [ 610845.0, 7649987.941999999806285 ], [ 610815.0, 7649987.941999999806285 ], [ 610815.0, 7650017.941999999806285 ], [ 610785.0, 7650047.941999999806285 ], [ 610755.0, 7650047.941999999806285 ], [ 610755.0, 7650077.941999999806285 ], [ 610725.0, 7650077.941999999806285 ], [ 610725.0, 7650107.941999999806285 ], [ 610695.0, 7650137.941999999806285 ], [ 610665.0, 7650137.941999999806285 ], [ 610635.0, 7650167.941999999806285 ], [ 610635.0, 7650197.941999999806285 ], [ 610605.0, 7650197.941999999806285 ], [ 610575.0, 7650227.941999999806285 ], [ 610575.0, 7650257.941999999806285 ], [ 610575.0, 7650287.941999999806285 ], [ 610545.0, 7650287.941999999806285 ], [ 610545.0, 7650317.941999999806285 ], [ 610515.0, 7650347.941999999806285 ], [ 610515.0, 7650377.941999999806285 ], [ 610515.0, 7650407.941999999806285 ], [ 610515.0, 7650437.941999999806285 ], [ 610485.0, 7650467.941999999806285 ], [ 610485.0, 7650497.941999999806285 ], [ 610485.0, 7650527.941999999806285 ], [ 610485.0, 7650557.941999999806285 ], [ 610485.0, 7650587.941999999806285 ], [ 610485.0, 7650617.941999999806285 ], [ 610485.0, 7650647.941999999806285 ], [ 610485.0, 7650677.941999999806285 ], [ 610485.0, 7650707.941999999806285 ], [ 610485.0, 7650737.941999999806285 ], [ 610515.0, 7650737.941999999806285 ], [ 610515.0, 7650767.941999999806285 ], [ 610515.0, 7650797.941999999806285 ], [ 610515.0, 7650827.941999999806285 ], [ 610515.0, 7650857.941999999806285 ], [ 610515.0, 7650887.941999999806285 ], [ 610515.0, 7650917.941999999806285 ], [ 610515.0, 7650947.941999999806285 ], [ 610515.0, 7650977.941999999806285 ], [ 610515.0, 7651007.941999999806285 ], [ 610515.0, 7651037.941999999806285 ], [ 610515.0, 7651067.941999999806285 ], [ 610515.0, 7651097.941999999806285 ], [ 610485.0, 7651097.941999999806285 ], [ 610485.0, 7651127.941999999806285 ], [ 610455.0, 7651127.941999999806285 ], [ 610455.0, 7651157.941999999806285 ], [ 610425.0, 7651157.941999999806285 ], [ 610425.0, 7651187.941999999806285 ], [ 610425.0, 7651217.941999999806285 ], [ 610395.0, 7651187.941999999806285 ], [ 610365.0, 7651187.941999999806285 ], [ 610365.0, 7651217.941999999806285 ], [ 610335.0, 7651217.941999999806285 ], [ 610335.0, 7651247.941999999806285 ], [ 610305.0, 7651247.941999999806285 ], [ 610275.0, 7651247.941999999806285 ], [ 610275.0, 7651277.941999999806285 ], [ 610275.0, 7651307.941999999806285 ], [ 610245.0, 7651307.941999999806285 ], [ 610215.0, 7651337.941999999806285 ], [ 610215.0, 7651367.941999999806285 ], [ 610185.0, 7651367.941999999806285 ], [ 610155.0, 7651397.941999999806285 ], [ 610155.0, 7651427.941999999806285 ], [ 610125.0, 7651427.941999999806285 ], [ 610125.0, 7651457.941999999806285 ], [ 610095.0, 7651457.941999999806285 ], [ 610065.0, 7651457.941999999806285 ], [ 610035.0, 7651487.941999999806285 ], [ 610005.0, 7651487.941999999806285 ], [ 609975.0, 7651487.941999999806285 ], [ 609945.0, 7651517.941999999806285 ], [ 609915.0, 7651517.941999999806285 ], [ 609885.0, 7651517.941999999806285 ], [ 609855.0, 7651517.941999999806285 ], [ 609825.0, 7651547.941999999806285 ], [ 609765.0, 7651547.941999999806285 ], [ 609735.0, 7651547.941999999806285 ], [ 609705.0, 7651547.941999999806285 ], [ 609675.0, 7651547.941999999806285 ], [ 609675.0, 7651577.941999999806285 ], [ 609645.0, 7651577.941999999806285 ], [ 609615.0, 7651577.941999999806285 ], [ 609585.0, 7651607.941999999806285 ], [ 609555.0, 7651607.941999999806285 ], [ 609555.0, 7651637.941999999806285 ], [ 609525.0, 7651667.941999999806285 ], [ 609495.0, 7651667.941999999806285 ], [ 609495.0, 7651697.941999999806285 ], [ 609465.0, 7651697.941999999806285 ], [ 609435.0, 7651697.941999999806285 ], [ 609405.0, 7651757.941999999806285 ], [ 609375.0, 7651787.941999999806285 ], [ 609345.0, 7651787.941999999806285 ], [ 609345.0, 7651817.941999999806285 ], [ 609345.0, 7651847.941999999806285 ], [ 609315.0, 7651847.941999999806285 ], [ 609315.0, 7651877.941999999806285 ], [ 609315.0, 7651907.941999999806285 ], [ 609285.0, 7651907.941999999806285 ], [ 609285.0, 7651937.941999999806285 ], [ 609255.0, 7651937.941999999806285 ], [ 609255.0, 7651997.941999999806285 ], [ 609225.0, 7651997.941999999806285 ], [ 609225.0, 7652027.941999999806285 ], [ 609225.0, 7652057.941999999806285 ], [ 609195.0, 7652087.941999999806285 ], [ 609195.0, 7652117.941999999806285 ], [ 609195.0, 7652147.941999999806285 ], [ 609195.0, 7652177.941999999806285 ], [ 609195.0, 7652207.941999999806285 ], [ 609225.0, 7652237.941999999806285 ], [ 609225.0, 7652267.941999999806285 ], [ 609255.0, 7652267.941999999806285 ], [ 609255.0, 7652297.941999999806285 ], [ 609285.0, 7652327.941999999806285 ], [ 609315.0, 7652357.941999999806285 ], [ 609315.0, 7652387.941999999806285 ], [ 609315.0, 7652417.941999999806285 ], [ 609345.0, 7652447.941999999806285 ], [ 609345.0, 7652477.941999999806285 ], [ 609375.0, 7652477.941999999806285 ], [ 609405.0, 7652477.941999999806285 ], [ 609405.0, 7652507.941999999806285 ], [ 609435.0, 7652507.941999999806285 ], [ 609435.0, 7652537.941999999806285 ], [ 609465.0, 7652537.941999999806285 ], [ 609495.0, 7652537.941999999806285 ], [ 609495.0, 7652567.941999999806285 ], [ 609525.0, 7652567.941999999806285 ], [ 609525.0, 7652597.941999999806285 ], [ 609555.0, 7652597.941999999806285 ], [ 609585.0, 7652597.941999999806285 ], [ 609585.0, 7652627.941999999806285 ], [ 609585.0, 7652657.941999999806285 ], [ 609585.0, 7652687.941999999806285 ], [ 609555.0, 7652687.941999999806285 ], [ 609525.0, 7652687.941999999806285 ], [ 609465.0, 7652687.941999999806285 ], [ 609435.0, 7652687.941999999806285 ], [ 609405.0, 7652687.941999999806285 ], [ 609375.0, 7652687.941999999806285 ], [ 609345.0, 7652687.941999999806285 ], [ 609285.0, 7652687.941999999806285 ], [ 609255.0, 7652687.941999999806285 ], [ 609195.0, 7652687.941999999806285 ], [ 609195.0, 7652657.941999999806285 ], [ 609165.0, 7652627.941999999806285 ], [ 609165.0, 7652597.941999999806285 ], [ 609135.0, 7652597.941999999806285 ], [ 609135.0, 7652567.941999999806285 ], [ 609105.0, 7652567.941999999806285 ], [ 609105.0, 7652537.941999999806285 ], [ 609105.0, 7652507.941999999806285 ], [ 609105.0, 7652477.941999999806285 ], [ 609075.0, 7652477.941999999806285 ], [ 609075.0, 7652447.941999999806285 ], [ 609045.0, 7652447.941999999806285 ], [ 609045.0, 7652417.941999999806285 ], [ 609045.0, 7652387.941999999806285 ], [ 609015.0, 7652387.941999999806285 ], [ 609015.0, 7652357.941999999806285 ], [ 608985.0, 7652357.941999999806285 ], [ 608955.0, 7652357.941999999806285 ], [ 608925.0, 7652357.941999999806285 ], [ 608925.0, 7652387.941999999806285 ], [ 608895.0, 7652387.941999999806285 ], [ 608865.0, 7652387.941999999806285 ], [ 608835.0, 7652387.941999999806285 ], [ 608835.0, 7652417.941999999806285 ], [ 608805.0, 7652417.941999999806285 ], [ 608805.0, 7652447.941999999806285 ], [ 608775.0, 7652447.941999999806285 ], [ 608745.0, 7652447.941999999806285 ], [ 608715.0, 7652447.941999999806285 ], [ 608685.0, 7652447.941999999806285 ], [ 608655.0, 7652447.941999999806285 ], [ 608625.0, 7652447.941999999806285 ], [ 608595.0, 7652447.941999999806285 ], [ 608565.0, 7652447.941999999806285 ], [ 608565.0, 7652417.941999999806285 ], [ 608535.0, 7652417.941999999806285 ], [ 608535.0, 7652387.941999999806285 ], [ 608505.0, 7652387.941999999806285 ], [ 608535.0, 7652387.941999999806285 ], [ 608535.0, 7652357.941999999806285 ], [ 608535.0, 7652327.941999999806285 ], [ 608535.0, 7652297.941999999806285 ], [ 608535.0, 7652267.941999999806285 ], [ 608535.0, 7652237.941999999806285 ], [ 608535.0, 7652207.941999999806285 ], [ 608505.0, 7652207.941999999806285 ], [ 608505.0, 7652177.941999999806285 ], [ 608475.0, 7652177.941999999806285 ], [ 608445.0, 7652147.941999999806285 ], [ 608415.0, 7652147.941999999806285 ], [ 608385.0, 7652147.941999999806285 ], [ 608355.0, 7652147.941999999806285 ], [ 608325.0, 7652147.941999999806285 ], [ 608295.0, 7652147.941999999806285 ], [ 608295.0, 7652177.941999999806285 ], [ 608265.0, 7652177.941999999806285 ], [ 608235.0, 7652177.941999999806285 ], [ 608205.0, 7652177.941999999806285 ], [ 608205.0, 7652147.941999999806285 ], [ 608205.0, 7652117.941999999806285 ], [ 608175.0, 7652117.941999999806285 ], [ 608175.0, 7652087.941999999806285 ], [ 608175.0, 7652057.941999999806285 ], [ 608175.0, 7652027.941999999806285 ], [ 608175.0, 7651997.941999999806285 ], [ 608175.0, 7651967.941999999806285 ], [ 608175.0, 7651937.941999999806285 ], [ 608175.0, 7651907.941999999806285 ], [ 608175.0, 7651877.941999999806285 ], [ 608175.0, 7651847.941999999806285 ], [ 608175.0, 7651817.941999999806285 ], [ 608175.0, 7651787.941999999806285 ], [ 608175.0, 7651757.941999999806285 ], [ 608145.0, 7651727.941999999806285 ], [ 608115.0, 7651697.941999999806285 ], [ 608085.0, 7651697.941999999806285 ], [ 608055.0, 7651697.941999999806285 ], [ 608025.0, 7651697.941999999806285 ], [ 607995.0, 7651697.941999999806285 ], [ 607965.0, 7651697.941999999806285 ], [ 607935.0, 7651697.941999999806285 ], [ 607905.0, 7651697.941999999806285 ], [ 607905.0, 7651667.941999999806285 ], [ 607875.0, 7651667.941999999806285 ], [ 607845.0, 7651667.941999999806285 ], [ 607815.0, 7651637.941999999806285 ], [ 607785.0, 7651607.941999999806285 ], [ 607755.0, 7651607.941999999806285 ], [ 607755.0, 7651577.941999999806285 ], [ 607725.0, 7651577.941999999806285 ], [ 607725.0, 7651547.941999999806285 ], [ 607695.0, 7651547.941999999806285 ], [ 607665.0, 7651547.941999999806285 ], [ 607665.0, 7651517.941999999806285 ], [ 607665.0, 7651487.941999999806285 ], [ 607665.0, 7651457.941999999806285 ], [ 607695.0, 7651457.941999999806285 ], [ 607695.0, 7651427.941999999806285 ], [ 607695.0, 7651397.941999999806285 ], [ 607725.0, 7651397.941999999806285 ], [ 607755.0, 7651397.941999999806285 ], [ 607785.0, 7651397.941999999806285 ], [ 607815.0, 7651397.941999999806285 ], [ 607845.0, 7651397.941999999806285 ], [ 607845.0, 7651367.941999999806285 ], [ 607845.0, 7651337.941999999806285 ], [ 607845.0, 7651307.941999999806285 ], [ 607875.0, 7651277.941999999806285 ], [ 607875.0, 7651247.941999999806285 ], [ 607875.0, 7651217.941999999806285 ], [ 607875.0, 7651187.941999999806285 ], [ 607875.0, 7651157.941999999806285 ], [ 607875.0, 7651127.941999999806285 ], [ 607875.0, 7651097.941999999806285 ], [ 607875.0, 7651067.941999999806285 ], [ 607875.0, 7651037.941999999806285 ], [ 607905.0, 7651037.941999999806285 ], [ 607935.0, 7651037.941999999806285 ], [ 607935.0, 7651007.941999999806285 ], [ 607965.0, 7651007.941999999806285 ], [ 607995.0, 7651037.941999999806285 ], [ 608025.0, 7651037.941999999806285 ], [ 608055.0, 7651037.941999999806285 ], [ 608085.0, 7651037.941999999806285 ], [ 608085.0, 7651067.941999999806285 ], [ 608115.0, 7651067.941999999806285 ], [ 608145.0, 7651067.941999999806285 ], [ 608175.0, 7651067.941999999806285 ], [ 608175.0, 7651097.941999999806285 ], [ 608205.0, 7651157.941999999806285 ], [ 608235.0, 7651157.941999999806285 ], [ 608235.0, 7651187.941999999806285 ], [ 608265.0, 7651187.941999999806285 ], [ 608295.0, 7651217.941999999806285 ], [ 608325.0, 7651217.941999999806285 ], [ 608325.0, 7651247.941999999806285 ], [ 608355.0, 7651247.941999999806285 ], [ 608385.0, 7651247.941999999806285 ], [ 608445.0, 7651247.941999999806285 ], [ 608445.0, 7651217.941999999806285 ], [ 608445.0, 7651247.941999999806285 ], [ 608475.0, 7651247.941999999806285 ], [ 608505.0, 7651247.941999999806285 ], [ 608505.0, 7651217.941999999806285 ], [ 608505.0, 7651187.941999999806285 ], [ 608505.0, 7651157.941999999806285 ], [ 608475.0, 7651127.941999999806285 ], [ 608475.0, 7651097.941999999806285 ], [ 608475.0, 7651067.941999999806285 ], [ 608475.0, 7651037.941999999806285 ], [ 608445.0, 7651037.941999999806285 ], [ 608445.0, 7651007.941999999806285 ], [ 608415.0, 7651007.941999999806285 ], [ 608415.0, 7650977.941999999806285 ], [ 608385.0, 7650977.941999999806285 ], [ 608385.0, 7650947.941999999806285 ], [ 608385.0, 7650917.941999999806285 ], [ 608355.0, 7650917.941999999806285 ], [ 608355.0, 7650887.941999999806285 ], [ 608355.0, 7650857.941999999806285 ], [ 608355.0, 7650827.941999999806285 ], [ 608325.0, 7650827.941999999806285 ], [ 608295.0, 7650827.941999999806285 ], [ 608295.0, 7650797.941999999806285 ], [ 608295.0, 7650767.941999999806285 ], [ 608265.0, 7650767.941999999806285 ], [ 608265.0, 7650737.941999999806285 ], [ 608235.0, 7650707.941999999806285 ], [ 608235.0, 7650677.941999999806285 ], [ 608235.0, 7650647.941999999806285 ], [ 608235.0, 7650617.941999999806285 ], [ 608235.0, 7650587.941999999806285 ], [ 608235.0, 7650557.941999999806285 ], [ 608235.0, 7650527.941999999806285 ], [ 608235.0, 7650497.941999999806285 ], [ 608235.0, 7650467.941999999806285 ], [ 608235.0, 7650437.941999999806285 ], [ 608235.0, 7650407.941999999806285 ], [ 608265.0, 7650407.941999999806285 ], [ 608265.0, 7650377.941999999806285 ], [ 608295.0, 7650377.941999999806285 ], [ 608295.0, 7650347.941999999806285 ], [ 608295.0, 7650317.941999999806285 ], [ 608295.0, 7650287.941999999806285 ], [ 608265.0, 7650287.941999999806285 ], [ 608265.0, 7650257.941999999806285 ], [ 608235.0, 7650257.941999999806285 ], [ 608205.0, 7650257.941999999806285 ], [ 608175.0, 7650257.941999999806285 ], [ 608145.0, 7650257.941999999806285 ], [ 608145.0, 7650227.941999999806285 ], [ 608115.0, 7650227.941999999806285 ], [ 608055.0, 7650227.941999999806285 ], [ 608025.0, 7650197.941999999806285 ], [ 607995.0, 7650197.941999999806285 ], [ 607965.0, 7650167.941999999806285 ], [ 607935.0, 7650167.941999999806285 ], [ 607935.0, 7650137.941999999806285 ], [ 607875.0, 7650137.941999999806285 ], [ 607845.0, 7650137.941999999806285 ], [ 607815.0, 7650137.941999999806285 ], [ 607785.0, 7650137.941999999806285 ], [ 607755.0, 7650137.941999999806285 ], [ 607725.0, 7650137.941999999806285 ], [ 607725.0, 7650107.941999999806285 ], [ 607725.0, 7650077.941999999806285 ], [ 607755.0, 7650077.941999999806285 ], [ 607755.0, 7650047.941999999806285 ], [ 607755.0, 7650077.941999999806285 ], [ 607785.0, 7650077.941999999806285 ], [ 607785.0, 7650047.941999999806285 ], [ 607755.0, 7650047.941999999806285 ], [ 607725.0, 7650047.941999999806285 ], [ 607695.0, 7650047.941999999806285 ], [ 607665.0, 7650047.941999999806285 ], [ 607635.0, 7650047.941999999806285 ], [ 607605.0, 7650047.941999999806285 ], [ 607605.0, 7650077.941999999806285 ], [ 607575.0, 7650077.941999999806285 ], [ 607545.0, 7650077.941999999806285 ], [ 607515.0, 7650107.941999999806285 ], [ 607485.0, 7650107.941999999806285 ], [ 607485.0, 7650137.941999999806285 ], [ 607455.0, 7650167.941999999806285 ], [ 607455.0, 7650197.941999999806285 ], [ 607455.0, 7650227.941999999806285 ], [ 607455.0, 7650257.941999999806285 ], [ 607425.0, 7650257.941999999806285 ], [ 607425.0, 7650287.941999999806285 ], [ 607425.0, 7650317.941999999806285 ], [ 607395.0, 7650317.941999999806285 ], [ 607365.0, 7650317.941999999806285 ], [ 607335.0, 7650317.941999999806285 ], [ 607305.0, 7650317.941999999806285 ], [ 607275.0, 7650317.941999999806285 ], [ 607245.0, 7650317.941999999806285 ], [ 607215.0, 7650317.941999999806285 ], [ 607185.0, 7650317.941999999806285 ], [ 607185.0, 7650347.941999999806285 ], [ 607155.0, 7650347.941999999806285 ], [ 607125.0, 7650347.941999999806285 ], [ 607095.0, 7650347.941999999806285 ], [ 607095.0, 7650377.941999999806285 ], [ 607065.0, 7650377.941999999806285 ], [ 607035.0, 7650377.941999999806285 ], [ 607035.0, 7650407.941999999806285 ], [ 607005.0, 7650407.941999999806285 ], [ 606975.0, 7650407.941999999806285 ], [ 606975.0, 7650437.941999999806285 ], [ 606945.0, 7650437.941999999806285 ], [ 606915.0, 7650467.941999999806285 ], [ 606915.0, 7650497.941999999806285 ], [ 606885.0, 7650497.941999999806285 ], [ 606855.0, 7650497.941999999806285 ], [ 606855.0, 7650527.941999999806285 ], [ 606855.0, 7650557.941999999806285 ], [ 606795.0, 7650527.941999999806285 ], [ 606795.0, 7650497.941999999806285 ], [ 606765.0, 7650497.941999999806285 ], [ 606765.0, 7650467.941999999806285 ], [ 606765.0, 7650437.941999999806285 ], [ 606765.0, 7650407.941999999806285 ], [ 606765.0, 7650377.941999999806285 ], [ 606795.0, 7650377.941999999806285 ], [ 606825.0, 7650377.941999999806285 ], [ 606855.0, 7650377.941999999806285 ], [ 606885.0, 7650377.941999999806285 ], [ 606885.0, 7650347.941999999806285 ], [ 606885.0, 7650317.941999999806285 ], [ 606885.0, 7650287.941999999806285 ], [ 606885.0, 7650257.941999999806285 ], [ 606885.0, 7650227.941999999806285 ], [ 606885.0, 7650197.941999999806285 ], [ 606855.0, 7650197.941999999806285 ], [ 606855.0, 7650167.941999999806285 ], [ 606885.0, 7650167.941999999806285 ], [ 606885.0, 7650137.941999999806285 ], [ 606885.0, 7650107.941999999806285 ], [ 606885.0, 7650077.941999999806285 ], [ 606885.0, 7650047.941999999806285 ], [ 606855.0, 7650047.941999999806285 ], [ 606825.0, 7650017.941999999806285 ], [ 606825.0, 7649987.941999999806285 ], [ 606795.0, 7649987.941999999806285 ], [ 606765.0, 7649987.941999999806285 ], [ 606735.0, 7649987.941999999806285 ], [ 606705.0, 7649987.941999999806285 ], [ 606705.0, 7649957.941999999806285 ], [ 606675.0, 7649957.941999999806285 ], [ 606645.0, 7649927.941999999806285 ], [ 606615.0, 7649927.941999999806285 ], [ 606615.0, 7649897.941999999806285 ], [ 606615.0, 7649867.941999999806285 ], [ 606585.0, 7649867.941999999806285 ], [ 606585.0, 7649837.941999999806285 ], [ 606585.0, 7649807.941999999806285 ], [ 606585.0, 7649777.941999999806285 ], [ 606585.0, 7649747.941999999806285 ], [ 606555.0, 7649747.941999999806285 ], [ 606555.0, 7649717.941999999806285 ], [ 606525.0, 7649717.941999999806285 ], [ 606495.0, 7649717.941999999806285 ], [ 606465.0, 7649717.941999999806285 ], [ 606435.0, 7649717.941999999806285 ], [ 606405.0, 7649717.941999999806285 ], [ 606375.0, 7649717.941999999806285 ], [ 606345.0, 7649717.941999999806285 ], [ 606315.0, 7649717.941999999806285 ], [ 606285.0, 7649717.941999999806285 ], [ 606255.0, 7649717.941999999806285 ], [ 606225.0, 7649717.941999999806285 ], [ 606195.0, 7649687.941999999806285 ], [ 606165.0, 7649687.941999999806285 ], [ 606135.0, 7649657.941999999806285 ], [ 606105.0, 7649627.941999999806285 ], [ 606075.0, 7649627.941999999806285 ], [ 606075.0, 7649597.941999999806285 ], [ 606045.0, 7649597.941999999806285 ], [ 606015.0, 7649567.941999999806285 ], [ 606015.0, 7649537.941999999806285 ], [ 605985.0, 7649537.941999999806285 ], [ 605955.0, 7649537.941999999806285 ], [ 605925.0, 7649537.941999999806285 ], [ 605895.0, 7649537.941999999806285 ], [ 605865.0, 7649537.941999999806285 ], [ 605835.0, 7649537.941999999806285 ], [ 605805.0, 7649537.941999999806285 ], [ 605775.0, 7649537.941999999806285 ], [ 605775.0, 7649507.941999999806285 ], [ 605745.0, 7649507.941999999806285 ], [ 605715.0, 7649477.941999999806285 ], [ 605685.0, 7649477.941999999806285 ], [ 605685.0, 7649447.941999999806285 ], [ 605655.0, 7649447.941999999806285 ], [ 605655.0, 7649417.941999999806285 ], [ 605625.0, 7649417.941999999806285 ], [ 605595.0, 7649417.941999999806285 ], [ 605565.0, 7649387.941999999806285 ], [ 605535.0, 7649357.941999999806285 ], [ 605535.0, 7649387.941999999806285 ], [ 605565.0, 7649387.941999999806285 ], [ 605595.0, 7649387.941999999806285 ], [ 605625.0, 7649387.941999999806285 ], [ 605625.0, 7649357.941999999806285 ], [ 605625.0, 7649327.941999999806285 ], [ 605595.0, 7649327.941999999806285 ], [ 605595.0, 7649297.941999999806285 ], [ 605565.0, 7649297.941999999806285 ], [ 605535.0, 7649297.941999999806285 ], [ 605505.0, 7649297.941999999806285 ], [ 605475.0, 7649297.941999999806285 ], [ 605445.0, 7649297.941999999806285 ], [ 605415.0, 7649297.941999999806285 ], [ 605385.0, 7649297.941999999806285 ], [ 605385.0, 7649327.941999999806285 ], [ 605385.0, 7649357.941999999806285 ], [ 605355.0, 7649357.941999999806285 ], [ 605325.0, 7649357.941999999806285 ], [ 605325.0, 7649387.941999999806285 ], [ 605325.0, 7649417.941999999806285 ], [ 605325.0, 7649447.941999999806285 ], [ 605325.0, 7649477.941999999806285 ], [ 605295.0, 7649477.941999999806285 ], [ 605265.0, 7649477.941999999806285 ], [ 605265.0, 7649507.941999999806285 ], [ 605235.0, 7649507.941999999806285 ], [ 605205.0, 7649507.941999999806285 ], [ 605205.0, 7649537.941999999806285 ], [ 605175.0, 7649537.941999999806285 ], [ 605145.0, 7649537.941999999806285 ], [ 605115.0, 7649537.941999999806285 ], [ 605115.0, 7649567.941999999806285 ], [ 605085.0, 7649567.941999999806285 ], [ 605055.0, 7649567.941999999806285 ], [ 605025.0, 7649567.941999999806285 ], [ 604965.0, 7649567.941999999806285 ], [ 604935.0, 7649567.941999999806285 ], [ 604905.0, 7649567.941999999806285 ], [ 604875.0, 7649567.941999999806285 ], [ 604845.0, 7649567.941999999806285 ], [ 604815.0, 7649567.941999999806285 ], [ 604785.0, 7649567.941999999806285 ], [ 604755.0, 7649567.941999999806285 ], [ 604725.0, 7649567.941999999806285 ], [ 604695.0, 7649537.941999999806285 ], [ 604665.0, 7649537.941999999806285 ], [ 604665.0, 7649507.941999999806285 ], [ 604635.0, 7649477.941999999806285 ], [ 604605.0, 7649477.941999999806285 ], [ 604575.0, 7649477.941999999806285 ], [ 604575.0, 7649447.941999999806285 ], [ 604545.0, 7649447.941999999806285 ], [ 604545.0, 7649417.941999999806285 ], [ 604575.0, 7649417.941999999806285 ], [ 604605.0, 7649417.941999999806285 ], [ 604635.0, 7649417.941999999806285 ], [ 604635.0, 7649387.941999999806285 ], [ 604635.0, 7649357.941999999806285 ], [ 604635.0, 7649297.941999999806285 ], [ 604635.0, 7649267.941999999806285 ], [ 604665.0, 7649267.941999999806285 ], [ 604695.0, 7649297.941999999806285 ], [ 604725.0, 7649297.941999999806285 ], [ 604755.0, 7649297.941999999806285 ], [ 604785.0, 7649297.941999999806285 ], [ 604785.0, 7649327.941999999806285 ], [ 604815.0, 7649327.941999999806285 ], [ 604845.0, 7649327.941999999806285 ], [ 604875.0, 7649327.941999999806285 ], [ 604905.0, 7649327.941999999806285 ], [ 604905.0, 7649267.941999999806285 ], [ 604905.0, 7649237.941999999806285 ], [ 604875.0, 7649237.941999999806285 ], [ 604875.0, 7649207.941999999806285 ], [ 604875.0, 7649177.941999999806285 ], [ 604875.0, 7649147.941999999806285 ], [ 604875.0, 7649117.941999999806285 ], [ 604875.0, 7649087.941999999806285 ], [ 604875.0, 7649057.941999999806285 ], [ 604845.0, 7649057.941999999806285 ], [ 604845.0, 7649027.941999999806285 ], [ 604875.0, 7649027.941999999806285 ], [ 604905.0, 7649027.941999999806285 ], [ 604905.0, 7648997.941999999806285 ], [ 604935.0, 7648997.941999999806285 ], [ 604935.0, 7648967.941999999806285 ], [ 604935.0, 7648937.941999999806285 ], [ 604935.0, 7648907.941999999806285 ], [ 604935.0, 7648877.941999999806285 ], [ 604935.0, 7648847.941999999806285 ], [ 604935.0, 7648817.941999999806285 ], [ 604905.0, 7648817.941999999806285 ], [ 604905.0, 7648787.941999999806285 ], [ 604905.0, 7648757.941999999806285 ], [ 604905.0, 7648727.941999999806285 ], [ 604875.0, 7648727.941999999806285 ], [ 604875.0, 7648697.941999999806285 ], [ 604875.0, 7648667.941999999806285 ], [ 604875.0, 7648637.941999999806285 ], [ 604875.0, 7648607.941999999806285 ], [ 604905.0, 7648577.941999999806285 ], [ 604905.0, 7648547.941999999806285 ], [ 604935.0, 7648547.941999999806285 ], [ 604935.0, 7648517.941999999806285 ], [ 604935.0, 7648487.941999999806285 ], [ 604905.0, 7648487.941999999806285 ], [ 604905.0, 7648457.941999999806285 ], [ 604905.0, 7648427.941999999806285 ], [ 604905.0, 7648397.941999999806285 ], [ 604905.0, 7648367.941999999806285 ], [ 604905.0, 7648337.941999999806285 ], [ 604935.0, 7648337.941999999806285 ], [ 604935.0, 7648307.941999999806285 ], [ 604935.0, 7648277.941999999806285 ], [ 604935.0, 7648247.941999999806285 ], [ 604935.0, 7648217.941999999806285 ], [ 604905.0, 7648217.941999999806285 ], [ 604905.0, 7648187.941999999806285 ], [ 604875.0, 7648187.941999999806285 ], [ 604845.0, 7648187.941999999806285 ], [ 604785.0, 7648157.941999999806285 ], [ 604755.0, 7648127.941999999806285 ], [ 604725.0, 7648127.941999999806285 ], [ 604695.0, 7648097.941999999806285 ], [ 604665.0, 7648097.941999999806285 ], [ 604635.0, 7648097.941999999806285 ], [ 604605.0, 7648097.941999999806285 ], [ 604575.0, 7648097.941999999806285 ], [ 604545.0, 7648097.941999999806285 ], [ 604515.0, 7648127.941999999806285 ], [ 604515.0, 7648157.941999999806285 ], [ 604485.0, 7648157.941999999806285 ], [ 604455.0, 7648157.941999999806285 ], [ 604455.0, 7648187.941999999806285 ], [ 604425.0, 7648217.941999999806285 ], [ 604425.0, 7648247.941999999806285 ], [ 604395.0, 7648247.941999999806285 ], [ 604395.0, 7648277.941999999806285 ], [ 604395.0, 7648307.941999999806285 ], [ 604395.0, 7648337.941999999806285 ], [ 604365.0, 7648337.941999999806285 ], [ 604335.0, 7648337.941999999806285 ], [ 604335.0, 7648367.941999999806285 ], [ 604305.0, 7648367.941999999806285 ], [ 604305.0, 7648397.941999999806285 ], [ 604275.0, 7648397.941999999806285 ], [ 604245.0, 7648397.941999999806285 ], [ 604245.0, 7648427.941999999806285 ], [ 604245.0, 7648457.941999999806285 ], [ 604245.0, 7648487.941999999806285 ], [ 604245.0, 7648517.941999999806285 ], [ 604215.0, 7648517.941999999806285 ], [ 604215.0, 7648547.941999999806285 ], [ 604185.0, 7648547.941999999806285 ], [ 604155.0, 7648547.941999999806285 ], [ 604155.0, 7648577.941999999806285 ], [ 604125.0, 7648577.941999999806285 ], [ 604095.0, 7648577.941999999806285 ], [ 604095.0, 7648547.941999999806285 ], [ 604065.0, 7648517.941999999806285 ], [ 604035.0, 7648517.941999999806285 ], [ 604035.0, 7648487.941999999806285 ], [ 604035.0, 7648457.941999999806285 ], [ 604005.0, 7648457.941999999806285 ], [ 603975.0, 7648457.941999999806285 ], [ 603945.0, 7648457.941999999806285 ], [ 603945.0, 7648427.941999999806285 ], [ 603915.0, 7648427.941999999806285 ], [ 603915.0, 7648397.941999999806285 ], [ 603885.0, 7648397.941999999806285 ], [ 603885.0, 7648367.941999999806285 ], [ 603855.0, 7648337.941999999806285 ], [ 603855.0, 7648307.941999999806285 ], [ 603825.0, 7648277.941999999806285 ], [ 603795.0, 7648277.941999999806285 ], [ 603795.0, 7648247.941999999806285 ], [ 603765.0, 7648247.941999999806285 ], [ 603765.0, 7648217.941999999806285 ], [ 603735.0, 7648217.941999999806285 ], [ 603705.0, 7648217.941999999806285 ], [ 603675.0, 7648217.941999999806285 ], [ 603645.0, 7648217.941999999806285 ], [ 603645.0, 7648247.941999999806285 ], [ 603615.0, 7648247.941999999806285 ], [ 603585.0, 7648247.941999999806285 ], [ 603555.0, 7648247.941999999806285 ], [ 603555.0, 7648277.941999999806285 ], [ 603525.0, 7648307.941999999806285 ], [ 603525.0, 7648337.941999999806285 ], [ 603495.0, 7648337.941999999806285 ], [ 603495.0, 7648367.941999999806285 ], [ 603465.0, 7648367.941999999806285 ], [ 603435.0, 7648367.941999999806285 ], [ 603405.0, 7648367.941999999806285 ], [ 603405.0, 7648337.941999999806285 ], [ 603375.0, 7648337.941999999806285 ], [ 603345.0, 7648307.941999999806285 ], [ 603345.0, 7648277.941999999806285 ], [ 603315.0, 7648247.941999999806285 ], [ 603285.0, 7648247.941999999806285 ], [ 603285.0, 7648217.941999999806285 ], [ 603255.0, 7648217.941999999806285 ], [ 603255.0, 7648187.941999999806285 ], [ 603255.0, 7648157.941999999806285 ], [ 603225.0, 7648157.941999999806285 ], [ 603195.0, 7648127.941999999806285 ], [ 603225.0, 7648127.941999999806285 ], [ 603225.0, 7648157.941999999806285 ], [ 603195.0, 7648157.941999999806285 ], [ 603165.0, 7648157.941999999806285 ], [ 603165.0, 7648127.941999999806285 ], [ 603135.0, 7648127.941999999806285 ], [ 603105.0, 7648097.941999999806285 ], [ 603075.0, 7648097.941999999806285 ], [ 603075.0, 7648067.941999999806285 ], [ 603045.0, 7648067.941999999806285 ], [ 603015.0, 7648067.941999999806285 ], [ 603015.0, 7648037.941999999806285 ], [ 602985.0, 7648037.941999999806285 ], [ 602955.0, 7648037.941999999806285 ], [ 602925.0, 7648007.941999999806285 ], [ 602895.0, 7648007.941999999806285 ], [ 602895.0, 7647977.941999999806285 ], [ 602895.0, 7647947.941999999806285 ], [ 602895.0, 7647917.941999999806285 ], [ 602895.0, 7647887.941999999806285 ], [ 602925.0, 7647887.941999999806285 ], [ 602955.0, 7647887.941999999806285 ], [ 602985.0, 7647887.941999999806285 ], [ 603015.0, 7647887.941999999806285 ], [ 603015.0, 7647857.941999999806285 ], [ 603015.0, 7647827.941999999806285 ], [ 602985.0, 7647827.941999999806285 ], [ 602985.0, 7647797.941999999806285 ], [ 603015.0, 7647797.941999999806285 ], [ 603015.0, 7647767.941999999806285 ], [ 603015.0, 7647737.941999999806285 ], [ 603015.0, 7647707.941999999806285 ], [ 603015.0, 7647677.941999999806285 ], [ 603015.0, 7647647.941999999806285 ], [ 603015.0, 7647617.941999999806285 ], [ 603045.0, 7647617.941999999806285 ], [ 603045.0, 7647587.941999999806285 ], [ 603045.0, 7647557.941999999806285 ], [ 603045.0, 7647527.941999999806285 ], [ 603045.0, 7647497.941999999806285 ], [ 603045.0, 7647467.941999999806285 ], [ 603045.0, 7647437.941999999806285 ], [ 603045.0, 7647407.941999999806285 ], [ 603045.0, 7647377.941999999806285 ], [ 603045.0, 7647347.941999999806285 ], [ 603045.0, 7647317.941999999806285 ], [ 603045.0, 7647287.941999999806285 ], [ 603045.0, 7647257.941999999806285 ], [ 603045.0, 7647227.941999999806285 ], [ 603045.0, 7647197.941999999806285 ], [ 603075.0, 7647197.941999999806285 ], [ 603105.0, 7647167.941999999806285 ], [ 603135.0, 7647167.941999999806285 ], [ 603135.0, 7647137.941999999806285 ], [ 603165.0, 7647137.941999999806285 ], [ 603165.0, 7647107.941999999806285 ], [ 603195.0, 7647077.941999999806285 ], [ 603195.0, 7647047.941999999806285 ], [ 603195.0, 7647017.941999999806285 ], [ 603195.0, 7646987.941999999806285 ], [ 603165.0, 7646987.941999999806285 ], [ 603165.0, 7646957.941999999806285 ], [ 603135.0, 7646957.941999999806285 ], [ 603135.0, 7646927.941999999806285 ], [ 603105.0, 7646927.941999999806285 ], [ 603075.0, 7646927.941999999806285 ], [ 603045.0, 7646927.941999999806285 ], [ 603045.0, 7646897.941999999806285 ], [ 603015.0, 7646897.941999999806285 ], [ 602985.0, 7646897.941999999806285 ], [ 602955.0, 7646897.941999999806285 ], [ 602925.0, 7646897.941999999806285 ], [ 602895.0, 7646867.941999999806285 ], [ 602865.0, 7646867.941999999806285 ], [ 602865.0, 7646837.941999999806285 ], [ 602835.0, 7646837.941999999806285 ], [ 602805.0, 7646837.941999999806285 ], [ 602805.0, 7646807.941999999806285 ], [ 602805.0, 7646777.941999999806285 ], [ 602805.0, 7646747.941999999806285 ], [ 602835.0, 7646747.941999999806285 ], [ 602865.0, 7646747.941999999806285 ], [ 602865.0, 7646717.941999999806285 ], [ 602865.0, 7646687.941999999806285 ], [ 602865.0, 7646657.941999999806285 ], [ 602865.0, 7646627.941999999806285 ], [ 602865.0, 7646597.941999999806285 ], [ 602865.0, 7646567.941999999806285 ], [ 602865.0, 7646507.941999999806285 ], [ 602865.0, 7646477.941999999806285 ], [ 602865.0, 7646447.941999999806285 ], [ 602865.0, 7646417.941999999806285 ], [ 602865.0, 7646387.941999999806285 ], [ 602895.0, 7646387.941999999806285 ], [ 602925.0, 7646417.941999999806285 ], [ 602955.0, 7646417.941999999806285 ], [ 602985.0, 7646417.941999999806285 ], [ 603015.0, 7646447.941999999806285 ], [ 603045.0, 7646447.941999999806285 ], [ 603075.0, 7646447.941999999806285 ], [ 603105.0, 7646477.941999999806285 ], [ 603135.0, 7646477.941999999806285 ], [ 603135.0, 7646447.941999999806285 ], [ 603165.0, 7646447.941999999806285 ], [ 603165.0, 7646417.941999999806285 ], [ 603165.0, 7646387.941999999806285 ], [ 603165.0, 7646357.941999999806285 ], [ 603165.0, 7646327.941999999806285 ], [ 603195.0, 7646327.941999999806285 ], [ 603195.0, 7646297.941999999806285 ], [ 603165.0, 7646297.941999999806285 ], [ 603165.0, 7646267.941999999806285 ], [ 603165.0, 7646237.941999999806285 ], [ 603165.0, 7646207.941999999806285 ], [ 603165.0, 7646177.941999999806285 ], [ 603165.0, 7646147.941999999806285 ], [ 603165.0, 7646117.941999999806285 ], [ 603165.0, 7646087.941999999806285 ], [ 603195.0, 7646057.941999999806285 ], [ 603195.0, 7646027.941999999806285 ], [ 603195.0, 7645997.941999999806285 ], [ 603225.0, 7645997.941999999806285 ], [ 603225.0, 7645967.941999999806285 ], [ 603225.0, 7645937.941999999806285 ], [ 603225.0, 7645907.941999999806285 ], [ 603255.0, 7645907.941999999806285 ], [ 603255.0, 7645877.941999999806285 ], [ 603285.0, 7645877.941999999806285 ], [ 603285.0, 7645847.941999999806285 ], [ 603285.0, 7645817.941999999806285 ], [ 603285.0, 7645847.941999999806285 ], [ 603315.0, 7645847.941999999806285 ], [ 603345.0, 7645847.941999999806285 ], [ 603375.0, 7645847.941999999806285 ], [ 603345.0, 7645847.941999999806285 ], [ 603375.0, 7645847.941999999806285 ], [ 603405.0, 7645847.941999999806285 ], [ 603435.0, 7645877.941999999806285 ], [ 603465.0, 7645877.941999999806285 ], [ 603495.0, 7645847.941999999806285 ], [ 603525.0, 7645847.941999999806285 ], [ 603525.0, 7645817.941999999806285 ], [ 603555.0, 7645817.941999999806285 ], [ 603585.0, 7645817.941999999806285 ], [ 603585.0, 7645787.941999999806285 ], [ 603615.0, 7645787.941999999806285 ], [ 603645.0, 7645757.941999999806285 ], [ 603675.0, 7645727.941999999806285 ], [ 603675.0, 7645697.941999999806285 ], [ 603675.0, 7645667.941999999806285 ], [ 603675.0, 7645637.941999999806285 ], [ 603645.0, 7645637.941999999806285 ], [ 603645.0, 7645607.941999999806285 ], [ 603645.0, 7645577.941999999806285 ], [ 603615.0, 7645547.941999999806285 ], [ 603585.0, 7645547.941999999806285 ], [ 603585.0, 7645517.941999999806285 ], [ 603555.0, 7645517.941999999806285 ], [ 603555.0, 7645487.941999999806285 ], [ 603525.0, 7645487.941999999806285 ], [ 603525.0, 7645457.941999999806285 ], [ 603555.0, 7645457.941999999806285 ], [ 603555.0, 7645427.941999999806285 ], [ 603555.0, 7645397.941999999806285 ], [ 603555.0, 7645367.941999999806285 ], [ 603555.0, 7645337.941999999806285 ], [ 603555.0, 7645307.941999999806285 ], [ 603555.0, 7645277.941999999806285 ], [ 603555.0, 7645247.941999999806285 ], [ 603555.0, 7645217.941999999806285 ], [ 603555.0, 7645187.941999999806285 ], [ 603555.0, 7645157.941999999806285 ], [ 603585.0, 7645127.941999999806285 ], [ 603585.0, 7645097.941999999806285 ], [ 603555.0, 7645097.941999999806285 ], [ 603555.0, 7645067.941999999806285 ], [ 603555.0, 7645037.941999999806285 ], [ 603555.0, 7645007.941999999806285 ], [ 603555.0, 7644977.941999999806285 ], [ 603555.0, 7644947.941999999806285 ], [ 603555.0, 7644917.941999999806285 ], [ 603555.0, 7644887.941999999806285 ], [ 603555.0, 7644857.941999999806285 ], [ 603555.0, 7644827.941999999806285 ], [ 603585.0, 7644797.941999999806285 ], [ 603585.0, 7644767.941999999806285 ], [ 603555.0, 7644767.941999999806285 ], [ 603525.0, 7644767.941999999806285 ], [ 603525.0, 7644737.941999999806285 ], [ 603495.0, 7644737.941999999806285 ], [ 603465.0, 7644707.941999999806285 ], [ 603435.0, 7644707.941999999806285 ], [ 603435.0, 7644677.941999999806285 ], [ 603405.0, 7644677.941999999806285 ], [ 603405.0, 7644647.941999999806285 ], [ 603405.0, 7644617.941999999806285 ], [ 603405.0, 7644587.941999999806285 ], [ 603405.0, 7644557.941999999806285 ], [ 603405.0, 7644527.941999999806285 ], [ 603405.0, 7644497.941999999806285 ], [ 603405.0, 7644467.941999999806285 ], [ 603375.0, 7644467.941999999806285 ], [ 603345.0, 7644467.941999999806285 ], [ 603345.0, 7644497.941999999806285 ], [ 603375.0, 7644467.941999999806285 ], [ 603375.0, 7644437.941999999806285 ], [ 603405.0, 7644437.941999999806285 ], [ 603405.0, 7644407.941999999806285 ], [ 603435.0, 7644377.941999999806285 ], [ 603405.0, 7644377.941999999806285 ], [ 603405.0, 7644347.941999999806285 ], [ 603405.0, 7644317.941999999806285 ], [ 603405.0, 7644287.941999999806285 ], [ 603405.0, 7644257.941999999806285 ], [ 603405.0, 7644227.941999999806285 ], [ 603375.0, 7644197.941999999806285 ], [ 603375.0, 7644167.941999999806285 ], [ 603375.0, 7644137.941999999806285 ], [ 603345.0, 7644137.941999999806285 ], [ 603315.0, 7644107.941999999806285 ], [ 603285.0, 7644107.941999999806285 ], [ 603285.0, 7644077.941999999806285 ], [ 603255.0, 7644077.941999999806285 ], [ 603255.0, 7644017.941999999806285 ], [ 603255.0, 7643987.941999999806285 ], [ 603225.0, 7643987.941999999806285 ], [ 603195.0, 7643987.941999999806285 ], [ 603165.0, 7643987.941999999806285 ], [ 603135.0, 7643957.941999999806285 ], [ 603105.0, 7643957.941999999806285 ], [ 603105.0, 7643927.941999999806285 ], [ 603135.0, 7643927.941999999806285 ], [ 603135.0, 7643897.941999999806285 ], [ 603135.0, 7643867.941999999806285 ], [ 603165.0, 7643867.941999999806285 ], [ 603165.0, 7643837.941999999806285 ], [ 603165.0, 7643807.941999999806285 ], [ 603135.0, 7643807.941999999806285 ], [ 603135.0, 7643777.941999999806285 ], [ 603165.0, 7643777.941999999806285 ], [ 603165.0, 7643747.941999999806285 ], [ 603165.0, 7643717.941999999806285 ], [ 603135.0, 7643717.941999999806285 ], [ 603165.0, 7643717.941999999806285 ], [ 603165.0, 7643687.941999999806285 ], [ 603165.0, 7643657.941999999806285 ], [ 603165.0, 7643627.941999999806285 ], [ 603165.0, 7643597.941999999806285 ], [ 603135.0, 7643567.941999999806285 ], [ 603135.0, 7643537.941999999806285 ], [ 603135.0, 7643507.941999999806285 ], [ 603135.0, 7643477.941999999806285 ], [ 603135.0, 7643447.941999999806285 ], [ 603135.0, 7643417.941999999806285 ], [ 603135.0, 7643387.941999999806285 ], [ 603135.0, 7643357.941999999806285 ], [ 603135.0, 7643327.941999999806285 ], [ 603165.0, 7643327.941999999806285 ], [ 603165.0, 7643297.941999999806285 ], [ 603165.0, 7643267.941999999806285 ], [ 603165.0, 7643237.941999999806285 ], [ 603165.0, 7643207.941999999806285 ], [ 603165.0, 7643177.941999999806285 ], [ 603165.0, 7643147.941999999806285 ], [ 603165.0, 7643117.941999999806285 ], [ 603165.0, 7643087.941999999806285 ], [ 603195.0, 7643057.941999999806285 ], [ 603225.0, 7643027.941999999806285 ], [ 603255.0, 7642997.941999999806285 ], [ 603285.0, 7642997.941999999806285 ], [ 603315.0, 7642997.941999999806285 ], [ 603345.0, 7642997.941999999806285 ], [ 603375.0, 7642997.941999999806285 ], [ 603405.0, 7642997.941999999806285 ], [ 603435.0, 7642997.941999999806285 ], [ 603465.0, 7642997.941999999806285 ], [ 603495.0, 7642997.941999999806285 ], [ 603525.0, 7642997.941999999806285 ], [ 603525.0, 7642967.941999999806285 ], [ 603525.0, 7642937.941999999806285 ], [ 603555.0, 7642907.941999999806285 ], [ 603555.0, 7642877.941999999806285 ], [ 603585.0, 7642877.941999999806285 ], [ 603585.0, 7642847.941999999806285 ], [ 603615.0, 7642847.941999999806285 ], [ 603645.0, 7642847.941999999806285 ], [ 603675.0, 7642847.941999999806285 ], [ 603705.0, 7642847.941999999806285 ], [ 603735.0, 7642847.941999999806285 ], [ 603735.0, 7642817.941999999806285 ], [ 603735.0, 7642787.941999999806285 ], [ 603735.0, 7642757.941999999806285 ], [ 603735.0, 7642697.941999999806285 ], [ 603735.0, 7642667.941999999806285 ], [ 603735.0, 7642637.941999999806285 ], [ 603735.0, 7642607.941999999806285 ], [ 603735.0, 7642577.941999999806285 ], [ 603705.0, 7642577.941999999806285 ], [ 603705.0, 7642547.941999999806285 ], [ 603675.0, 7642547.941999999806285 ], [ 603645.0, 7642547.941999999806285 ], [ 603615.0, 7642547.941999999806285 ], [ 603585.0, 7642517.941999999806285 ], [ 603585.0, 7642487.941999999806285 ], [ 603555.0, 7642487.941999999806285 ], [ 603555.0, 7642457.941999999806285 ], [ 603525.0, 7642457.941999999806285 ], [ 603495.0, 7642457.941999999806285 ], [ 603495.0, 7642427.941999999806285 ], [ 603495.0, 7642397.941999999806285 ], [ 603495.0, 7642367.941999999806285 ], [ 603465.0, 7642367.941999999806285 ], [ 603435.0, 7642367.941999999806285 ], [ 603405.0, 7642337.941999999806285 ], [ 603375.0, 7642337.941999999806285 ], [ 603375.0, 7642307.941999999806285 ], [ 603375.0, 7642277.941999999806285 ], [ 603345.0, 7642277.941999999806285 ], [ 603315.0, 7642277.941999999806285 ], [ 603285.0, 7642247.941999999806285 ], [ 603255.0, 7642247.941999999806285 ], [ 603225.0, 7642247.941999999806285 ], [ 603195.0, 7642247.941999999806285 ], [ 603165.0, 7642217.941999999806285 ], [ 603135.0, 7642187.941999999806285 ], [ 603105.0, 7642187.941999999806285 ], [ 603075.0, 7642157.941999999806285 ], [ 603045.0, 7642157.941999999806285 ], [ 603045.0, 7642187.941999999806285 ], [ 603015.0, 7642187.941999999806285 ], [ 602985.0, 7642187.941999999806285 ], [ 602955.0, 7642187.941999999806285 ], [ 602925.0, 7642157.941999999806285 ], [ 602925.0, 7642127.941999999806285 ], [ 602895.0, 7642127.941999999806285 ], [ 602865.0, 7642067.941999999806285 ], [ 602835.0, 7642037.941999999806285 ], [ 602805.0, 7642007.941999999806285 ], [ 602805.0, 7641977.941999999806285 ], [ 602805.0, 7641947.941999999806285 ], [ 602805.0, 7641917.941999999806285 ], [ 602775.0, 7641917.941999999806285 ], [ 602745.0, 7641917.941999999806285 ], [ 602715.0, 7641887.941999999806285 ], [ 602685.0, 7641857.941999999806285 ], [ 602655.0, 7641857.941999999806285 ], [ 602655.0, 7641827.941999999806285 ], [ 602625.0, 7641827.941999999806285 ], [ 602595.0, 7641827.941999999806285 ], [ 602565.0, 7641797.941999999806285 ], [ 602535.0, 7641797.941999999806285 ], [ 602535.0, 7641767.941999999806285 ], [ 602505.0, 7641767.941999999806285 ], [ 602475.0, 7641767.941999999806285 ], [ 602445.0, 7641767.941999999806285 ], [ 602415.0, 7641767.941999999806285 ], [ 602385.0, 7641737.941999999806285 ], [ 602355.0, 7641737.941999999806285 ], [ 602355.0, 7641707.941999999806285 ], [ 602325.0, 7641707.941999999806285 ], [ 602325.0, 7641677.941999999806285 ], [ 602295.0, 7641647.941999999806285 ], [ 602265.0, 7641647.941999999806285 ], [ 602235.0, 7641647.941999999806285 ], [ 602205.0, 7641617.941999999806285 ], [ 602175.0, 7641587.941999999806285 ], [ 602115.0, 7641557.941999999806285 ], [ 602085.0, 7641557.941999999806285 ], [ 602085.0, 7641527.941999999806285 ], [ 602055.0, 7641527.941999999806285 ], [ 602025.0, 7641497.941999999806285 ], [ 601995.0, 7641497.941999999806285 ], [ 601995.0, 7641467.941999999806285 ], [ 601965.0, 7641437.941999999806285 ], [ 601935.0, 7641437.941999999806285 ], [ 601935.0, 7641407.941999999806285 ], [ 601905.0, 7641407.941999999806285 ], [ 601875.0, 7641377.941999999806285 ], [ 601845.0, 7641377.941999999806285 ], [ 601815.0, 7641377.941999999806285 ], [ 601815.0, 7641347.941999999806285 ], [ 601785.0, 7641347.941999999806285 ], [ 601785.0, 7641317.941999999806285 ], [ 601755.0, 7641317.941999999806285 ], [ 601725.0, 7641317.941999999806285 ], [ 601695.0, 7641317.941999999806285 ], [ 601695.0, 7641287.941999999806285 ], [ 601665.0, 7641287.941999999806285 ], [ 601635.0, 7641287.941999999806285 ], [ 601605.0, 7641287.941999999806285 ], [ 601545.0, 7641287.941999999806285 ], [ 601515.0, 7641257.941999999806285 ], [ 601485.0, 7641257.941999999806285 ], [ 601485.0, 7641227.941999999806285 ], [ 601485.0, 7641197.941999999806285 ], [ 601455.0, 7641167.941999999806285 ], [ 601455.0, 7641137.941999999806285 ], [ 601455.0, 7641107.941999999806285 ], [ 601425.0, 7641107.941999999806285 ], [ 601365.0, 7641077.941999999806285 ], [ 601335.0, 7641077.941999999806285 ], [ 601305.0, 7641077.941999999806285 ], [ 601275.0, 7641047.941999999806285 ], [ 601245.0, 7641047.941999999806285 ], [ 601215.0, 7641047.941999999806285 ], [ 601215.0, 7641077.941999999806285 ], [ 601185.0, 7641077.941999999806285 ], [ 601155.0, 7641077.941999999806285 ], [ 601125.0, 7641077.941999999806285 ], [ 601095.0, 7641107.941999999806285 ], [ 601065.0, 7641137.941999999806285 ], [ 601035.0, 7641167.941999999806285 ], [ 601035.0, 7641197.941999999806285 ], [ 601005.0, 7641197.941999999806285 ], [ 600975.0, 7641197.941999999806285 ], [ 600945.0, 7641167.941999999806285 ], [ 600885.0, 7641137.941999999806285 ], [ 600855.0, 7641137.941999999806285 ], [ 600855.0, 7641107.941999999806285 ], [ 600825.0, 7641107.941999999806285 ], [ 600795.0, 7641107.941999999806285 ], [ 600765.0, 7641107.941999999806285 ], [ 600735.0, 7641107.941999999806285 ], [ 600735.0, 7641077.941999999806285 ], [ 600675.0, 7641077.941999999806285 ], [ 600645.0, 7641047.941999999806285 ], [ 600615.0, 7641047.941999999806285 ], [ 600585.0, 7641017.941999999806285 ], [ 600555.0, 7640987.941999999806285 ], [ 600525.0, 7640957.941999999806285 ], [ 600495.0, 7640957.941999999806285 ], [ 600465.0, 7640957.941999999806285 ], [ 600405.0, 7640957.941999999806285 ], [ 600375.0, 7640957.941999999806285 ], [ 600345.0, 7640957.941999999806285 ], [ 600315.0, 7640927.941999999806285 ], [ 600285.0, 7640927.941999999806285 ], [ 600255.0, 7640927.941999999806285 ], [ 600225.0, 7640927.941999999806285 ], [ 600195.0, 7640927.941999999806285 ], [ 600165.0, 7640927.941999999806285 ], [ 600135.0, 7640927.941999999806285 ], [ 600105.0, 7640927.941999999806285 ], [ 600075.0, 7640927.941999999806285 ], [ 600045.0, 7640927.941999999806285 ], [ 600015.0, 7640927.941999999806285 ], [ 599985.0, 7640927.941999999806285 ], [ 599955.0, 7640927.941999999806285 ], [ 599955.0, 7640957.941999999806285 ], [ 599925.0, 7640957.941999999806285 ], [ 599895.0, 7640957.941999999806285 ], [ 599865.0, 7640957.941999999806285 ], [ 599865.0, 7640987.941999999806285 ], [ 599835.0, 7640987.941999999806285 ], [ 599835.0, 7641017.941999999806285 ], [ 599805.0, 7641017.941999999806285 ], [ 599805.0, 7641047.941999999806285 ], [ 599805.0, 7641077.941999999806285 ], [ 599805.0, 7641107.941999999806285 ], [ 599775.0, 7641107.941999999806285 ], [ 599775.0, 7641137.941999999806285 ], [ 599775.0, 7641167.941999999806285 ], [ 599775.0, 7641197.941999999806285 ], [ 599745.0, 7641227.941999999806285 ], [ 599745.0, 7641257.941999999806285 ], [ 599745.0, 7641287.941999999806285 ], [ 599745.0, 7641317.941999999806285 ], [ 599745.0, 7641347.941999999806285 ], [ 599745.0, 7641377.941999999806285 ], [ 599745.0, 7641407.941999999806285 ], [ 599715.0, 7641407.941999999806285 ], [ 599715.0, 7641437.941999999806285 ], [ 599715.0, 7641467.941999999806285 ], [ 599715.0, 7641497.941999999806285 ], [ 599715.0, 7641527.941999999806285 ], [ 599715.0, 7641557.941999999806285 ], [ 599715.0, 7641587.941999999806285 ], [ 599715.0, 7641617.941999999806285 ], [ 599715.0, 7641647.941999999806285 ], [ 599685.0, 7641647.941999999806285 ], [ 599685.0, 7641677.941999999806285 ], [ 599685.0, 7641707.941999999806285 ], [ 599655.0, 7641707.941999999806285 ], [ 599655.0, 7641737.941999999806285 ], [ 599625.0, 7641797.941999999806285 ], [ 599625.0, 7641857.941999999806285 ], [ 599595.0, 7641857.941999999806285 ], [ 599595.0, 7641887.941999999806285 ], [ 599595.0, 7641917.941999999806285 ], [ 599595.0, 7641947.941999999806285 ], [ 599565.0, 7641977.941999999806285 ], [ 599535.0, 7642007.941999999806285 ], [ 599505.0, 7642007.941999999806285 ], [ 599505.0, 7642037.941999999806285 ], [ 599475.0, 7642067.941999999806285 ], [ 599445.0, 7642067.941999999806285 ], [ 599445.0, 7642097.941999999806285 ], [ 599445.0, 7642127.941999999806285 ], [ 599415.0, 7642127.941999999806285 ], [ 599385.0, 7642157.941999999806285 ], [ 599355.0, 7642157.941999999806285 ], [ 599355.0, 7642187.941999999806285 ], [ 599325.0, 7642187.941999999806285 ], [ 599295.0, 7642187.941999999806285 ], [ 599265.0, 7642187.941999999806285 ], [ 599235.0, 7642187.941999999806285 ], [ 599205.0, 7642187.941999999806285 ], [ 599175.0, 7642187.941999999806285 ], [ 599145.0, 7642187.941999999806285 ], [ 599145.0, 7642217.941999999806285 ], [ 599115.0, 7642217.941999999806285 ], [ 599085.0, 7642217.941999999806285 ], [ 599055.0, 7642217.941999999806285 ], [ 599025.0, 7642217.941999999806285 ], [ 599025.0, 7642247.941999999806285 ], [ 598995.0, 7642247.941999999806285 ], [ 598995.0, 7642277.941999999806285 ], [ 598995.0, 7642307.941999999806285 ], [ 598965.0, 7642307.941999999806285 ], [ 598965.0, 7642337.941999999806285 ], [ 598935.0, 7642337.941999999806285 ], [ 598905.0, 7642367.941999999806285 ], [ 598905.0, 7642397.941999999806285 ], [ 598875.0, 7642397.941999999806285 ], [ 598875.0, 7642427.941999999806285 ], [ 598845.0, 7642427.941999999806285 ], [ 598845.0, 7642457.941999999806285 ], [ 598815.0, 7642457.941999999806285 ], [ 598785.0, 7642487.941999999806285 ], [ 598755.0, 7642487.941999999806285 ], [ 598725.0, 7642487.941999999806285 ], [ 598725.0, 7642517.941999999806285 ], [ 598695.0, 7642517.941999999806285 ], [ 598695.0, 7642547.941999999806285 ], [ 598665.0, 7642547.941999999806285 ], [ 598635.0, 7642547.941999999806285 ], [ 598635.0, 7642577.941999999806285 ], [ 598575.0, 7642577.941999999806285 ], [ 598575.0, 7642607.941999999806285 ], [ 598545.0, 7642607.941999999806285 ], [ 598485.0, 7642607.941999999806285 ], [ 598485.0, 7642637.941999999806285 ], [ 598455.0, 7642637.941999999806285 ], [ 598455.0, 7642667.941999999806285 ], [ 598425.0, 7642667.941999999806285 ], [ 598395.0, 7642667.941999999806285 ], [ 598395.0, 7642697.941999999806285 ], [ 598365.0, 7642697.941999999806285 ], [ 598335.0, 7642697.941999999806285 ], [ 598275.0, 7642727.941999999806285 ], [ 598245.0, 7642757.941999999806285 ], [ 598215.0, 7642757.941999999806285 ], [ 598185.0, 7642787.941999999806285 ], [ 598155.0, 7642787.941999999806285 ], [ 598125.0, 7642757.941999999806285 ], [ 598095.0, 7642727.941999999806285 ], [ 598095.0, 7642697.941999999806285 ], [ 598065.0, 7642697.941999999806285 ], [ 598035.0, 7642697.941999999806285 ], [ 598035.0, 7642727.941999999806285 ], [ 598005.0, 7642727.941999999806285 ], [ 597975.0, 7642727.941999999806285 ], [ 597945.0, 7642727.941999999806285 ], [ 597915.0, 7642787.941999999806285 ], [ 597885.0, 7642787.941999999806285 ], [ 597855.0, 7642787.941999999806285 ], [ 597825.0, 7642847.941999999806285 ], [ 597795.0, 7642847.941999999806285 ], [ 597765.0, 7642877.941999999806285 ], [ 597735.0, 7642907.941999999806285 ], [ 597705.0, 7642907.941999999806285 ], [ 597675.0, 7642937.941999999806285 ], [ 597615.0, 7642937.941999999806285 ], [ 597585.0, 7642967.941999999806285 ], [ 597555.0, 7642967.941999999806285 ], [ 597525.0, 7642997.941999999806285 ], [ 597525.0, 7643027.941999999806285 ], [ 597495.0, 7643027.941999999806285 ], [ 597465.0, 7643057.941999999806285 ], [ 597435.0, 7643087.941999999806285 ], [ 597435.0, 7643117.941999999806285 ], [ 597405.0, 7643117.941999999806285 ], [ 597405.0, 7643147.941999999806285 ], [ 597375.0, 7643147.941999999806285 ], [ 597345.0, 7643177.941999999806285 ], [ 597345.0, 7643207.941999999806285 ], [ 597315.0, 7643207.941999999806285 ], [ 597315.0, 7643237.941999999806285 ], [ 597285.0, 7643267.941999999806285 ], [ 597255.0, 7643267.941999999806285 ], [ 597225.0, 7643297.941999999806285 ], [ 597195.0, 7643297.941999999806285 ], [ 597165.0, 7643297.941999999806285 ], [ 597135.0, 7643297.941999999806285 ], [ 597105.0, 7643327.941999999806285 ], [ 597075.0, 7643327.941999999806285 ], [ 597045.0, 7643327.941999999806285 ], [ 597015.0, 7643327.941999999806285 ], [ 596985.0, 7643327.941999999806285 ], [ 596955.0, 7643327.941999999806285 ], [ 596925.0, 7643327.941999999806285 ], [ 596895.0, 7643327.941999999806285 ], [ 596865.0, 7643327.941999999806285 ], [ 596835.0, 7643297.941999999806285 ], [ 596805.0, 7643297.941999999806285 ], [ 596775.0, 7643297.941999999806285 ], [ 596745.0, 7643297.941999999806285 ], [ 596715.0, 7643297.941999999806285 ], [ 596685.0, 7643297.941999999806285 ], [ 596655.0, 7643297.941999999806285 ], [ 596625.0, 7643297.941999999806285 ], [ 596595.0, 7643297.941999999806285 ], [ 596595.0, 7643327.941999999806285 ], [ 596565.0, 7643357.941999999806285 ], [ 596535.0, 7643357.941999999806285 ], [ 596535.0, 7643387.941999999806285 ], [ 596535.0, 7643417.941999999806285 ], [ 596505.0, 7643447.941999999806285 ], [ 596505.0, 7643477.941999999806285 ], [ 596475.0, 7643477.941999999806285 ], [ 596445.0, 7643477.941999999806285 ], [ 596445.0, 7643507.941999999806285 ], [ 596445.0, 7643537.941999999806285 ], [ 596415.0, 7643537.941999999806285 ], [ 596385.0, 7643537.941999999806285 ], [ 596385.0, 7643567.941999999806285 ], [ 596355.0, 7643597.941999999806285 ], [ 596325.0, 7643597.941999999806285 ], [ 596325.0, 7643627.941999999806285 ], [ 596295.0, 7643627.941999999806285 ], [ 596295.0, 7643657.941999999806285 ], [ 596295.0, 7643687.941999999806285 ], [ 596265.0, 7643687.941999999806285 ], [ 596265.0, 7643717.941999999806285 ], [ 596235.0, 7643717.941999999806285 ], [ 596205.0, 7643747.941999999806285 ], [ 596175.0, 7643777.941999999806285 ], [ 596145.0, 7643777.941999999806285 ], [ 596115.0, 7643777.941999999806285 ], [ 596085.0, 7643777.941999999806285 ], [ 596055.0, 7643777.941999999806285 ], [ 596025.0, 7643777.941999999806285 ], [ 595995.0, 7643777.941999999806285 ], [ 595965.0, 7643777.941999999806285 ], [ 595935.0, 7643777.941999999806285 ], [ 595905.0, 7643777.941999999806285 ], [ 595875.0, 7643807.941999999806285 ], [ 595845.0, 7643807.941999999806285 ], [ 595815.0, 7643807.941999999806285 ], [ 595785.0, 7643837.941999999806285 ], [ 595785.0, 7643867.941999999806285 ], [ 595755.0, 7643867.941999999806285 ], [ 595755.0, 7643897.941999999806285 ], [ 595725.0, 7643927.941999999806285 ], [ 595665.0, 7643927.941999999806285 ], [ 595665.0, 7643957.941999999806285 ], [ 595665.0, 7643987.941999999806285 ], [ 595605.0, 7644017.941999999806285 ], [ 595605.0, 7644047.941999999806285 ], [ 595575.0, 7644077.941999999806285 ], [ 595545.0, 7644077.941999999806285 ], [ 595545.0, 7644107.941999999806285 ], [ 595515.0, 7644137.941999999806285 ], [ 595485.0, 7644167.941999999806285 ], [ 595455.0, 7644167.941999999806285 ], [ 595425.0, 7644197.941999999806285 ], [ 595395.0, 7644227.941999999806285 ], [ 595365.0, 7644257.941999999806285 ], [ 595335.0, 7644257.941999999806285 ], [ 595335.0, 7644287.941999999806285 ], [ 595305.0, 7644287.941999999806285 ], [ 595275.0, 7644287.941999999806285 ], [ 595245.0, 7644287.941999999806285 ], [ 595215.0, 7644287.941999999806285 ], [ 595185.0, 7644287.941999999806285 ], [ 595155.0, 7644287.941999999806285 ], [ 595125.0, 7644287.941999999806285 ], [ 595095.0, 7644287.941999999806285 ], [ 595065.0, 7644287.941999999806285 ], [ 595035.0, 7644287.941999999806285 ], [ 595035.0, 7644317.941999999806285 ], [ 594975.0, 7644317.941999999806285 ], [ 594975.0, 7644347.941999999806285 ], [ 594975.0, 7644377.941999999806285 ], [ 594975.0, 7644407.941999999806285 ], [ 594945.0, 7644407.941999999806285 ], [ 594915.0, 7644437.941999999806285 ], [ 594915.0, 7644467.941999999806285 ], [ 594885.0, 7644497.941999999806285 ], [ 594855.0, 7644527.941999999806285 ], [ 594855.0, 7644557.941999999806285 ], [ 594825.0, 7644557.941999999806285 ], [ 594825.0, 7644587.941999999806285 ], [ 594795.0, 7644587.941999999806285 ], [ 594795.0, 7644647.941999999806285 ], [ 594765.0, 7644647.941999999806285 ], [ 594765.0, 7644677.941999999806285 ], [ 594765.0, 7644707.941999999806285 ], [ 594735.0, 7644737.941999999806285 ], [ 594705.0, 7644737.941999999806285 ], [ 594705.0, 7644767.941999999806285 ], [ 594705.0, 7644797.941999999806285 ], [ 594705.0, 7644827.941999999806285 ], [ 594705.0, 7644887.941999999806285 ], [ 594675.0, 7644917.941999999806285 ], [ 594675.0, 7644947.941999999806285 ], [ 594645.0, 7645007.941999999806285 ], [ 594615.0, 7645037.941999999806285 ], [ 594615.0, 7645067.941999999806285 ], [ 594585.0, 7645067.941999999806285 ], [ 594585.0, 7645097.941999999806285 ], [ 594555.0, 7645127.941999999806285 ], [ 594525.0, 7645157.941999999806285 ], [ 594495.0, 7645157.941999999806285 ], [ 594495.0, 7645187.941999999806285 ], [ 594465.0, 7645187.941999999806285 ], [ 594405.0, 7645217.941999999806285 ], [ 594405.0, 7645247.941999999806285 ], [ 594375.0, 7645247.941999999806285 ], [ 594375.0, 7645277.941999999806285 ], [ 594345.0, 7645307.941999999806285 ], [ 594315.0, 7645307.941999999806285 ], [ 594315.0, 7645367.941999999806285 ], [ 594285.0, 7645367.941999999806285 ], [ 594285.0, 7645397.941999999806285 ], [ 594255.0, 7645397.941999999806285 ], [ 594225.0, 7645457.941999999806285 ], [ 594195.0, 7645487.941999999806285 ], [ 594165.0, 7645487.941999999806285 ], [ 594165.0, 7645517.941999999806285 ], [ 594135.0, 7645517.941999999806285 ], [ 594105.0, 7645517.941999999806285 ], [ 594105.0, 7645547.941999999806285 ], [ 594105.0, 7645577.941999999806285 ], [ 594075.0, 7645577.941999999806285 ], [ 594045.0, 7645607.941999999806285 ], [ 594045.0, 7645637.941999999806285 ], [ 594015.0, 7645667.941999999806285 ], [ 593985.0, 7645667.941999999806285 ], [ 593985.0, 7645697.941999999806285 ], [ 593955.0, 7645727.941999999806285 ], [ 593925.0, 7645727.941999999806285 ], [ 593925.0, 7645757.941999999806285 ], [ 593895.0, 7645757.941999999806285 ], [ 593895.0, 7645787.941999999806285 ], [ 593865.0, 7645787.941999999806285 ], [ 593865.0, 7645817.941999999806285 ], [ 593835.0, 7645847.941999999806285 ], [ 593805.0, 7645847.941999999806285 ], [ 593805.0, 7645877.941999999806285 ], [ 593805.0, 7645907.941999999806285 ], [ 593775.0, 7645907.941999999806285 ], [ 593775.0, 7645937.941999999806285 ], [ 593775.0, 7645967.941999999806285 ], [ 593775.0, 7645997.941999999806285 ], [ 593775.0, 7646027.941999999806285 ], [ 593745.0, 7646027.941999999806285 ], [ 593745.0, 7646057.941999999806285 ], [ 593715.0, 7646057.941999999806285 ], [ 593715.0, 7646087.941999999806285 ], [ 593715.0, 7646117.941999999806285 ], [ 593715.0, 7646147.941999999806285 ], [ 593715.0, 7646177.941999999806285 ], [ 593685.0, 7646207.941999999806285 ], [ 593685.0, 7646237.941999999806285 ], [ 593655.0, 7646237.941999999806285 ], [ 593655.0, 7646297.941999999806285 ], [ 593655.0, 7646327.941999999806285 ], [ 593655.0, 7646357.941999999806285 ], [ 593625.0, 7646387.941999999806285 ], [ 593625.0, 7646417.941999999806285 ], [ 593625.0, 7646447.941999999806285 ], [ 593625.0, 7646477.941999999806285 ], [ 593625.0, 7646507.941999999806285 ], [ 593625.0, 7646537.941999999806285 ], [ 593595.0, 7646537.941999999806285 ], [ 593595.0, 7646567.941999999806285 ], [ 593565.0, 7646597.941999999806285 ], [ 593565.0, 7646627.941999999806285 ], [ 593565.0, 7646657.941999999806285 ], [ 593565.0, 7646687.941999999806285 ], [ 593535.0, 7646687.941999999806285 ], [ 593535.0, 7646717.941999999806285 ], [ 593535.0, 7646747.941999999806285 ], [ 593535.0, 7646777.941999999806285 ], [ 593505.0, 7646777.941999999806285 ], [ 593505.0, 7646807.941999999806285 ], [ 593475.0, 7646837.941999999806285 ], [ 593475.0, 7646867.941999999806285 ], [ 593475.0, 7646897.941999999806285 ], [ 593445.0, 7646897.941999999806285 ], [ 593415.0, 7646927.941999999806285 ], [ 593415.0, 7646957.941999999806285 ], [ 593415.0, 7646987.941999999806285 ], [ 593415.0, 7647017.941999999806285 ], [ 593385.0, 7647017.941999999806285 ], [ 593385.0, 7647047.941999999806285 ], [ 593385.0, 7647077.941999999806285 ], [ 593355.0, 7647077.941999999806285 ], [ 593355.0, 7647107.941999999806285 ], [ 593325.0, 7647107.941999999806285 ], [ 593325.0, 7647137.941999999806285 ], [ 593325.0, 7647167.941999999806285 ], [ 593295.0, 7647167.941999999806285 ], [ 593295.0, 7647197.941999999806285 ], [ 593295.0, 7647227.941999999806285 ], [ 593265.0, 7647227.941999999806285 ], [ 593235.0, 7647257.941999999806285 ], [ 593235.0, 7647287.941999999806285 ], [ 593205.0, 7647287.941999999806285 ], [ 593205.0, 7647317.941999999806285 ], [ 593175.0, 7647317.941999999806285 ], [ 593175.0, 7647347.941999999806285 ], [ 593145.0, 7647377.941999999806285 ], [ 593145.0, 7647407.941999999806285 ], [ 593145.0, 7647437.941999999806285 ], [ 593115.0, 7647437.941999999806285 ], [ 593115.0, 7647467.941999999806285 ], [ 593085.0, 7647497.941999999806285 ], [ 593085.0, 7647527.941999999806285 ], [ 593025.0, 7647557.941999999806285 ], [ 593025.0, 7647587.941999999806285 ], [ 592995.0, 7647587.941999999806285 ], [ 592995.0, 7647617.941999999806285 ], [ 592995.0, 7647647.941999999806285 ], [ 592965.0, 7647647.941999999806285 ], [ 592965.0, 7647677.941999999806285 ], [ 592935.0, 7647677.941999999806285 ], [ 592935.0, 7647707.941999999806285 ], [ 592905.0, 7647707.941999999806285 ], [ 592905.0, 7647737.941999999806285 ], [ 592875.0, 7647767.941999999806285 ], [ 592845.0, 7647767.941999999806285 ], [ 592845.0, 7647797.941999999806285 ], [ 592815.0, 7647797.941999999806285 ], [ 592815.0, 7647827.941999999806285 ], [ 592785.0, 7647827.941999999806285 ], [ 592755.0, 7647857.941999999806285 ], [ 592755.0, 7647887.941999999806285 ], [ 592725.0, 7647887.941999999806285 ], [ 592725.0, 7647917.941999999806285 ], [ 592695.0, 7647917.941999999806285 ], [ 592695.0, 7647947.941999999806285 ], [ 592665.0, 7647977.941999999806285 ], [ 592635.0, 7647977.941999999806285 ], [ 592605.0, 7648007.941999999806285 ], [ 592545.0, 7648037.941999999806285 ], [ 592545.0, 7648067.941999999806285 ], [ 592515.0, 7648067.941999999806285 ], [ 592485.0, 7648097.941999999806285 ], [ 592485.0, 7648127.941999999806285 ], [ 592485.0, 7648157.941999999806285 ], [ 592455.0, 7648157.941999999806285 ], [ 592455.0, 7648187.941999999806285 ], [ 592425.0, 7648187.941999999806285 ], [ 592395.0, 7648217.941999999806285 ], [ 592395.0, 7648247.941999999806285 ], [ 592365.0, 7648247.941999999806285 ], [ 592365.0, 7648277.941999999806285 ], [ 592365.0, 7648307.941999999806285 ], [ 592335.0, 7648307.941999999806285 ], [ 592335.0, 7648337.941999999806285 ], [ 592335.0, 7648367.941999999806285 ], [ 592305.0, 7648367.941999999806285 ], [ 592305.0, 7648397.941999999806285 ], [ 592275.0, 7648427.941999999806285 ], [ 592275.0, 7648457.941999999806285 ], [ 592275.0, 7648487.941999999806285 ], [ 592245.0, 7648487.941999999806285 ], [ 592245.0, 7648517.941999999806285 ], [ 592245.0, 7648547.941999999806285 ], [ 592215.0, 7648547.941999999806285 ], [ 592215.0, 7648577.941999999806285 ], [ 592215.0, 7648607.941999999806285 ], [ 592185.0, 7648637.941999999806285 ], [ 592185.0, 7648667.941999999806285 ], [ 592185.0, 7648697.941999999806285 ], [ 592185.0, 7648727.941999999806285 ], [ 592155.0, 7648727.941999999806285 ], [ 592155.0, 7648757.941999999806285 ], [ 592125.0, 7648757.941999999806285 ], [ 592125.0, 7648787.941999999806285 ], [ 592095.0, 7648787.941999999806285 ], [ 592095.0, 7648817.941999999806285 ], [ 592065.0, 7648847.941999999806285 ], [ 592005.0, 7648877.941999999806285 ], [ 591975.0, 7648877.941999999806285 ], [ 591975.0, 7648907.941999999806285 ], [ 591945.0, 7648907.941999999806285 ], [ 591915.0, 7648937.941999999806285 ], [ 591465.0, 7649417.941999999806285 ], [ 591435.0, 7649417.941999999806285 ], [ 591405.0, 7649417.941999999806285 ], [ 591375.0, 7649447.941999999806285 ], [ 591345.0, 7649447.941999999806285 ], [ 591315.0, 7649447.941999999806285 ], [ 591285.0, 7649477.941999999806285 ], [ 591255.0, 7649477.941999999806285 ], [ 591225.0, 7649507.941999999806285 ], [ 591195.0, 7649507.941999999806285 ], [ 591165.0, 7649507.941999999806285 ], [ 591165.0, 7649567.941999999806285 ], [ 591135.0, 7649567.941999999806285 ], [ 591135.0, 7649597.941999999806285 ], [ 591105.0, 7649597.941999999806285 ], [ 591105.0, 7649627.941999999806285 ], [ 591075.0, 7649627.941999999806285 ], [ 591075.0, 7649657.941999999806285 ], [ 591075.0, 7649687.941999999806285 ], [ 591045.0, 7649687.941999999806285 ], [ 591045.0, 7649717.941999999806285 ], [ 591045.0, 7649777.941999999806285 ], [ 591045.0, 7649807.941999999806285 ], [ 591045.0, 7649867.941999999806285 ], [ 591045.0, 7649897.941999999806285 ], [ 591045.0, 7649957.941999999806285 ], [ 591045.0, 7649987.941999999806285 ], [ 591045.0, 7650017.941999999806285 ], [ 591045.0, 7650047.941999999806285 ], [ 591045.0, 7650077.941999999806285 ], [ 591045.0, 7650107.941999999806285 ], [ 591045.0, 7650137.941999999806285 ], [ 591045.0, 7650167.941999999806285 ], [ 591045.0, 7650197.941999999806285 ], [ 591045.0, 7650227.941999999806285 ], [ 591045.0, 7650257.941999999806285 ], [ 591045.0, 7650287.941999999806285 ], [ 591045.0, 7650317.941999999806285 ], [ 591045.0, 7650347.941999999806285 ], [ 591045.0, 7650377.941999999806285 ], [ 591045.0, 7650437.941999999806285 ], [ 591045.0, 7650467.941999999806285 ], [ 591045.0, 7650497.941999999806285 ], [ 591015.0, 7650527.941999999806285 ], [ 590985.0, 7650617.941999999806285 ], [ 590985.0, 7650647.941999999806285 ], [ 590985.0, 7650677.941999999806285 ], [ 590955.0, 7650707.941999999806285 ], [ 590955.0, 7650737.941999999806285 ], [ 590955.0, 7650767.941999999806285 ], [ 590955.0, 7650797.941999999806285 ], [ 590985.0, 7650827.941999999806285 ], [ 590985.0, 7650857.941999999806285 ], [ 591015.0, 7650857.941999999806285 ], [ 591045.0, 7650917.941999999806285 ], [ 591045.0, 7650947.941999999806285 ], [ 591045.0, 7650977.941999999806285 ], [ 591045.0, 7651007.941999999806285 ], [ 591045.0, 7651037.941999999806285 ], [ 591045.0, 7651067.941999999806285 ], [ 591045.0, 7651097.941999999806285 ], [ 591075.0, 7651127.941999999806285 ], [ 591075.0, 7651157.941999999806285 ], [ 591105.0, 7651157.941999999806285 ], [ 591075.0, 7651187.941999999806285 ], [ 591075.0, 7651217.941999999806285 ], [ 591075.0, 7651247.941999999806285 ], [ 591075.0, 7651277.941999999806285 ], [ 591075.0, 7651307.941999999806285 ], [ 591045.0, 7651307.941999999806285 ], [ 591015.0, 7651337.941999999806285 ], [ 591015.0, 7651367.941999999806285 ], [ 590985.0, 7651367.941999999806285 ], [ 590985.0, 7651397.941999999806285 ], [ 590955.0, 7651397.941999999806285 ], [ 590955.0, 7651427.941999999806285 ], [ 590925.0, 7651427.941999999806285 ], [ 590925.0, 7651457.941999999806285 ], [ 590925.0, 7651487.941999999806285 ], [ 590895.0, 7651487.941999999806285 ], [ 590895.0, 7651517.941999999806285 ], [ 590865.0, 7651547.941999999806285 ], [ 590835.0, 7651577.941999999806285 ], [ 590835.0, 7651607.941999999806285 ], [ 590835.0, 7651637.941999999806285 ], [ 590835.0, 7651667.941999999806285 ], [ 590835.0, 7651697.941999999806285 ], [ 590835.0, 7651727.941999999806285 ], [ 590835.0, 7651757.941999999806285 ], [ 590835.0, 7651787.941999999806285 ], [ 590835.0, 7651817.941999999806285 ], [ 590835.0, 7651847.941999999806285 ], [ 590835.0, 7651877.941999999806285 ], [ 590835.0, 7651907.941999999806285 ], [ 590835.0, 7651937.941999999806285 ], [ 590865.0, 7651937.941999999806285 ], [ 590865.0, 7651967.941999999806285 ], [ 590895.0, 7651967.941999999806285 ], [ 590895.0, 7651997.941999999806285 ], [ 590925.0, 7652027.941999999806285 ], [ 590925.0, 7652057.941999999806285 ], [ 590955.0, 7652057.941999999806285 ], [ 590985.0, 7652087.941999999806285 ], [ 591015.0, 7652087.941999999806285 ], [ 591045.0, 7652087.941999999806285 ], [ 591045.0, 7652117.941999999806285 ], [ 591075.0, 7652117.941999999806285 ], [ 591105.0, 7652117.941999999806285 ], [ 591135.0, 7652117.941999999806285 ], [ 591165.0, 7652117.941999999806285 ], [ 591195.0, 7652117.941999999806285 ], [ 591225.0, 7652117.941999999806285 ], [ 591225.0, 7652147.941999999806285 ], [ 591255.0, 7652147.941999999806285 ], [ 591285.0, 7652147.941999999806285 ], [ 591285.0, 7652117.941999999806285 ], [ 591315.0, 7652147.941999999806285 ], [ 591345.0, 7652147.941999999806285 ], [ 591345.0, 7652117.941999999806285 ], [ 591405.0, 7652117.941999999806285 ], [ 591405.0, 7652057.941999999806285 ], [ 591465.0, 7652057.941999999806285 ], [ 591495.0, 7652057.941999999806285 ], [ 591495.0, 7652027.941999999806285 ], [ 591525.0, 7652027.941999999806285 ], [ 591555.0, 7652027.941999999806285 ], [ 591585.0, 7652027.941999999806285 ], [ 591585.0, 7651997.941999999806285 ], [ 591615.0, 7651997.941999999806285 ], [ 591645.0, 7651967.941999999806285 ], [ 591675.0, 7651967.941999999806285 ], [ 591705.0, 7651967.941999999806285 ], [ 591735.0, 7651967.941999999806285 ], [ 591765.0, 7651967.941999999806285 ], [ 591795.0, 7651967.941999999806285 ], [ 591825.0, 7651967.941999999806285 ], [ 591855.0, 7651967.941999999806285 ], [ 591885.0, 7651967.941999999806285 ], [ 591915.0, 7651967.941999999806285 ], [ 591945.0, 7651967.941999999806285 ], [ 591975.0, 7651967.941999999806285 ], [ 592005.0, 7651967.941999999806285 ], [ 592035.0, 7651997.941999999806285 ], [ 592035.0, 7652027.941999999806285 ], [ 592035.0, 7652057.941999999806285 ], [ 592035.0, 7652087.941999999806285 ], [ 592035.0, 7652117.941999999806285 ], [ 592035.0, 7652147.941999999806285 ], [ 592035.0, 7652177.941999999806285 ], [ 592035.0, 7652207.941999999806285 ], [ 592005.0, 7652207.941999999806285 ], [ 591975.0, 7652207.941999999806285 ], [ 591975.0, 7652237.941999999806285 ], [ 591945.0, 7652237.941999999806285 ], [ 591915.0, 7652267.941999999806285 ], [ 591885.0, 7652267.941999999806285 ], [ 591855.0, 7652267.941999999806285 ], [ 591825.0, 7652267.941999999806285 ], [ 591795.0, 7652267.941999999806285 ], [ 591765.0, 7652267.941999999806285 ], [ 591735.0, 7652267.941999999806285 ], [ 591735.0, 7652297.941999999806285 ], [ 591705.0, 7652297.941999999806285 ], [ 591675.0, 7652327.941999999806285 ], [ 591645.0, 7652327.941999999806285 ], [ 591615.0, 7652327.941999999806285 ], [ 591585.0, 7652327.941999999806285 ], [ 591525.0, 7652327.941999999806285 ], [ 591495.0, 7652327.941999999806285 ], [ 591465.0, 7652327.941999999806285 ], [ 591435.0, 7652327.941999999806285 ], [ 591405.0, 7652387.941999999806285 ], [ 591405.0, 7652417.941999999806285 ], [ 591375.0, 7652417.941999999806285 ], [ 591345.0, 7652477.941999999806285 ], [ 591315.0, 7652477.941999999806285 ], [ 591315.0, 7652507.941999999806285 ], [ 591285.0, 7652537.941999999806285 ], [ 591255.0, 7652537.941999999806285 ], [ 591225.0, 7652567.941999999806285 ], [ 591195.0, 7652597.941999999806285 ], [ 591165.0, 7652597.941999999806285 ], [ 591135.0, 7652627.941999999806285 ], [ 591135.0, 7652657.941999999806285 ], [ 591105.0, 7652657.941999999806285 ], [ 591105.0, 7652687.941999999806285 ], [ 591075.0, 7652687.941999999806285 ], [ 591045.0, 7652717.941999999806285 ], [ 591045.0, 7652747.941999999806285 ], [ 591015.0, 7652747.941999999806285 ], [ 591015.0, 7652777.941999999806285 ], [ 590985.0, 7652777.941999999806285 ], [ 590985.0, 7652807.941999999806285 ], [ 590985.0, 7652837.941999999806285 ], [ 590955.0, 7652837.941999999806285 ], [ 590955.0, 7652867.941999999806285 ], [ 590925.0, 7652897.941999999806285 ], [ 590895.0, 7652897.941999999806285 ], [ 590895.0, 7652927.941999999806285 ], [ 590865.0, 7652927.941999999806285 ], [ 590865.0, 7652957.941999999806285 ], [ 590865.0, 7652987.941999999806285 ], [ 590865.0, 7653017.941999999806285 ], [ 590895.0, 7653047.941999999806285 ], [ 590925.0, 7653077.941999999806285 ], [ 590925.0, 7653107.941999999806285 ], [ 590985.0, 7653137.941999999806285 ], [ 590985.0, 7653167.941999999806285 ], [ 591015.0, 7653197.941999999806285 ], [ 591045.0, 7653197.941999999806285 ], [ 591045.0, 7653257.941999999806285 ], [ 591075.0, 7653257.941999999806285 ], [ 591105.0, 7653257.941999999806285 ], [ 591105.0, 7653287.941999999806285 ], [ 591135.0, 7653317.941999999806285 ], [ 591135.0, 7653347.941999999806285 ], [ 591165.0, 7653347.941999999806285 ], [ 591165.0, 7653377.941999999806285 ], [ 591195.0, 7653377.941999999806285 ], [ 591195.0, 7653407.941999999806285 ], [ 591195.0, 7653437.941999999806285 ], [ 591195.0, 7653467.941999999806285 ], [ 591195.0, 7653497.941999999806285 ], [ 591195.0, 7653527.941999999806285 ], [ 591225.0, 7653557.941999999806285 ], [ 591225.0, 7653587.941999999806285 ], [ 591225.0, 7653617.941999999806285 ], [ 591255.0, 7653647.941999999806285 ], [ 591255.0, 7653677.941999999806285 ], [ 591255.0, 7653707.941999999806285 ], [ 591255.0, 7653737.941999999806285 ], [ 591255.0, 7653767.941999999806285 ], [ 591255.0, 7653797.941999999806285 ], [ 591255.0, 7653827.941999999806285 ], [ 591255.0, 7653857.941999999806285 ], [ 591255.0, 7653887.941999999806285 ], [ 591255.0, 7653917.941999999806285 ], [ 591255.0, 7653947.941999999806285 ], [ 591255.0, 7653977.941999999806285 ], [ 591285.0, 7654007.941999999806285 ], [ 591315.0, 7654037.941999999806285 ], [ 591345.0, 7654037.941999999806285 ], [ 591375.0, 7654037.941999999806285 ], [ 591405.0, 7654007.941999999806285 ], [ 591405.0, 7653977.941999999806285 ], [ 591435.0, 7653947.941999999806285 ], [ 591465.0, 7653947.941999999806285 ], [ 591465.0, 7653917.941999999806285 ], [ 591465.0, 7653887.941999999806285 ], [ 591465.0, 7653857.941999999806285 ], [ 591465.0, 7653827.941999999806285 ], [ 591495.0, 7653797.941999999806285 ], [ 591525.0, 7653797.941999999806285 ], [ 591525.0, 7653767.941999999806285 ], [ 591555.0, 7653767.941999999806285 ], [ 591555.0, 7653737.941999999806285 ], [ 591585.0, 7653707.941999999806285 ], [ 591585.0, 7653677.941999999806285 ], [ 591615.0, 7653647.941999999806285 ], [ 591615.0, 7653617.941999999806285 ], [ 591645.0, 7653617.941999999806285 ], [ 591645.0, 7653587.941999999806285 ], [ 591675.0, 7653587.941999999806285 ], [ 591675.0, 7653557.941999999806285 ], [ 591705.0, 7653557.941999999806285 ], [ 591675.0, 7653527.941999999806285 ], [ 591675.0, 7653467.941999999806285 ], [ 591735.0, 7653467.941999999806285 ], [ 591735.0, 7653437.941999999806285 ], [ 591765.0, 7653377.941999999806285 ], [ 591795.0, 7653377.941999999806285 ], [ 591825.0, 7653347.941999999806285 ], [ 591825.0, 7653317.941999999806285 ], [ 591825.0, 7653287.941999999806285 ], [ 591825.0, 7653257.941999999806285 ], [ 591855.0, 7653257.941999999806285 ], [ 591855.0, 7653227.941999999806285 ], [ 591885.0, 7653227.941999999806285 ], [ 591885.0, 7653197.941999999806285 ], [ 591915.0, 7653197.941999999806285 ], [ 591915.0, 7653167.941999999806285 ], [ 591945.0, 7653167.941999999806285 ], [ 591975.0, 7653137.941999999806285 ], [ 592005.0, 7653137.941999999806285 ], [ 592035.0, 7653137.941999999806285 ], [ 592065.0, 7653137.941999999806285 ], [ 592095.0, 7653137.941999999806285 ], [ 592125.0, 7653137.941999999806285 ], [ 592125.0, 7653167.941999999806285 ], [ 592155.0, 7653197.941999999806285 ], [ 592155.0, 7653227.941999999806285 ], [ 592185.0, 7653227.941999999806285 ], [ 592185.0, 7653257.941999999806285 ], [ 592185.0, 7653287.941999999806285 ], [ 592185.0, 7653317.941999999806285 ], [ 592185.0, 7653347.941999999806285 ], [ 592155.0, 7653347.941999999806285 ], [ 592155.0, 7653377.941999999806285 ], [ 592125.0, 7653377.941999999806285 ], [ 592125.0, 7653407.941999999806285 ], [ 592095.0, 7653437.941999999806285 ], [ 592095.0, 7653467.941999999806285 ], [ 592095.0, 7653497.941999999806285 ], [ 592065.0, 7653497.941999999806285 ], [ 592065.0, 7653527.941999999806285 ], [ 592065.0, 7653557.941999999806285 ], [ 592035.0, 7653557.941999999806285 ], [ 592035.0, 7653587.941999999806285 ], [ 592005.0, 7653587.941999999806285 ], [ 592005.0, 7653617.941999999806285 ], [ 591975.0, 7653617.941999999806285 ], [ 591975.0, 7653647.941999999806285 ], [ 591945.0, 7653647.941999999806285 ], [ 591945.0, 7653677.941999999806285 ], [ 591915.0, 7653677.941999999806285 ], [ 591885.0, 7653707.941999999806285 ], [ 591885.0, 7653737.941999999806285 ], [ 591855.0, 7653767.941999999806285 ], [ 591825.0, 7653767.941999999806285 ], [ 591825.0, 7653797.941999999806285 ], [ 591795.0, 7653797.941999999806285 ], [ 591795.0, 7653827.941999999806285 ], [ 591795.0, 7653857.941999999806285 ], [ 591765.0, 7653857.941999999806285 ], [ 591765.0, 7653887.941999999806285 ], [ 591735.0, 7653887.941999999806285 ], [ 591735.0, 7653917.941999999806285 ], [ 591705.0, 7653917.941999999806285 ], [ 591705.0, 7653947.941999999806285 ], [ 591675.0, 7653947.941999999806285 ], [ 591675.0, 7653977.941999999806285 ], [ 591645.0, 7653977.941999999806285 ], [ 591615.0, 7654007.941999999806285 ], [ 591615.0, 7654037.941999999806285 ], [ 591585.0, 7654037.941999999806285 ], [ 591555.0, 7654037.941999999806285 ], [ 591525.0, 7654067.941999999806285 ], [ 591495.0, 7654097.941999999806285 ], [ 591495.0, 7654127.941999999806285 ], [ 591465.0, 7654127.941999999806285 ], [ 591435.0, 7654127.941999999806285 ], [ 591435.0, 7654157.941999999806285 ], [ 591405.0, 7654157.941999999806285 ], [ 591405.0, 7654187.941999999806285 ], [ 591375.0, 7654187.941999999806285 ], [ 591345.0, 7654247.941999999806285 ], [ 591315.0, 7654277.941999999806285 ], [ 591285.0, 7654307.941999999806285 ], [ 591255.0, 7654307.941999999806285 ], [ 591255.0, 7654337.941999999806285 ], [ 591225.0, 7654367.941999999806285 ], [ 591195.0, 7654367.941999999806285 ], [ 591165.0, 7654427.941999999806285 ], [ 591135.0, 7654427.941999999806285 ], [ 591135.0, 7654457.941999999806285 ], [ 591135.0, 7654487.941999999806285 ], [ 591105.0, 7654487.941999999806285 ], [ 591105.0, 7654517.941999999806285 ], [ 591075.0, 7654517.941999999806285 ], [ 591075.0, 7654547.941999999806285 ], [ 591045.0, 7654547.941999999806285 ], [ 591045.0, 7654577.941999999806285 ], [ 591015.0, 7654607.941999999806285 ], [ 590985.0, 7654607.941999999806285 ], [ 590985.0, 7654637.941999999806285 ], [ 590955.0, 7654637.941999999806285 ], [ 590955.0, 7654667.941999999806285 ], [ 590925.0, 7654667.941999999806285 ], [ 590895.0, 7654667.941999999806285 ], [ 590865.0, 7654667.941999999806285 ], [ 590835.0, 7654667.941999999806285 ], [ 590805.0, 7654667.941999999806285 ], [ 590775.0, 7654667.941999999806285 ], [ 590775.0, 7654637.941999999806285 ], [ 590745.0, 7654637.941999999806285 ], [ 590715.0, 7654637.941999999806285 ], [ 590685.0, 7654637.941999999806285 ], [ 590655.0, 7654607.941999999806285 ], [ 590655.0, 7654577.941999999806285 ], [ 590655.0, 7654547.941999999806285 ], [ 590655.0, 7654517.941999999806285 ], [ 590685.0, 7654517.941999999806285 ], [ 590685.0, 7654487.941999999806285 ], [ 590715.0, 7654487.941999999806285 ], [ 590715.0, 7654457.941999999806285 ], [ 590745.0, 7654457.941999999806285 ], [ 590745.0, 7654427.941999999806285 ], [ 590745.0, 7654397.941999999806285 ], [ 590745.0, 7654367.941999999806285 ], [ 590745.0, 7654337.941999999806285 ], [ 590745.0, 7654307.941999999806285 ], [ 590745.0, 7654277.941999999806285 ], [ 590745.0, 7654247.941999999806285 ], [ 590745.0, 7654217.941999999806285 ], [ 590745.0, 7654187.941999999806285 ], [ 590745.0, 7654157.941999999806285 ], [ 590715.0, 7654157.941999999806285 ], [ 590715.0, 7654127.941999999806285 ], [ 590715.0, 7654097.941999999806285 ], [ 590715.0, 7654067.941999999806285 ], [ 590715.0, 7654037.941999999806285 ], [ 590715.0, 7654007.941999999806285 ], [ 590685.0, 7654007.941999999806285 ], [ 590685.0, 7653977.941999999806285 ], [ 590655.0, 7653977.941999999806285 ], [ 590655.0, 7653947.941999999806285 ], [ 590655.0, 7653917.941999999806285 ], [ 590625.0, 7653917.941999999806285 ], [ 590625.0, 7653887.941999999806285 ], [ 590625.0, 7653857.941999999806285 ], [ 590595.0, 7653827.941999999806285 ], [ 590565.0, 7653797.941999999806285 ], [ 590565.0, 7653767.941999999806285 ], [ 590535.0, 7653737.941999999806285 ], [ 590505.0, 7653737.941999999806285 ], [ 590505.0, 7653707.941999999806285 ], [ 590505.0, 7653677.941999999806285 ], [ 590475.0, 7653677.941999999806285 ], [ 590445.0, 7653677.941999999806285 ], [ 590445.0, 7653647.941999999806285 ], [ 590415.0, 7653647.941999999806285 ], [ 590415.0, 7653617.941999999806285 ], [ 590385.0, 7653617.941999999806285 ], [ 590355.0, 7653617.941999999806285 ], [ 590325.0, 7653617.941999999806285 ], [ 590295.0, 7653617.941999999806285 ], [ 590295.0, 7653647.941999999806285 ], [ 590265.0, 7653647.941999999806285 ], [ 590235.0, 7653647.941999999806285 ], [ 590205.0, 7653647.941999999806285 ], [ 590175.0, 7653647.941999999806285 ], [ 590115.0, 7653647.941999999806285 ], [ 590085.0, 7653647.941999999806285 ], [ 590025.0, 7653647.941999999806285 ], [ 589995.0, 7653647.941999999806285 ], [ 589965.0, 7653647.941999999806285 ], [ 589935.0, 7653647.941999999806285 ], [ 589905.0, 7653647.941999999806285 ], [ 589875.0, 7653647.941999999806285 ], [ 589875.0, 7653677.941999999806285 ], [ 589875.0, 7653707.941999999806285 ], [ 589845.0, 7653707.941999999806285 ], [ 589815.0, 7653737.941999999806285 ], [ 589785.0, 7653767.941999999806285 ], [ 589785.0, 7653797.941999999806285 ], [ 589755.0, 7653797.941999999806285 ], [ 589725.0, 7653827.941999999806285 ], [ 589725.0, 7653857.941999999806285 ], [ 589695.0, 7653887.941999999806285 ], [ 589665.0, 7653917.941999999806285 ], [ 589665.0, 7653977.941999999806285 ], [ 589635.0, 7654007.941999999806285 ], [ 589605.0, 7654037.941999999806285 ], [ 589575.0, 7654037.941999999806285 ], [ 589575.0, 7654067.941999999806285 ], [ 589545.0, 7654097.941999999806285 ], [ 589515.0, 7654127.941999999806285 ], [ 589485.0, 7654157.941999999806285 ], [ 589485.0, 7654187.941999999806285 ], [ 589455.0, 7654187.941999999806285 ], [ 589455.0, 7654217.941999999806285 ], [ 589425.0, 7654247.941999999806285 ], [ 589395.0, 7654277.941999999806285 ], [ 589365.0, 7654277.941999999806285 ], [ 589365.0, 7654307.941999999806285 ], [ 589305.0, 7654307.941999999806285 ], [ 589305.0, 7654337.941999999806285 ], [ 589275.0, 7654367.941999999806285 ], [ 589245.0, 7654367.941999999806285 ], [ 589245.0, 7654397.941999999806285 ], [ 589215.0, 7654397.941999999806285 ], [ 589215.0, 7654427.941999999806285 ], [ 589185.0, 7654457.941999999806285 ], [ 589155.0, 7654457.941999999806285 ], [ 589125.0, 7654487.941999999806285 ], [ 589125.0, 7654517.941999999806285 ], [ 589095.0, 7654517.941999999806285 ], [ 589065.0, 7654547.941999999806285 ], [ 589065.0, 7654577.941999999806285 ], [ 589035.0, 7654607.941999999806285 ], [ 588975.0, 7654637.941999999806285 ], [ 588975.0, 7654667.941999999806285 ], [ 588945.0, 7654697.941999999806285 ], [ 588915.0, 7654727.941999999806285 ], [ 588885.0, 7654757.941999999806285 ], [ 588885.0, 7654787.941999999806285 ], [ 588885.0, 7654817.941999999806285 ], [ 588855.0, 7654817.941999999806285 ], [ 588855.0, 7654847.941999999806285 ], [ 588825.0, 7654877.941999999806285 ], [ 588825.0, 7654907.941999999806285 ], [ 588795.0, 7654907.941999999806285 ], [ 588795.0, 7654937.941999999806285 ], [ 588795.0, 7654967.941999999806285 ], [ 588795.0, 7654997.941999999806285 ], [ 588795.0, 7655027.941999999806285 ], [ 588795.0, 7655057.941999999806285 ], [ 588765.0, 7655057.941999999806285 ], [ 588735.0, 7655087.941999999806285 ], [ 588735.0, 7655117.941999999806285 ], [ 588705.0, 7655147.941999999806285 ], [ 588675.0, 7655207.941999999806285 ], [ 588645.0, 7655207.941999999806285 ], [ 588645.0, 7655237.941999999806285 ], [ 588585.0, 7655267.941999999806285 ], [ 588555.0, 7655267.941999999806285 ], [ 588555.0, 7655297.941999999806285 ], [ 588525.0, 7655297.941999999806285 ], [ 588525.0, 7655327.941999999806285 ], [ 588495.0, 7655327.941999999806285 ], [ 588495.0, 7655357.941999999806285 ], [ 588495.0, 7655387.941999999806285 ], [ 588465.0, 7655387.941999999806285 ], [ 588465.0, 7655417.941999999806285 ], [ 588435.0, 7655447.941999999806285 ], [ 588405.0, 7655447.941999999806285 ], [ 588405.0, 7655477.941999999806285 ], [ 588375.0, 7655477.941999999806285 ], [ 588345.0, 7655507.941999999806285 ], [ 588315.0, 7655537.941999999806285 ], [ 588255.0, 7655567.941999999806285 ], [ 588225.0, 7655567.941999999806285 ], [ 588195.0, 7655597.941999999806285 ], [ 588195.0, 7655627.941999999806285 ], [ 588165.0, 7655627.941999999806285 ], [ 588105.0, 7655657.941999999806285 ], [ 588105.0, 7655687.941999999806285 ], [ 588075.0, 7655687.941999999806285 ], [ 588075.0, 7655717.941999999806285 ], [ 588045.0, 7655747.941999999806285 ], [ 588015.0, 7655747.941999999806285 ], [ 588015.0, 7655777.941999999806285 ], [ 587985.0, 7655777.941999999806285 ], [ 587985.0, 7655807.941999999806285 ], [ 587985.0, 7655837.941999999806285 ], [ 587955.0, 7655867.941999999806285 ], [ 587955.0, 7655897.941999999806285 ], [ 587985.0, 7655927.941999999806285 ], [ 587985.0, 7655957.941999999806285 ], [ 587985.0, 7655987.941999999806285 ], [ 587985.0, 7656017.941999999806285 ], [ 588015.0, 7656017.941999999806285 ], [ 588015.0, 7656047.941999999806285 ], [ 588015.0, 7656077.941999999806285 ], [ 588045.0, 7656077.941999999806285 ], [ 588045.0, 7656137.941999999806285 ], [ 588075.0, 7656137.941999999806285 ], [ 588075.0, 7656167.941999999806285 ], [ 588075.0, 7656197.941999999806285 ], [ 588075.0, 7656227.941999999806285 ], [ 588075.0, 7656257.941999999806285 ], [ 588105.0, 7656257.941999999806285 ], [ 588105.0, 7656287.941999999806285 ], [ 588135.0, 7656287.941999999806285 ], [ 588135.0, 7656317.941999999806285 ], [ 588165.0, 7656317.941999999806285 ], [ 588195.0, 7656317.941999999806285 ], [ 588225.0, 7656347.941999999806285 ], [ 588255.0, 7656347.941999999806285 ], [ 588285.0, 7656347.941999999806285 ], [ 588285.0, 7656377.941999999806285 ], [ 588315.0, 7656377.941999999806285 ], [ 588315.0, 7656407.941999999806285 ], [ 588315.0, 7656437.941999999806285 ], [ 588345.0, 7656437.941999999806285 ], [ 588375.0, 7656467.941999999806285 ], [ 588405.0, 7656497.941999999806285 ], [ 588405.0, 7656527.941999999806285 ], [ 588435.0, 7656527.941999999806285 ], [ 588435.0, 7656557.941999999806285 ], [ 588465.0, 7656587.941999999806285 ], [ 588495.0, 7656617.941999999806285 ], [ 588495.0, 7656647.941999999806285 ], [ 588495.0, 7656677.941999999806285 ], [ 588525.0, 7656677.941999999806285 ], [ 588495.0, 7656677.941999999806285 ], [ 588465.0, 7656677.941999999806285 ], [ 588465.0, 7656647.941999999806285 ], [ 588435.0, 7656647.941999999806285 ], [ 588405.0, 7656647.941999999806285 ], [ 588345.0, 7656647.941999999806285 ], [ 588345.0, 7656617.941999999806285 ], [ 588315.0, 7656617.941999999806285 ], [ 588285.0, 7656617.941999999806285 ], [ 588255.0, 7656617.941999999806285 ], [ 588255.0, 7656587.941999999806285 ], [ 588225.0, 7656587.941999999806285 ], [ 588195.0, 7656557.941999999806285 ], [ 588165.0, 7656557.941999999806285 ], [ 588135.0, 7656557.941999999806285 ], [ 588105.0, 7656557.941999999806285 ], [ 588075.0, 7656557.941999999806285 ], [ 588045.0, 7656557.941999999806285 ], [ 588015.0, 7656557.941999999806285 ], [ 587985.0, 7656557.941999999806285 ], [ 587985.0, 7656527.941999999806285 ], [ 587955.0, 7656527.941999999806285 ], [ 587955.0, 7656497.941999999806285 ], [ 587925.0, 7656467.941999999806285 ], [ 587895.0, 7656467.941999999806285 ], [ 587895.0, 7656437.941999999806285 ], [ 587835.0, 7656407.941999999806285 ], [ 587835.0, 7656377.941999999806285 ], [ 587805.0, 7656377.941999999806285 ], [ 587805.0, 7656347.941999999806285 ], [ 587775.0, 7656347.941999999806285 ], [ 587745.0, 7656347.941999999806285 ], [ 587715.0, 7656347.941999999806285 ], [ 587715.0, 7656317.941999999806285 ], [ 587685.0, 7656317.941999999806285 ], [ 587655.0, 7656317.941999999806285 ], [ 587655.0, 7656287.941999999806285 ], [ 587625.0, 7656287.941999999806285 ], [ 587625.0, 7656257.941999999806285 ], [ 587595.0, 7656257.941999999806285 ], [ 587565.0, 7656227.941999999806285 ], [ 587535.0, 7656227.941999999806285 ], [ 587535.0, 7656197.941999999806285 ], [ 587505.0, 7656197.941999999806285 ], [ 587475.0, 7656197.941999999806285 ], [ 587445.0, 7656197.941999999806285 ], [ 587415.0, 7656197.941999999806285 ], [ 587385.0, 7656197.941999999806285 ], [ 587385.0, 7656167.941999999806285 ], [ 587385.0, 7656137.941999999806285 ], [ 587385.0, 7656077.941999999806285 ], [ 587385.0, 7656047.941999999806285 ], [ 587385.0, 7656017.941999999806285 ], [ 587355.0, 7656017.941999999806285 ], [ 587325.0, 7656017.941999999806285 ], [ 587265.0, 7656017.941999999806285 ], [ 587235.0, 7656017.941999999806285 ], [ 587205.0, 7656017.941999999806285 ], [ 587175.0, 7656017.941999999806285 ], [ 587145.0, 7656017.941999999806285 ], [ 587085.0, 7656017.941999999806285 ], [ 587055.0, 7656017.941999999806285 ], [ 587025.0, 7656017.941999999806285 ], [ 586995.0, 7656017.941999999806285 ], [ 586965.0, 7656047.941999999806285 ], [ 586935.0, 7656047.941999999806285 ], [ 586905.0, 7656047.941999999806285 ], [ 586875.0, 7656077.941999999806285 ], [ 586845.0, 7656077.941999999806285 ], [ 586815.0, 7656077.941999999806285 ], [ 586785.0, 7656077.941999999806285 ], [ 586725.0, 7656107.941999999806285 ], [ 586725.0, 7656137.941999999806285 ], [ 586695.0, 7656137.941999999806285 ], [ 586665.0, 7656137.941999999806285 ], [ 586665.0, 7656167.941999999806285 ], [ 586635.0, 7656167.941999999806285 ], [ 586605.0, 7656197.941999999806285 ], [ 586575.0, 7656197.941999999806285 ], [ 586545.0, 7656227.941999999806285 ], [ 586515.0, 7656227.941999999806285 ], [ 586515.0, 7656257.941999999806285 ], [ 586485.0, 7656287.941999999806285 ], [ 586455.0, 7656287.941999999806285 ], [ 586455.0, 7656317.941999999806285 ], [ 586425.0, 7656347.941999999806285 ], [ 586395.0, 7656347.941999999806285 ], [ 586335.0, 7656377.941999999806285 ], [ 586335.0, 7656407.941999999806285 ], [ 586305.0, 7656437.941999999806285 ], [ 586275.0, 7656437.941999999806285 ], [ 586245.0, 7656467.941999999806285 ], [ 586215.0, 7656467.941999999806285 ], [ 586215.0, 7656497.941999999806285 ], [ 586185.0, 7656497.941999999806285 ], [ 586185.0, 7656527.941999999806285 ], [ 586155.0, 7656557.941999999806285 ], [ 586125.0, 7656557.941999999806285 ], [ 586125.0, 7656587.941999999806285 ], [ 586125.0, 7656617.941999999806285 ], [ 586095.0, 7656617.941999999806285 ], [ 586065.0, 7656647.941999999806285 ], [ 586065.0, 7656677.941999999806285 ], [ 586035.0, 7656677.941999999806285 ], [ 586005.0, 7656707.941999999806285 ], [ 585975.0, 7656737.941999999806285 ], [ 585975.0, 7656797.941999999806285 ], [ 585945.0, 7656797.941999999806285 ], [ 585915.0, 7656857.941999999806285 ], [ 585885.0, 7656857.941999999806285 ], [ 585885.0, 7656917.941999999806285 ], [ 585885.0, 7656947.941999999806285 ], [ 585885.0, 7656977.941999999806285 ], [ 585885.0, 7657007.941999999806285 ], [ 585855.0, 7657037.941999999806285 ], [ 585855.0, 7657067.941999999806285 ], [ 585855.0, 7657097.941999999806285 ], [ 585855.0, 7657127.941999999806285 ], [ 585855.0, 7657157.941999999806285 ], [ 585855.0, 7657187.941999999806285 ], [ 585825.0, 7657187.941999999806285 ], [ 585825.0, 7657217.941999999806285 ], [ 585825.0, 7657247.941999999806285 ], [ 585825.0, 7657277.941999999806285 ], [ 585795.0, 7657307.941999999806285 ], [ 585765.0, 7657337.941999999806285 ], [ 585735.0, 7657397.941999999806285 ], [ 585705.0, 7657487.941999999806285 ], [ 585675.0, 7657547.941999999806285 ], [ 585645.0, 7657697.941999999806285 ], [ 585615.0, 7657757.941999999806285 ], [ 585585.0, 7657787.941999999806285 ], [ 585555.0, 7657847.941999999806285 ], [ 585555.0, 7657877.941999999806285 ], [ 585525.0, 7657907.941999999806285 ], [ 585525.0, 7657937.941999999806285 ], [ 585525.0, 7657967.941999999806285 ], [ 585555.0, 7657997.941999999806285 ], [ 585585.0, 7658027.941999999806285 ], [ 585585.0, 7658057.941999999806285 ], [ 585585.0, 7658117.941999999806285 ], [ 585585.0, 7658147.941999999806285 ], [ 585585.0, 7658177.941999999806285 ], [ 585585.0, 7658207.941999999806285 ], [ 585585.0, 7658237.941999999806285 ], [ 585585.0, 7658267.941999999806285 ], [ 585585.0, 7658297.941999999806285 ], [ 585585.0, 7658327.941999999806285 ], [ 585585.0, 7658357.941999999806285 ], [ 585585.0, 7658387.941999999806285 ], [ 585585.0, 7658417.941999999806285 ], [ 585615.0, 7658447.941999999806285 ], [ 585615.0, 7658507.941999999806285 ], [ 585615.0, 7658537.941999999806285 ], [ 585615.0, 7658567.941999999806285 ], [ 585615.0, 7658597.941999999806285 ], [ 585615.0, 7658627.941999999806285 ], [ 585615.0, 7658657.941999999806285 ], [ 585615.0, 7658687.941999999806285 ], [ 585615.0, 7658717.941999999806285 ], [ 585615.0, 7658747.941999999806285 ], [ 585615.0, 7658777.941999999806285 ], [ 585615.0, 7658807.941999999806285 ], [ 585615.0, 7658837.941999999806285 ], [ 585615.0, 7658867.941999999806285 ], [ 585615.0, 7658897.941999999806285 ], [ 585615.0, 7658957.941999999806285 ], [ 585615.0, 7658987.941999999806285 ], [ 585615.0, 7659017.941999999806285 ], [ 585615.0, 7659047.941999999806285 ], [ 585615.0, 7659077.941999999806285 ], [ 585615.0, 7659107.941999999806285 ], [ 585615.0, 7659137.941999999806285 ], [ 585615.0, 7659167.941999999806285 ], [ 585585.0, 7659167.941999999806285 ], [ 585585.0, 7659197.941999999806285 ], [ 585585.0, 7659227.941999999806285 ], [ 585585.0, 7659257.941999999806285 ], [ 585585.0, 7659287.941999999806285 ], [ 585555.0, 7659287.941999999806285 ], [ 585555.0, 7659317.941999999806285 ], [ 585525.0, 7659347.941999999806285 ], [ 585525.0, 7659377.941999999806285 ], [ 585495.0, 7659377.941999999806285 ], [ 585495.0, 7659407.941999999806285 ], [ 585465.0, 7659407.941999999806285 ], [ 585465.0, 7659437.941999999806285 ], [ 585435.0, 7659437.941999999806285 ], [ 585435.0, 7659467.941999999806285 ], [ 585405.0, 7659467.941999999806285 ], [ 585375.0, 7659497.941999999806285 ], [ 585375.0, 7659527.941999999806285 ], [ 585345.0, 7659527.941999999806285 ], [ 585345.0, 7659557.941999999806285 ], [ 585345.0, 7659587.941999999806285 ], [ 585315.0, 7659587.941999999806285 ], [ 585285.0, 7659617.941999999806285 ], [ 585285.0, 7659647.941999999806285 ], [ 585285.0, 7659677.941999999806285 ], [ 585255.0, 7659707.941999999806285 ], [ 585255.0, 7659737.941999999806285 ], [ 585225.0, 7659737.941999999806285 ], [ 585225.0, 7659767.941999999806285 ], [ 585225.0, 7659797.941999999806285 ], [ 585195.0, 7659797.941999999806285 ], [ 585195.0, 7659827.941999999806285 ], [ 585195.0, 7659857.941999999806285 ], [ 585195.0, 7659887.941999999806285 ], [ 585195.0, 7659917.941999999806285 ], [ 585195.0, 7659947.941999999806285 ], [ 585195.0, 7659977.941999999806285 ], [ 585195.0, 7660007.941999999806285 ], [ 585165.0, 7660007.941999999806285 ], [ 585165.0, 7660037.941999999806285 ], [ 585165.0, 7660067.941999999806285 ], [ 585165.0, 7660097.941999999806285 ], [ 585165.0, 7660127.941999999806285 ], [ 585165.0, 7660157.941999999806285 ], [ 585165.0, 7660187.941999999806285 ], [ 585165.0, 7660217.941999999806285 ], [ 585165.0, 7660247.941999999806285 ], [ 585165.0, 7660277.941999999806285 ], [ 585135.0, 7660307.941999999806285 ], [ 585135.0, 7660337.941999999806285 ], [ 585105.0, 7660367.941999999806285 ], [ 585075.0, 7660367.941999999806285 ], [ 585045.0, 7660397.941999999806285 ], [ 585045.0, 7660427.941999999806285 ], [ 585015.0, 7660427.941999999806285 ], [ 584985.0, 7660427.941999999806285 ], [ 584985.0, 7660457.941999999806285 ], [ 584985.0, 7660487.941999999806285 ], [ 584985.0, 7660517.941999999806285 ], [ 584985.0, 7660547.941999999806285 ], [ 584985.0, 7660577.941999999806285 ], [ 584985.0, 7660607.941999999806285 ], [ 584985.0, 7660637.941999999806285 ], [ 584985.0, 7660667.941999999806285 ], [ 584985.0, 7660697.941999999806285 ], [ 584985.0, 7660727.941999999806285 ], [ 584985.0, 7660757.941999999806285 ], [ 584985.0, 7660787.941999999806285 ], [ 584985.0, 7660817.941999999806285 ], [ 584985.0, 7660847.941999999806285 ], [ 584985.0, 7660877.941999999806285 ], [ 585015.0, 7660877.941999999806285 ], [ 585015.0, 7660937.941999999806285 ], [ 585045.0, 7660997.941999999806285 ], [ 585075.0, 7661027.941999999806285 ], [ 585075.0, 7661057.941999999806285 ], [ 585105.0, 7661057.941999999806285 ], [ 585135.0, 7661087.941999999806285 ], [ 585135.0, 7661117.941999999806285 ], [ 585165.0, 7661117.941999999806285 ], [ 585195.0, 7661117.941999999806285 ], [ 585225.0, 7661177.941999999806285 ], [ 585255.0, 7661207.941999999806285 ], [ 585285.0, 7661237.941999999806285 ], [ 585315.0, 7661267.941999999806285 ], [ 585345.0, 7661297.941999999806285 ], [ 585345.0, 7661327.941999999806285 ], [ 585375.0, 7661357.941999999806285 ], [ 585405.0, 7661357.941999999806285 ], [ 585405.0, 7661387.941999999806285 ], [ 585405.0, 7661417.941999999806285 ], [ 585405.0, 7661477.941999999806285 ], [ 585405.0, 7661507.941999999806285 ], [ 585435.0, 7661537.941999999806285 ], [ 585435.0, 7661567.941999999806285 ], [ 585465.0, 7661597.941999999806285 ], [ 585495.0, 7661627.941999999806285 ], [ 585495.0, 7661657.941999999806285 ], [ 585495.0, 7661687.941999999806285 ], [ 585525.0, 7661687.941999999806285 ], [ 585525.0, 7661747.941999999806285 ], [ 585555.0, 7661747.941999999806285 ], [ 585555.0, 7661807.941999999806285 ], [ 585615.0, 7661867.941999999806285 ], [ 585645.0, 7661867.941999999806285 ], [ 585675.0, 7661927.941999999806285 ], [ 585705.0, 7661927.941999999806285 ], [ 585735.0, 7661987.941999999806285 ], [ 585765.0, 7662017.941999999806285 ], [ 585765.0, 7662047.941999999806285 ], [ 585765.0, 7662077.941999999806285 ], [ 585765.0, 7662107.941999999806285 ], [ 585765.0, 7662137.941999999806285 ], [ 585765.0, 7662167.941999999806285 ], [ 585735.0, 7662167.941999999806285 ], [ 585735.0, 7662227.941999999806285 ], [ 585735.0, 7662257.941999999806285 ], [ 585735.0, 7662287.941999999806285 ], [ 585735.0, 7662317.941999999806285 ], [ 585735.0, 7662347.941999999806285 ], [ 585735.0, 7662377.941999999806285 ], [ 585735.0, 7662407.941999999806285 ], [ 585735.0, 7662437.941999999806285 ], [ 585735.0, 7662467.941999999806285 ], [ 585735.0, 7662497.941999999806285 ], [ 585735.0, 7662527.941999999806285 ], [ 585735.0, 7662557.941999999806285 ], [ 585735.0, 7662587.941999999806285 ], [ 585735.0, 7662617.941999999806285 ], [ 585735.0, 7662647.941999999806285 ], [ 585765.0, 7662677.941999999806285 ], [ 585765.0, 7662707.941999999806285 ], [ 585795.0, 7662707.941999999806285 ], [ 585795.0, 7662737.941999999806285 ], [ 585825.0, 7662767.941999999806285 ], [ 585855.0, 7662797.941999999806285 ], [ 585885.0, 7662797.941999999806285 ], [ 585915.0, 7662827.941999999806285 ], [ 585915.0, 7662857.941999999806285 ], [ 585945.0, 7662887.941999999806285 ], [ 585945.0, 7662917.941999999806285 ], [ 585975.0, 7662917.941999999806285 ], [ 585975.0, 7662947.941999999806285 ], [ 586005.0, 7662977.941999999806285 ], [ 586035.0, 7663007.941999999806285 ], [ 586065.0, 7663007.941999999806285 ], [ 586065.0, 7663037.941999999806285 ], [ 586065.0, 7663067.941999999806285 ], [ 586095.0, 7663067.941999999806285 ], [ 586125.0, 7663097.941999999806285 ], [ 586125.0, 7663127.941999999806285 ], [ 586125.0, 7663157.941999999806285 ], [ 586155.0, 7663187.941999999806285 ], [ 586155.0, 7663217.941999999806285 ], [ 586155.0, 7663247.941999999806285 ], [ 586155.0, 7663277.941999999806285 ], [ 586155.0, 7663367.941999999806285 ], [ 586185.0, 7663367.941999999806285 ], [ 586185.0, 7663427.941999999806285 ], [ 586215.0, 7663457.941999999806285 ], [ 586245.0, 7663517.941999999806285 ], [ 586245.0, 7663577.941999999806285 ], [ 586245.0, 7663607.941999999806285 ], [ 586275.0, 7663607.941999999806285 ], [ 586275.0, 7663637.941999999806285 ], [ 586305.0, 7663637.941999999806285 ], [ 586305.0, 7663667.941999999806285 ], [ 586365.0, 7663697.941999999806285 ], [ 586395.0, 7663727.941999999806285 ], [ 586425.0, 7663757.941999999806285 ], [ 586425.0, 7663787.941999999806285 ], [ 586455.0, 7663787.941999999806285 ], [ 586485.0, 7663817.941999999806285 ], [ 586515.0, 7663847.941999999806285 ], [ 586515.0, 7663877.941999999806285 ], [ 586515.0, 7663907.941999999806285 ], [ 586515.0, 7663937.941999999806285 ], [ 586515.0, 7663967.941999999806285 ], [ 586515.0, 7663997.941999999806285 ], [ 586515.0, 7664027.941999999806285 ], [ 586485.0, 7664027.941999999806285 ], [ 586545.0, 7664207.941999999806285 ], [ 586545.0, 7664237.941999999806285 ], [ 586545.0, 7664267.941999999806285 ], [ 586575.0, 7664297.941999999806285 ], [ 586575.0, 7664327.941999999806285 ], [ 586575.0, 7664357.941999999806285 ], [ 586575.0, 7664387.941999999806285 ], [ 586575.0, 7664417.941999999806285 ], [ 586575.0, 7664447.941999999806285 ], [ 586575.0, 7664477.941999999806285 ], [ 586575.0, 7664507.941999999806285 ], [ 586575.0, 7664537.941999999806285 ], [ 586575.0, 7664567.941999999806285 ], [ 586575.0, 7664597.941999999806285 ], [ 586575.0, 7664627.941999999806285 ], [ 586575.0, 7664657.941999999806285 ], [ 586575.0, 7664717.941999999806285 ], [ 586575.0, 7664747.941999999806285 ], [ 586575.0, 7664777.941999999806285 ], [ 586635.0, 7664837.941999999806285 ], [ 586635.0, 7664867.941999999806285 ], [ 586665.0, 7664867.941999999806285 ], [ 586665.0, 7664897.941999999806285 ], [ 586665.0, 7664927.941999999806285 ], [ 586665.0, 7664957.941999999806285 ], [ 586695.0, 7664957.941999999806285 ], [ 586695.0, 7664987.941999999806285 ], [ 586755.0, 7664987.941999999806285 ], [ 586755.0, 7665017.941999999806285 ], [ 586785.0, 7665047.941999999806285 ], [ 586845.0, 7665107.941999999806285 ], [ 586875.0, 7665137.941999999806285 ], [ 586875.0, 7665167.941999999806285 ], [ 586905.0, 7665167.941999999806285 ], [ 586905.0, 7665197.941999999806285 ], [ 586935.0, 7665227.941999999806285 ], [ 586965.0, 7665227.941999999806285 ], [ 586995.0, 7665287.941999999806285 ], [ 586995.0, 7665317.941999999806285 ], [ 587055.0, 7665347.941999999806285 ], [ 587085.0, 7665377.941999999806285 ], [ 587115.0, 7665407.941999999806285 ], [ 587115.0, 7665497.941999999806285 ], [ 587145.0, 7665497.941999999806285 ], [ 587145.0, 7665527.941999999806285 ], [ 587145.0, 7665557.941999999806285 ], [ 587145.0, 7665617.941999999806285 ], [ 587145.0, 7665647.941999999806285 ], [ 587145.0, 7665677.941999999806285 ], [ 587175.0, 7665677.941999999806285 ], [ 587175.0, 7665707.941999999806285 ], [ 587175.0, 7665737.941999999806285 ], [ 587175.0, 7665767.941999999806285 ], [ 587175.0, 7665797.941999999806285 ], [ 587175.0, 7665827.941999999806285 ], [ 587175.0, 7665857.941999999806285 ], [ 587175.0, 7665887.941999999806285 ], [ 587175.0, 7665917.941999999806285 ], [ 587205.0, 7665947.941999999806285 ], [ 587205.0, 7665977.941999999806285 ], [ 587235.0, 7666007.941999999806285 ], [ 587235.0, 7666037.941999999806285 ], [ 587235.0, 7666067.941999999806285 ], [ 587235.0, 7666097.941999999806285 ], [ 587235.0, 7666127.941999999806285 ], [ 587235.0, 7666157.941999999806285 ], [ 587265.0, 7666157.941999999806285 ], [ 587295.0, 7666157.941999999806285 ], [ 587295.0, 7666187.941999999806285 ], [ 587325.0, 7666187.941999999806285 ], [ 587355.0, 7666187.941999999806285 ], [ 587355.0, 7666157.941999999806285 ], [ 587355.0, 7666127.941999999806285 ], [ 587385.0, 7666127.941999999806285 ], [ 587415.0, 7666067.941999999806285 ], [ 587445.0, 7666067.941999999806285 ], [ 587475.0, 7666037.941999999806285 ], [ 587475.0, 7666007.941999999806285 ], [ 587505.0, 7666007.941999999806285 ], [ 587505.0, 7665977.941999999806285 ], [ 587505.0, 7665947.941999999806285 ], [ 587505.0, 7665917.941999999806285 ], [ 587535.0, 7665887.941999999806285 ], [ 587535.0, 7665857.941999999806285 ], [ 587565.0, 7665827.941999999806285 ], [ 587595.0, 7665827.941999999806285 ], [ 587595.0, 7665857.941999999806285 ], [ 587595.0, 7665887.941999999806285 ], [ 587595.0, 7665917.941999999806285 ], [ 587595.0, 7665947.941999999806285 ], [ 587595.0, 7665977.941999999806285 ], [ 587595.0, 7666007.941999999806285 ], [ 587595.0, 7666067.941999999806285 ], [ 587595.0, 7666097.941999999806285 ], [ 587595.0, 7666127.941999999806285 ], [ 587595.0, 7666157.941999999806285 ], [ 587595.0, 7666187.941999999806285 ], [ 587565.0, 7666187.941999999806285 ], [ 587565.0, 7666217.941999999806285 ], [ 587565.0, 7666247.941999999806285 ], [ 587565.0, 7666277.941999999806285 ], [ 587595.0, 7666277.941999999806285 ], [ 587595.0, 7666307.941999999806285 ], [ 587625.0, 7666307.941999999806285 ], [ 587625.0, 7666337.941999999806285 ], [ 587655.0, 7666367.941999999806285 ], [ 587655.0, 7666397.941999999806285 ], [ 587685.0, 7666397.941999999806285 ], [ 587715.0, 7666427.941999999806285 ], [ 587745.0, 7666427.941999999806285 ], [ 587745.0, 7666457.941999999806285 ], [ 587775.0, 7666487.941999999806285 ], [ 587805.0, 7666487.941999999806285 ], [ 587835.0, 7666487.941999999806285 ], [ 587835.0, 7666517.941999999806285 ], [ 587835.0, 7666547.941999999806285 ], [ 587835.0, 7666577.941999999806285 ], [ 587865.0, 7666577.941999999806285 ], [ 587865.0, 7666607.941999999806285 ], [ 587895.0, 7666637.941999999806285 ], [ 587895.0, 7666667.941999999806285 ], [ 587925.0, 7666667.941999999806285 ], [ 587925.0, 7666697.941999999806285 ], [ 587925.0, 7666727.941999999806285 ], [ 587925.0, 7666757.941999999806285 ], [ 587955.0, 7666787.941999999806285 ], [ 587955.0, 7666817.941999999806285 ], [ 587955.0, 7666847.941999999806285 ], [ 587955.0, 7666877.941999999806285 ], [ 587955.0, 7666907.941999999806285 ], [ 587955.0, 7666937.941999999806285 ], [ 587955.0, 7666967.941999999806285 ], [ 587955.0, 7666997.941999999806285 ], [ 587955.0, 7667027.941999999806285 ], [ 587955.0, 7667057.941999999806285 ], [ 587955.0, 7667087.941999999806285 ], [ 587955.0, 7667117.941999999806285 ], [ 587955.0, 7667147.941999999806285 ], [ 587955.0, 7667177.941999999806285 ], [ 587955.0, 7667207.941999999806285 ], [ 587955.0, 7667237.941999999806285 ], [ 587985.0, 7667267.941999999806285 ], [ 587985.0, 7667297.941999999806285 ], [ 587985.0, 7667327.941999999806285 ], [ 588015.0, 7667357.941999999806285 ], [ 588015.0, 7667387.941999999806285 ], [ 588015.0, 7667417.941999999806285 ], [ 588045.0, 7667477.941999999806285 ], [ 588045.0, 7667507.941999999806285 ], [ 588045.0, 7667567.941999999806285 ], [ 588045.0, 7667597.941999999806285 ], [ 588045.0, 7667627.941999999806285 ], [ 588045.0, 7667657.941999999806285 ], [ 588045.0, 7667717.941999999806285 ], [ 588045.0, 7667747.941999999806285 ], [ 588045.0, 7667777.941999999806285 ], [ 588075.0, 7667807.941999999806285 ], [ 588075.0, 7667867.941999999806285 ], [ 588105.0, 7667927.941999999806285 ], [ 588135.0, 7667927.941999999806285 ], [ 588135.0, 7667957.941999999806285 ], [ 588165.0, 7667957.941999999806285 ], [ 588165.0, 7667987.941999999806285 ], [ 588165.0, 7668017.941999999806285 ], [ 588165.0, 7668047.941999999806285 ], [ 588165.0, 7668077.941999999806285 ], [ 588135.0, 7668107.941999999806285 ], [ 588135.0, 7668137.941999999806285 ], [ 588135.0, 7668167.941999999806285 ], [ 588075.0, 7668227.941999999806285 ], [ 588045.0, 7668257.941999999806285 ], [ 588015.0, 7668287.941999999806285 ], [ 587985.0, 7668317.941999999806285 ], [ 587985.0, 7668347.941999999806285 ], [ 587955.0, 7668347.941999999806285 ], [ 587955.0, 7668377.941999999806285 ], [ 587925.0, 7668377.941999999806285 ], [ 587925.0, 7668407.941999999806285 ], [ 587895.0, 7668437.941999999806285 ], [ 587895.0, 7668467.941999999806285 ], [ 587895.0, 7668497.941999999806285 ], [ 587865.0, 7668527.941999999806285 ], [ 587865.0, 7668557.941999999806285 ], [ 587835.0, 7668557.941999999806285 ], [ 587835.0, 7668587.941999999806285 ], [ 587805.0, 7668617.941999999806285 ], [ 587805.0, 7668647.941999999806285 ], [ 587805.0, 7668677.941999999806285 ], [ 587805.0, 7668707.941999999806285 ], [ 587805.0, 7668737.941999999806285 ], [ 587775.0, 7668737.941999999806285 ], [ 587775.0, 7668767.941999999806285 ], [ 587775.0, 7668797.941999999806285 ], [ 587775.0, 7668827.941999999806285 ], [ 587775.0, 7668857.941999999806285 ], [ 587775.0, 7668887.941999999806285 ], [ 587775.0, 7668917.941999999806285 ], [ 587775.0, 7668947.941999999806285 ], [ 587775.0, 7668977.941999999806285 ], [ 587775.0, 7669007.941999999806285 ], [ 587745.0, 7669007.941999999806285 ], [ 587745.0, 7669037.941999999806285 ], [ 587745.0, 7669067.941999999806285 ], [ 587745.0, 7669097.941999999806285 ], [ 587745.0, 7669127.941999999806285 ], [ 587745.0, 7669157.941999999806285 ], [ 587745.0, 7669187.941999999806285 ], [ 587745.0, 7669217.941999999806285 ], [ 587715.0, 7669277.941999999806285 ], [ 587685.0, 7669277.941999999806285 ], [ 587685.0, 7669307.941999999806285 ], [ 587655.0, 7669307.941999999806285 ], [ 587655.0, 7669337.941999999806285 ], [ 587625.0, 7669337.941999999806285 ], [ 587625.0, 7669367.941999999806285 ], [ 587625.0, 7669397.941999999806285 ], [ 587595.0, 7669397.941999999806285 ], [ 587595.0, 7669427.941999999806285 ], [ 587565.0, 7669427.941999999806285 ], [ 587565.0, 7669457.941999999806285 ], [ 587565.0, 7669487.941999999806285 ], [ 587535.0, 7669487.941999999806285 ], [ 587505.0, 7669487.941999999806285 ], [ 587475.0, 7669517.941999999806285 ], [ 587445.0, 7669517.941999999806285 ], [ 587445.0, 7669547.941999999806285 ], [ 587265.0, 7669997.941999999806285 ], [ 587295.0, 7669997.941999999806285 ], [ 587295.0, 7670027.941999999806285 ], [ 587295.0, 7670057.941999999806285 ], [ 587295.0, 7670117.941999999806285 ], [ 587325.0, 7670147.941999999806285 ], [ 587325.0, 7670177.941999999806285 ], [ 587325.0, 7670207.941999999806285 ], [ 587325.0, 7670237.941999999806285 ], [ 587325.0, 7670267.941999999806285 ], [ 587325.0, 7670297.941999999806285 ], [ 587325.0, 7670327.941999999806285 ], [ 587355.0, 7670357.941999999806285 ], [ 587355.0, 7670387.941999999806285 ], [ 587355.0, 7670417.941999999806285 ], [ 587355.0, 7670447.941999999806285 ], [ 587355.0, 7670477.941999999806285 ], [ 587325.0, 7670477.941999999806285 ], [ 587325.0, 7670507.941999999806285 ], [ 587295.0, 7670507.941999999806285 ], [ 587265.0, 7670567.941999999806285 ], [ 587235.0, 7670567.941999999806285 ], [ 587235.0, 7670627.941999999806285 ], [ 587205.0, 7670627.941999999806285 ], [ 587205.0, 7670657.941999999806285 ], [ 587175.0, 7670687.941999999806285 ], [ 587145.0, 7670687.941999999806285 ], [ 587145.0, 7670717.941999999806285 ], [ 587115.0, 7670717.941999999806285 ], [ 587115.0, 7670747.941999999806285 ], [ 587085.0, 7670747.941999999806285 ], [ 587085.0, 7670777.941999999806285 ], [ 587085.0, 7670807.941999999806285 ], [ 587055.0, 7670807.941999999806285 ], [ 587055.0, 7670867.941999999806285 ], [ 587055.0, 7670897.941999999806285 ], [ 587055.0, 7670927.941999999806285 ], [ 587025.0, 7670957.941999999806285 ], [ 587025.0, 7670987.941999999806285 ], [ 587025.0, 7671017.941999999806285 ], [ 587025.0, 7671047.941999999806285 ], [ 587025.0, 7671077.941999999806285 ], [ 587025.0, 7671107.941999999806285 ], [ 586995.0, 7671137.941999999806285 ], [ 586995.0, 7671167.941999999806285 ], [ 586995.0, 7671197.941999999806285 ], [ 586965.0, 7671197.941999999806285 ], [ 586965.0, 7671227.941999999806285 ], [ 586935.0, 7671227.941999999806285 ], [ 586935.0, 7671257.941999999806285 ], [ 586905.0, 7671287.941999999806285 ], [ 586905.0, 7671317.941999999806285 ], [ 586875.0, 7671317.941999999806285 ], [ 586875.0, 7671347.941999999806285 ], [ 586845.0, 7671377.941999999806285 ], [ 586845.0, 7671407.941999999806285 ], [ 586815.0, 7671407.941999999806285 ], [ 586815.0, 7671437.941999999806285 ], [ 586785.0, 7671437.941999999806285 ], [ 586785.0, 7671497.941999999806285 ], [ 586755.0, 7671497.941999999806285 ], [ 586755.0, 7671527.941999999806285 ], [ 586725.0, 7671527.941999999806285 ], [ 586725.0, 7671557.941999999806285 ], [ 586695.0, 7671557.941999999806285 ], [ 586695.0, 7671587.941999999806285 ], [ 586695.0, 7671617.941999999806285 ], [ 586665.0, 7671617.941999999806285 ], [ 586665.0, 7671647.941999999806285 ], [ 586635.0, 7671677.941999999806285 ], [ 586605.0, 7671707.941999999806285 ], [ 586575.0, 7671707.941999999806285 ], [ 586575.0, 7671737.941999999806285 ], [ 586545.0, 7671767.941999999806285 ], [ 586545.0, 7671797.941999999806285 ], [ 586515.0, 7671797.941999999806285 ], [ 586515.0, 7671827.941999999806285 ], [ 586485.0, 7671827.941999999806285 ], [ 586485.0, 7671857.941999999806285 ], [ 586455.0, 7671887.941999999806285 ], [ 586455.0, 7671917.941999999806285 ], [ 586425.0, 7671917.941999999806285 ], [ 586425.0, 7671947.941999999806285 ], [ 586395.0, 7671977.941999999806285 ], [ 586365.0, 7672007.941999999806285 ], [ 586335.0, 7672037.941999999806285 ], [ 586335.0, 7672067.941999999806285 ], [ 586305.0, 7672097.941999999806285 ], [ 586275.0, 7672127.941999999806285 ], [ 586245.0, 7672157.941999999806285 ], [ 586215.0, 7672187.941999999806285 ], [ 586215.0, 7672217.941999999806285 ], [ 586185.0, 7672277.941999999806285 ], [ 586155.0, 7672307.941999999806285 ], [ 586155.0, 7672337.941999999806285 ], [ 586125.0, 7672337.941999999806285 ], [ 586095.0, 7672367.941999999806285 ], [ 586095.0, 7672397.941999999806285 ], [ 586095.0, 7672427.941999999806285 ], [ 586035.0, 7672427.941999999806285 ], [ 586035.0, 7672457.941999999806285 ], [ 585975.0, 7672487.941999999806285 ], [ 585975.0, 7672517.941999999806285 ], [ 585945.0, 7672517.941999999806285 ], [ 585945.0, 7672547.941999999806285 ], [ 585915.0, 7672547.941999999806285 ], [ 585885.0, 7672547.941999999806285 ], [ 585885.0, 7672577.941999999806285 ], [ 585855.0, 7672577.941999999806285 ], [ 585825.0, 7672607.941999999806285 ], [ 585825.0, 7672637.941999999806285 ], [ 585795.0, 7672637.941999999806285 ], [ 585795.0, 7672697.941999999806285 ], [ 585765.0, 7672697.941999999806285 ], [ 585735.0, 7672727.941999999806285 ], [ 585735.0, 7672757.941999999806285 ], [ 585705.0, 7672787.941999999806285 ], [ 585705.0, 7672817.941999999806285 ], [ 585675.0, 7672877.941999999806285 ], [ 585645.0, 7672877.941999999806285 ], [ 585645.0, 7672907.941999999806285 ], [ 585645.0, 7672937.941999999806285 ], [ 585645.0, 7672967.941999999806285 ], [ 585645.0, 7672997.941999999806285 ], [ 585645.0, 7673027.941999999806285 ], [ 585645.0, 7673057.941999999806285 ], [ 585675.0, 7673087.941999999806285 ], [ 585675.0, 7673117.941999999806285 ], [ 585645.0, 7673117.941999999806285 ], [ 585585.0, 7673117.941999999806285 ], [ 585555.0, 7673117.941999999806285 ], [ 585525.0, 7673117.941999999806285 ], [ 585525.0, 7673147.941999999806285 ], [ 585465.0, 7673177.941999999806285 ], [ 585435.0, 7673177.941999999806285 ], [ 585435.0, 7673207.941999999806285 ], [ 585405.0, 7673207.941999999806285 ], [ 585405.0, 7673237.941999999806285 ], [ 585435.0, 7673297.941999999806285 ], [ 585435.0, 7673327.941999999806285 ], [ 585435.0, 7673357.941999999806285 ], [ 585435.0, 7673387.941999999806285 ], [ 585435.0, 7673417.941999999806285 ], [ 585465.0, 7673447.941999999806285 ], [ 585465.0, 7673477.941999999806285 ], [ 585465.0, 7673507.941999999806285 ], [ 585465.0, 7673537.941999999806285 ], [ 585465.0, 7673567.941999999806285 ], [ 585465.0, 7673597.941999999806285 ], [ 585465.0, 7673627.941999999806285 ], [ 585435.0, 7673657.941999999806285 ], [ 585435.0, 7673687.941999999806285 ], [ 585435.0, 7673717.941999999806285 ], [ 585435.0, 7673747.941999999806285 ], [ 585405.0, 7673747.941999999806285 ], [ 585405.0, 7673777.941999999806285 ], [ 585405.0, 7673807.941999999806285 ], [ 585375.0, 7673807.941999999806285 ], [ 585375.0, 7673837.941999999806285 ], [ 585345.0, 7673837.941999999806285 ], [ 585345.0, 7673867.941999999806285 ], [ 585315.0, 7673897.941999999806285 ], [ 585285.0, 7673897.941999999806285 ], [ 585285.0, 7673927.941999999806285 ], [ 585285.0, 7673957.941999999806285 ], [ 585225.0, 7673957.941999999806285 ], [ 585225.0, 7673987.941999999806285 ], [ 585225.0, 7674017.941999999806285 ], [ 585195.0, 7674017.941999999806285 ], [ 585165.0, 7674047.941999999806285 ], [ 585165.0, 7674077.941999999806285 ], [ 585135.0, 7674077.941999999806285 ], [ 585135.0, 7674107.941999999806285 ], [ 585105.0, 7674107.941999999806285 ], [ 585075.0, 7674107.941999999806285 ], [ 585045.0, 7674107.941999999806285 ], [ 585015.0, 7674107.941999999806285 ], [ 584985.0, 7674107.941999999806285 ], [ 584955.0, 7674107.941999999806285 ], [ 584925.0, 7674107.941999999806285 ], [ 584865.0, 7674107.941999999806285 ], [ 584835.0, 7674107.941999999806285 ], [ 584805.0, 7674107.941999999806285 ], [ 584775.0, 7674107.941999999806285 ], [ 584745.0, 7674107.941999999806285 ], [ 584745.0, 7674137.941999999806285 ], [ 584715.0, 7674137.941999999806285 ], [ 584685.0, 7674137.941999999806285 ], [ 584655.0, 7674137.941999999806285 ], [ 584625.0, 7674167.941999999806285 ], [ 584595.0, 7674167.941999999806285 ], [ 584565.0, 7674167.941999999806285 ], [ 584565.0, 7674197.941999999806285 ], [ 584535.0, 7674197.941999999806285 ], [ 584505.0, 7674227.941999999806285 ], [ 584445.0, 7674257.941999999806285 ], [ 584415.0, 7674257.941999999806285 ], [ 584385.0, 7674287.941999999806285 ], [ 584355.0, 7674287.941999999806285 ], [ 584325.0, 7674287.941999999806285 ], [ 584325.0, 7674317.941999999806285 ], [ 584325.0, 7674287.941999999806285 ], [ 584295.0, 7674287.941999999806285 ], [ 584295.0, 7674257.941999999806285 ], [ 584265.0, 7674287.941999999806285 ], [ 584235.0, 7674347.941999999806285 ], [ 584235.0, 7674377.941999999806285 ], [ 584205.0, 7674407.941999999806285 ], [ 584205.0, 7674437.941999999806285 ], [ 584175.0, 7674437.941999999806285 ], [ 584175.0, 7674467.941999999806285 ], [ 584145.0, 7674467.941999999806285 ], [ 584145.0, 7674497.941999999806285 ], [ 584145.0, 7674527.941999999806285 ], [ 584145.0, 7674557.941999999806285 ], [ 584145.0, 7674587.941999999806285 ], [ 584115.0, 7674647.941999999806285 ], [ 584115.0, 7674677.941999999806285 ], [ 584085.0, 7674677.941999999806285 ], [ 584055.0, 7674707.941999999806285 ], [ 584055.0, 7674737.941999999806285 ], [ 584025.0, 7674737.941999999806285 ], [ 584025.0, 7674767.941999999806285 ], [ 583995.0, 7674797.941999999806285 ], [ 583965.0, 7674797.941999999806285 ], [ 583965.0, 7674827.941999999806285 ], [ 583935.0, 7674827.941999999806285 ], [ 583935.0, 7674857.941999999806285 ], [ 583935.0, 7674887.941999999806285 ], [ 583935.0, 7674917.941999999806285 ], [ 583905.0, 7674917.941999999806285 ], [ 583905.0, 7674947.941999999806285 ], [ 583875.0, 7674977.941999999806285 ], [ 583875.0, 7675007.941999999806285 ], [ 583875.0, 7675037.941999999806285 ], [ 583845.0, 7675037.941999999806285 ], [ 583845.0, 7675067.941999999806285 ], [ 583845.0, 7675097.941999999806285 ], [ 583845.0, 7675127.941999999806285 ], [ 583815.0, 7675127.941999999806285 ], [ 583815.0, 7675157.941999999806285 ], [ 583815.0, 7675187.941999999806285 ], [ 583815.0, 7675217.941999999806285 ], [ 583815.0, 7675247.941999999806285 ], [ 583815.0, 7675277.941999999806285 ], [ 583815.0, 7675337.941999999806285 ], [ 583785.0, 7675367.941999999806285 ], [ 583785.0, 7675397.941999999806285 ], [ 583785.0, 7675427.941999999806285 ], [ 583785.0, 7675457.941999999806285 ], [ 583785.0, 7675487.941999999806285 ], [ 583785.0, 7675517.941999999806285 ], [ 583785.0, 7675547.941999999806285 ], [ 583785.0, 7675577.941999999806285 ], [ 583755.0, 7675607.941999999806285 ], [ 583725.0, 7675607.941999999806285 ], [ 583695.0, 7675607.941999999806285 ], [ 583695.0, 7675637.941999999806285 ], [ 583665.0, 7675637.941999999806285 ], [ 583635.0, 7675667.941999999806285 ], [ 583635.0, 7675697.941999999806285 ], [ 583605.0, 7675727.941999999806285 ], [ 583605.0, 7675757.941999999806285 ], [ 583575.0, 7675757.941999999806285 ], [ 583575.0, 7675787.941999999806285 ], [ 583575.0, 7675817.941999999806285 ], [ 583545.0, 7675847.941999999806285 ], [ 583545.0, 7675877.941999999806285 ], [ 583515.0, 7675877.941999999806285 ], [ 583515.0, 7675907.941999999806285 ], [ 583515.0, 7675937.941999999806285 ], [ 583515.0, 7675967.941999999806285 ], [ 583485.0, 7675967.941999999806285 ], [ 583485.0, 7676027.941999999806285 ], [ 583485.0, 7676057.941999999806285 ], [ 583485.0, 7676087.941999999806285 ], [ 583485.0, 7676117.941999999806285 ], [ 583485.0, 7676147.941999999806285 ], [ 583455.0, 7676147.941999999806285 ], [ 583455.0, 7676177.941999999806285 ], [ 583455.0, 7676207.941999999806285 ], [ 583425.0, 7676237.941999999806285 ], [ 583395.0, 7676237.941999999806285 ], [ 583395.0, 7676267.941999999806285 ], [ 583365.0, 7676297.941999999806285 ], [ 583365.0, 7676327.941999999806285 ], [ 583365.0, 7676357.941999999806285 ], [ 583335.0, 7676357.941999999806285 ], [ 583335.0, 7676387.941999999806285 ], [ 583305.0, 7676417.941999999806285 ], [ 583305.0, 7676447.941999999806285 ], [ 583305.0, 7676477.941999999806285 ], [ 583305.0, 7676507.941999999806285 ], [ 583275.0, 7676507.941999999806285 ], [ 583275.0, 7676537.941999999806285 ], [ 583275.0, 7676567.941999999806285 ], [ 583275.0, 7676597.941999999806285 ], [ 583275.0, 7676627.941999999806285 ], [ 583245.0, 7676627.941999999806285 ], [ 583245.0, 7676657.941999999806285 ], [ 583245.0, 7676687.941999999806285 ], [ 583215.0, 7676687.941999999806285 ], [ 583215.0, 7676717.941999999806285 ], [ 583185.0, 7676777.941999999806285 ], [ 583185.0, 7676807.941999999806285 ], [ 583185.0, 7676837.941999999806285 ], [ 583155.0, 7676867.941999999806285 ], [ 583155.0, 7676897.941999999806285 ], [ 583155.0, 7676927.941999999806285 ], [ 583155.0, 7676957.941999999806285 ], [ 583155.0, 7676987.941999999806285 ], [ 583155.0, 7677017.941999999806285 ], [ 583185.0, 7677047.941999999806285 ], [ 583185.0, 7677077.941999999806285 ], [ 583215.0, 7677077.941999999806285 ], [ 583245.0, 7677107.941999999806285 ], [ 583275.0, 7677107.941999999806285 ], [ 583305.0, 7677137.941999999806285 ], [ 583335.0, 7677167.941999999806285 ], [ 583365.0, 7677167.941999999806285 ], [ 583365.0, 7677197.941999999806285 ], [ 583395.0, 7677197.941999999806285 ], [ 583425.0, 7677197.941999999806285 ], [ 583455.0, 7677227.941999999806285 ], [ 583455.0, 7677257.941999999806285 ], [ 583455.0, 7677287.941999999806285 ], [ 583455.0, 7677317.941999999806285 ], [ 583455.0, 7677347.941999999806285 ], [ 583455.0, 7677377.941999999806285 ], [ 583425.0, 7677377.941999999806285 ], [ 583425.0, 7677407.941999999806285 ], [ 583425.0, 7677437.941999999806285 ], [ 583425.0, 7677467.941999999806285 ], [ 583425.0, 7677497.941999999806285 ], [ 583395.0, 7677497.941999999806285 ], [ 583395.0, 7677527.941999999806285 ], [ 583395.0, 7677557.941999999806285 ], [ 583365.0, 7677557.941999999806285 ], [ 583335.0, 7677557.941999999806285 ], [ 583335.0, 7677587.941999999806285 ], [ 583335.0, 7677617.941999999806285 ], [ 583305.0, 7677617.941999999806285 ], [ 583275.0, 7677647.941999999806285 ], [ 583275.0, 7677677.941999999806285 ], [ 583275.0, 7677707.941999999806285 ], [ 583245.0, 7677707.941999999806285 ], [ 583245.0, 7677737.941999999806285 ], [ 583245.0, 7677767.941999999806285 ], [ 583245.0, 7677797.941999999806285 ], [ 583245.0, 7677827.941999999806285 ], [ 583275.0, 7677827.941999999806285 ], [ 583275.0, 7677887.941999999806285 ], [ 583305.0, 7677887.941999999806285 ], [ 583305.0, 7677917.941999999806285 ], [ 583305.0, 7677947.941999999806285 ], [ 583305.0, 7677977.941999999806285 ], [ 583305.0, 7678007.941999999806285 ], [ 583305.0, 7678067.941999999806285 ], [ 583335.0, 7678097.941999999806285 ], [ 583335.0, 7678127.941999999806285 ], [ 583335.0, 7678157.941999999806285 ], [ 583335.0, 7678187.941999999806285 ], [ 583335.0, 7678217.941999999806285 ], [ 583335.0, 7678247.941999999806285 ], [ 583335.0, 7678277.941999999806285 ], [ 583305.0, 7678277.941999999806285 ], [ 583305.0, 7678307.941999999806285 ], [ 583305.0, 7678337.941999999806285 ], [ 583275.0, 7678367.941999999806285 ], [ 583275.0, 7678397.941999999806285 ], [ 583245.0, 7678397.941999999806285 ], [ 583215.0, 7678427.941999999806285 ], [ 583215.0, 7678457.941999999806285 ], [ 583185.0, 7678457.941999999806285 ], [ 583185.0, 7678487.941999999806285 ], [ 583155.0, 7678487.941999999806285 ], [ 583155.0, 7678517.941999999806285 ], [ 583155.0, 7678547.941999999806285 ], [ 583155.0, 7678577.941999999806285 ], [ 583125.0, 7678577.941999999806285 ], [ 583125.0, 7678607.941999999806285 ], [ 583125.0, 7678637.941999999806285 ], [ 583125.0, 7678667.941999999806285 ], [ 583125.0, 7678697.941999999806285 ], [ 583125.0, 7678727.941999999806285 ], [ 583125.0, 7678757.941999999806285 ], [ 583125.0, 7678787.941999999806285 ], [ 583125.0, 7678817.941999999806285 ], [ 583125.0, 7678847.941999999806285 ], [ 583125.0, 7678877.941999999806285 ], [ 583125.0, 7678907.941999999806285 ], [ 583125.0, 7678937.941999999806285 ], [ 583125.0, 7678967.941999999806285 ], [ 583125.0, 7678997.941999999806285 ], [ 583125.0, 7679027.941999999806285 ], [ 583125.0, 7679057.941999999806285 ], [ 583125.0, 7679087.941999999806285 ], [ 583125.0, 7679117.941999999806285 ], [ 583125.0, 7679147.941999999806285 ], [ 583125.0, 7679177.941999999806285 ], [ 583125.0, 7679207.941999999806285 ], [ 583125.0, 7679237.941999999806285 ], [ 583125.0, 7679267.941999999806285 ], [ 583125.0, 7679297.941999999806285 ], [ 583125.0, 7679327.941999999806285 ], [ 583125.0, 7679357.941999999806285 ], [ 583125.0, 7679387.941999999806285 ], [ 583125.0, 7679417.941999999806285 ], [ 583125.0, 7679447.941999999806285 ], [ 583125.0, 7679477.941999999806285 ], [ 583125.0, 7679507.941999999806285 ], [ 583125.0, 7679537.941999999806285 ], [ 583125.0, 7679567.941999999806285 ], [ 583125.0, 7679597.941999999806285 ], [ 583125.0, 7679627.941999999806285 ], [ 583095.0, 7679627.941999999806285 ], [ 583095.0, 7679657.941999999806285 ], [ 583095.0, 7679687.941999999806285 ], [ 583095.0, 7679717.941999999806285 ], [ 583095.0, 7679747.941999999806285 ], [ 583065.0, 7679747.941999999806285 ], [ 582945.0, 7680167.941999999806285 ], [ 582915.0, 7680167.941999999806285 ], [ 582885.0, 7680167.941999999806285 ], [ 582855.0, 7680167.941999999806285 ], [ 582855.0, 7680197.941999999806285 ], [ 582855.0, 7680227.941999999806285 ], [ 582855.0, 7680257.941999999806285 ], [ 582825.0, 7680257.941999999806285 ], [ 582825.0, 7680287.941999999806285 ], [ 582825.0, 7680317.941999999806285 ], [ 582795.0, 7680347.941999999806285 ], [ 582795.0, 7680377.941999999806285 ], [ 582765.0, 7680407.941999999806285 ], [ 582765.0, 7680437.941999999806285 ], [ 582765.0, 7680467.941999999806285 ], [ 582765.0, 7680497.941999999806285 ], [ 582765.0, 7680527.941999999806285 ], [ 582765.0, 7680557.941999999806285 ], [ 582735.0, 7680557.941999999806285 ], [ 582735.0, 7680587.941999999806285 ], [ 582735.0, 7680617.941999999806285 ], [ 582735.0, 7680647.941999999806285 ], [ 582735.0, 7680677.941999999806285 ], [ 582735.0, 7680707.941999999806285 ], [ 582735.0, 7680737.941999999806285 ], [ 582735.0, 7680767.941999999806285 ], [ 582705.0, 7680797.941999999806285 ], [ 582705.0, 7680827.941999999806285 ], [ 582705.0, 7680857.941999999806285 ], [ 582705.0, 7680887.941999999806285 ], [ 582735.0, 7680887.941999999806285 ], [ 582735.0, 7680917.941999999806285 ], [ 582735.0, 7680947.941999999806285 ], [ 582735.0, 7680977.941999999806285 ], [ 582765.0, 7681007.941999999806285 ], [ 582765.0, 7681037.941999999806285 ], [ 582765.0, 7681067.941999999806285 ], [ 582795.0, 7681067.941999999806285 ], [ 582795.0, 7681097.941999999806285 ], [ 582795.0, 7681127.941999999806285 ], [ 582825.0, 7681127.941999999806285 ], [ 582825.0, 7681157.941999999806285 ], [ 582825.0, 7681187.941999999806285 ], [ 582855.0, 7681187.941999999806285 ], [ 582855.0, 7681217.941999999806285 ], [ 582885.0, 7681217.941999999806285 ], [ 582915.0, 7681217.941999999806285 ], [ 582975.0, 7681217.941999999806285 ], [ 583005.0, 7681217.941999999806285 ], [ 583005.0, 7681247.941999999806285 ], [ 583035.0, 7681247.941999999806285 ], [ 583065.0, 7681247.941999999806285 ], [ 583065.0, 7681277.941999999806285 ], [ 583095.0, 7681277.941999999806285 ], [ 583125.0, 7681277.941999999806285 ], [ 583155.0, 7681277.941999999806285 ], [ 583185.0, 7681277.941999999806285 ], [ 583215.0, 7681277.941999999806285 ], [ 583215.0, 7681307.941999999806285 ], [ 583245.0, 7681307.941999999806285 ], [ 583245.0, 7681337.941999999806285 ], [ 583305.0, 7681367.941999999806285 ], [ 583305.0, 7681397.941999999806285 ], [ 583305.0, 7681427.941999999806285 ], [ 583305.0, 7681457.941999999806285 ], [ 583335.0, 7681487.941999999806285 ], [ 583305.0, 7681517.941999999806285 ], [ 583305.0, 7681547.941999999806285 ], [ 583305.0, 7681577.941999999806285 ], [ 583335.0, 7681577.941999999806285 ], [ 583335.0, 7681607.941999999806285 ], [ 583335.0, 7681637.941999999806285 ], [ 583335.0, 7681667.941999999806285 ], [ 583335.0, 7681697.941999999806285 ], [ 583335.0, 7681727.941999999806285 ], [ 583335.0, 7681757.941999999806285 ], [ 583335.0, 7681787.941999999806285 ], [ 583365.0, 7681847.941999999806285 ], [ 583365.0, 7681907.941999999806285 ], [ 583395.0, 7681907.941999999806285 ], [ 583395.0, 7681937.941999999806285 ], [ 583395.0, 7681967.941999999806285 ], [ 583425.0, 7681997.941999999806285 ], [ 583425.0, 7682027.941999999806285 ], [ 583425.0, 7682057.941999999806285 ], [ 583455.0, 7682057.941999999806285 ], [ 583455.0, 7682087.941999999806285 ], [ 583455.0, 7682117.941999999806285 ], [ 583455.0, 7682147.941999999806285 ], [ 583455.0, 7682177.941999999806285 ], [ 583425.0, 7682177.941999999806285 ], [ 583425.0, 7682207.941999999806285 ], [ 583425.0, 7682237.941999999806285 ], [ 583425.0, 7682267.941999999806285 ], [ 583425.0, 7682297.941999999806285 ], [ 583425.0, 7682327.941999999806285 ], [ 583425.0, 7682357.941999999806285 ], [ 583425.0, 7682387.941999999806285 ], [ 583455.0, 7682417.941999999806285 ], [ 583455.0, 7682447.941999999806285 ], [ 583455.0, 7682477.941999999806285 ], [ 583455.0, 7682507.941999999806285 ], [ 583485.0, 7682537.941999999806285 ], [ 583485.0, 7682567.941999999806285 ], [ 583485.0, 7682597.941999999806285 ], [ 583485.0, 7682627.941999999806285 ], [ 583485.0, 7682657.941999999806285 ], [ 583515.0, 7682657.941999999806285 ], [ 583515.0, 7682687.941999999806285 ], [ 583545.0, 7682687.941999999806285 ], [ 583545.0, 7682717.941999999806285 ], [ 583545.0, 7682747.941999999806285 ], [ 583575.0, 7682747.941999999806285 ], [ 583605.0, 7682747.941999999806285 ], [ 583605.0, 7682777.941999999806285 ], [ 583635.0, 7682777.941999999806285 ], [ 583635.0, 7682807.941999999806285 ], [ 583605.0, 7682807.941999999806285 ], [ 583575.0, 7682807.941999999806285 ], [ 583545.0, 7682807.941999999806285 ], [ 583515.0, 7682807.941999999806285 ], [ 583485.0, 7682807.941999999806285 ], [ 583455.0, 7682807.941999999806285 ], [ 583425.0, 7682807.941999999806285 ], [ 583395.0, 7682807.941999999806285 ], [ 583365.0, 7682807.941999999806285 ], [ 583335.0, 7682807.941999999806285 ], [ 583305.0, 7682807.941999999806285 ], [ 583275.0, 7682807.941999999806285 ], [ 583245.0, 7682807.941999999806285 ], [ 583215.0, 7682807.941999999806285 ], [ 583185.0, 7682807.941999999806285 ], [ 583155.0, 7682807.941999999806285 ], [ 583125.0, 7682807.941999999806285 ], [ 583095.0, 7682807.941999999806285 ], [ 583065.0, 7682807.941999999806285 ], [ 583035.0, 7682807.941999999806285 ], [ 582975.0, 7682807.941999999806285 ], [ 582915.0, 7682807.941999999806285 ], [ 582855.0, 7682807.941999999806285 ], [ 582765.0, 7682807.941999999806285 ], [ 582735.0, 7682807.941999999806285 ], [ 582645.0, 7682807.941999999806285 ], [ 582615.0, 7682807.941999999806285 ], [ 582615.0, 7682777.941999999806285 ], [ 582615.0, 7682747.941999999806285 ], [ 582615.0, 7682687.941999999806285 ], [ 582615.0, 7682657.941999999806285 ], [ 582645.0, 7682657.941999999806285 ], [ 582645.0, 7682627.941999999806285 ], [ 582645.0, 7682597.941999999806285 ], [ 582615.0, 7682597.941999999806285 ], [ 582585.0, 7682597.941999999806285 ], [ 582555.0, 7682627.941999999806285 ], [ 582555.0, 7682657.941999999806285 ], [ 582555.0, 7682687.941999999806285 ], [ 582495.0, 7682717.941999999806285 ], [ 582495.0, 7682747.941999999806285 ], [ 582495.0, 7682777.941999999806285 ], [ 582465.0, 7682807.941999999806285 ], [ 582435.0, 7682837.941999999806285 ], [ 582435.0, 7682927.941999999806285 ], [ 582435.0, 7682957.941999999806285 ], [ 582435.0, 7682987.941999999806285 ], [ 582435.0, 7683017.941999999806285 ], [ 582405.0, 7683047.941999999806285 ], [ 582405.0, 7683107.941999999806285 ], [ 582375.0, 7683107.941999999806285 ], [ 582375.0, 7683137.941999999806285 ], [ 582345.0, 7683137.941999999806285 ], [ 582345.0, 7683167.941999999806285 ], [ 582345.0, 7683197.941999999806285 ], [ 582345.0, 7683227.941999999806285 ], [ 582315.0, 7683257.941999999806285 ], [ 582285.0, 7683287.941999999806285 ], [ 582285.0, 7683317.941999999806285 ], [ 582255.0, 7683347.941999999806285 ], [ 582255.0, 7683377.941999999806285 ], [ 582225.0, 7683377.941999999806285 ], [ 582225.0, 7683407.941999999806285 ], [ 582195.0, 7683407.941999999806285 ], [ 582195.0, 7683437.941999999806285 ], [ 582165.0, 7683437.941999999806285 ], [ 582165.0, 7683467.941999999806285 ], [ 582135.0, 7683467.941999999806285 ], [ 582135.0, 7683497.941999999806285 ], [ 582135.0, 7683527.941999999806285 ], [ 582105.0, 7683527.941999999806285 ], [ 582075.0, 7683527.941999999806285 ], [ 582075.0, 7683557.941999999806285 ], [ 582075.0, 7683587.941999999806285 ], [ 582045.0, 7683587.941999999806285 ], [ 582045.0, 7683617.941999999806285 ], [ 582045.0, 7683647.941999999806285 ], [ 582015.0, 7683647.941999999806285 ], [ 581985.0, 7683677.941999999806285 ], [ 581985.0, 7683707.941999999806285 ], [ 581985.0, 7683737.941999999806285 ], [ 581955.0, 7683737.941999999806285 ], [ 581955.0, 7683767.941999999806285 ], [ 581955.0, 7683797.941999999806285 ], [ 581955.0, 7683827.941999999806285 ], [ 581925.0, 7683827.941999999806285 ], [ 581925.0, 7683857.941999999806285 ], [ 581895.0, 7683887.941999999806285 ], [ 581895.0, 7683917.941999999806285 ], [ 581895.0, 7683947.941999999806285 ], [ 581865.0, 7683947.941999999806285 ], [ 581865.0, 7683977.941999999806285 ], [ 581865.0, 7684007.941999999806285 ], [ 581835.0, 7684007.941999999806285 ], [ 581835.0, 7684037.941999999806285 ], [ 581835.0, 7684067.941999999806285 ], [ 581805.0, 7684097.941999999806285 ], [ 581805.0, 7684127.941999999806285 ], [ 581775.0, 7684157.941999999806285 ], [ 581775.0, 7684187.941999999806285 ], [ 581745.0, 7684187.941999999806285 ], [ 581745.0, 7684217.941999999806285 ], [ 581745.0, 7684247.941999999806285 ], [ 581745.0, 7684277.941999999806285 ], [ 581715.0, 7684307.941999999806285 ], [ 581715.0, 7684337.941999999806285 ], [ 581685.0, 7684337.941999999806285 ], [ 581685.0, 7684367.941999999806285 ], [ 581655.0, 7684397.941999999806285 ], [ 581655.0, 7684427.941999999806285 ], [ 581625.0, 7684427.941999999806285 ], [ 581625.0, 7684457.941999999806285 ], [ 581595.0, 7684457.941999999806285 ], [ 581595.0, 7684487.941999999806285 ], [ 581595.0, 7684517.941999999806285 ], [ 581595.0, 7684547.941999999806285 ], [ 581595.0, 7684577.941999999806285 ], [ 581595.0, 7684607.941999999806285 ], [ 581625.0, 7684637.941999999806285 ], [ 581625.0, 7684667.941999999806285 ], [ 581625.0, 7684697.941999999806285 ], [ 581625.0, 7684727.941999999806285 ], [ 581625.0, 7684757.941999999806285 ], [ 581625.0, 7684787.941999999806285 ], [ 581625.0, 7684817.941999999806285 ], [ 581625.0, 7684847.941999999806285 ], [ 581625.0, 7684877.941999999806285 ], [ 581625.0, 7684907.941999999806285 ], [ 581625.0, 7684937.941999999806285 ], [ 581625.0, 7684967.941999999806285 ], [ 581625.0, 7684997.941999999806285 ], [ 581625.0, 7685027.941999999806285 ], [ 581625.0, 7685057.941999999806285 ], [ 581625.0, 7685087.941999999806285 ], [ 581625.0, 7685117.941999999806285 ], [ 581625.0, 7685147.941999999806285 ], [ 581595.0, 7685147.941999999806285 ], [ 581565.0, 7685147.941999999806285 ], [ 581565.0, 7685177.941999999806285 ], [ 581535.0, 7685177.941999999806285 ], [ 581535.0, 7685207.941999999806285 ], [ 581505.0, 7685207.941999999806285 ], [ 581505.0, 7685237.941999999806285 ], [ 581475.0, 7685237.941999999806285 ], [ 581445.0, 7685267.941999999806285 ], [ 581415.0, 7685297.941999999806285 ], [ 581385.0, 7685327.941999999806285 ], [ 581355.0, 7685357.941999999806285 ], [ 581325.0, 7685387.941999999806285 ], [ 581295.0, 7685417.941999999806285 ], [ 581265.0, 7685417.941999999806285 ], [ 581235.0, 7685447.941999999806285 ], [ 581235.0, 7685477.941999999806285 ], [ 581205.0, 7685477.941999999806285 ], [ 581175.0, 7685507.941999999806285 ], [ 581145.0, 7685537.941999999806285 ], [ 581115.0, 7685567.941999999806285 ], [ 581085.0, 7685567.941999999806285 ], [ 581055.0, 7685597.941999999806285 ], [ 580995.0, 7685627.941999999806285 ], [ 580965.0, 7685657.941999999806285 ], [ 580935.0, 7685657.941999999806285 ], [ 580935.0, 7685687.941999999806285 ], [ 580905.0, 7685717.941999999806285 ], [ 580875.0, 7685717.941999999806285 ], [ 580875.0, 7685747.941999999806285 ], [ 580845.0, 7685777.941999999806285 ], [ 580815.0, 7685777.941999999806285 ], [ 580815.0, 7685807.941999999806285 ], [ 580815.0, 7685837.941999999806285 ], [ 580815.0, 7685867.941999999806285 ], [ 580785.0, 7685867.941999999806285 ], [ 580785.0, 7685897.941999999806285 ], [ 580785.0, 7685927.941999999806285 ], [ 580755.0, 7685927.941999999806285 ], [ 580755.0, 7685957.941999999806285 ], [ 580725.0, 7685957.941999999806285 ], [ 580725.0, 7686017.941999999806285 ], [ 580695.0, 7686017.941999999806285 ], [ 580665.0, 7686047.941999999806285 ], [ 580665.0, 7686077.941999999806285 ], [ 580635.0, 7686077.941999999806285 ], [ 580635.0, 7686107.941999999806285 ], [ 580605.0, 7686107.941999999806285 ], [ 580605.0, 7686137.941999999806285 ], [ 580605.0, 7686167.941999999806285 ], [ 580605.0, 7686197.941999999806285 ], [ 580575.0, 7686227.941999999806285 ], [ 580575.0, 7686257.941999999806285 ], [ 580575.0, 7686287.941999999806285 ], [ 580575.0, 7686317.941999999806285 ], [ 580575.0, 7686347.941999999806285 ], [ 580575.0, 7686377.941999999806285 ], [ 580575.0, 7686407.941999999806285 ], [ 580575.0, 7686437.941999999806285 ], [ 580575.0, 7686467.941999999806285 ], [ 580575.0, 7686497.941999999806285 ], [ 580575.0, 7686527.941999999806285 ], [ 580575.0, 7686557.941999999806285 ], [ 580575.0, 7686587.941999999806285 ], [ 580575.0, 7686617.941999999806285 ], [ 580575.0, 7686647.941999999806285 ], [ 580575.0, 7686677.941999999806285 ], [ 580575.0, 7686707.941999999806285 ], [ 580575.0, 7686737.941999999806285 ], [ 580575.0, 7686767.941999999806285 ], [ 580575.0, 7686797.941999999806285 ], [ 580545.0, 7686797.941999999806285 ], [ 580545.0, 7686827.941999999806285 ], [ 580545.0, 7686857.941999999806285 ], [ 580515.0, 7686887.941999999806285 ], [ 580515.0, 7686947.941999999806285 ], [ 580485.0, 7686947.941999999806285 ], [ 580485.0, 7686977.941999999806285 ], [ 580485.0, 7687007.941999999806285 ], [ 580455.0, 7687007.941999999806285 ], [ 580455.0, 7687037.941999999806285 ], [ 580455.0, 7687067.941999999806285 ], [ 580425.0, 7687097.941999999806285 ], [ 580425.0, 7687127.941999999806285 ], [ 580425.0, 7687157.941999999806285 ], [ 580395.0, 7687157.941999999806285 ], [ 580395.0, 7687187.941999999806285 ], [ 580395.0, 7687217.941999999806285 ], [ 580395.0, 7687247.941999999806285 ], [ 580395.0, 7687277.941999999806285 ], [ 580305.0, 7687097.941999999806285 ], [ 580275.0, 7687097.941999999806285 ], [ 580275.0, 7687127.941999999806285 ], [ 580245.0, 7687157.941999999806285 ], [ 580245.0, 7687187.941999999806285 ], [ 580245.0, 7687217.941999999806285 ], [ 580245.0, 7687247.941999999806285 ], [ 580245.0, 7687277.941999999806285 ], [ 580215.0, 7687277.941999999806285 ], [ 580215.0, 7687307.941999999806285 ], [ 580215.0, 7687337.941999999806285 ], [ 580215.0, 7687367.941999999806285 ], [ 580215.0, 7687397.941999999806285 ], [ 580215.0, 7687427.941999999806285 ], [ 580215.0, 7687457.941999999806285 ], [ 580215.0, 7687487.941999999806285 ], [ 580215.0, 7687547.941999999806285 ], [ 580245.0, 7687577.941999999806285 ], [ 580245.0, 7687607.941999999806285 ], [ 580245.0, 7687637.941999999806285 ], [ 580275.0, 7687667.941999999806285 ], [ 580275.0, 7687697.941999999806285 ], [ 580275.0, 7687727.941999999806285 ], [ 580275.0, 7687757.941999999806285 ], [ 580275.0, 7687787.941999999806285 ], [ 580275.0, 7687817.941999999806285 ], [ 580275.0, 7687847.941999999806285 ], [ 580275.0, 7687877.941999999806285 ], [ 580275.0, 7687907.941999999806285 ], [ 580275.0, 7687937.941999999806285 ], [ 580275.0, 7687967.941999999806285 ], [ 580275.0, 7687997.941999999806285 ], [ 580275.0, 7688027.941999999806285 ], [ 580275.0, 7688057.941999999806285 ], [ 580275.0, 7688087.941999999806285 ], [ 580275.0, 7688117.941999999806285 ], [ 580275.0, 7688147.941999999806285 ], [ 580275.0, 7688177.941999999806285 ], [ 580275.0, 7688207.941999999806285 ], [ 580275.0, 7688237.941999999806285 ], [ 580275.0, 7688267.941999999806285 ], [ 580275.0, 7688297.941999999806285 ], [ 580275.0, 7688327.941999999806285 ], [ 580275.0, 7688357.941999999806285 ], [ 580245.0, 7688357.941999999806285 ], [ 580245.0, 7688387.941999999806285 ], [ 580245.0, 7688447.941999999806285 ], [ 580215.0, 7688447.941999999806285 ], [ 580215.0, 7688477.941999999806285 ], [ 580215.0, 7688507.941999999806285 ], [ 580215.0, 7688537.941999999806285 ], [ 580185.0, 7688567.941999999806285 ], [ 580155.0, 7688597.941999999806285 ], [ 580155.0, 7688627.941999999806285 ], [ 580155.0, 7688657.941999999806285 ], [ 580125.0, 7688687.941999999806285 ], [ 580095.0, 7688747.941999999806285 ], [ 580065.0, 7688777.941999999806285 ], [ 580035.0, 7688807.941999999806285 ], [ 580035.0, 7688867.941999999806285 ], [ 580005.0, 7688927.941999999806285 ], [ 580005.0, 7688957.941999999806285 ], [ 579975.0, 7689017.941999999806285 ], [ 579975.0, 7689047.941999999806285 ], [ 579945.0, 7689047.941999999806285 ], [ 579945.0, 7689107.941999999806285 ], [ 579915.0, 7689107.941999999806285 ], [ 579915.0, 7689137.941999999806285 ], [ 579915.0, 7689167.941999999806285 ], [ 579885.0, 7689197.941999999806285 ], [ 579885.0, 7689227.941999999806285 ], [ 579855.0, 7689257.941999999806285 ], [ 579825.0, 7689257.941999999806285 ], [ 579825.0, 7689287.941999999806285 ], [ 579825.0, 7689317.941999999806285 ], [ 579795.0, 7689347.941999999806285 ], [ 579795.0, 7689377.941999999806285 ], [ 579765.0, 7689407.941999999806285 ], [ 579765.0, 7689437.941999999806285 ], [ 579765.0, 7689467.941999999806285 ], [ 579765.0, 7689497.941999999806285 ], [ 579765.0, 7689527.941999999806285 ], [ 579735.0, 7689557.941999999806285 ], [ 579735.0, 7689587.941999999806285 ], [ 579705.0, 7689587.941999999806285 ], [ 579705.0, 7689617.941999999806285 ], [ 579705.0, 7689647.941999999806285 ], [ 579705.0, 7689677.941999999806285 ], [ 579705.0, 7689707.941999999806285 ], [ 579705.0, 7689737.941999999806285 ], [ 579705.0, 7689767.941999999806285 ], [ 579705.0, 7689797.941999999806285 ], [ 579705.0, 7689827.941999999806285 ], [ 579705.0, 7689857.941999999806285 ], [ 579705.0, 7689887.941999999806285 ], [ 579705.0, 7689947.941999999806285 ], [ 579705.0, 7689977.941999999806285 ], [ 579705.0, 7690037.941999999806285 ], [ 579705.0, 7690067.941999999806285 ], [ 579705.0, 7690127.941999999806285 ], [ 579705.0, 7690157.941999999806285 ], [ 579705.0, 7690187.941999999806285 ], [ 579705.0, 7690247.941999999806285 ], [ 579705.0, 7690277.941999999806285 ], [ 579705.0, 7690337.941999999806285 ], [ 579705.0, 7690367.941999999806285 ], [ 579705.0, 7690397.941999999806285 ], [ 579705.0, 7690457.941999999806285 ], [ 579705.0, 7690517.941999999806285 ], [ 579705.0, 7690547.941999999806285 ], [ 579705.0, 7690577.941999999806285 ], [ 579705.0, 7690607.941999999806285 ], [ 579705.0, 7690637.941999999806285 ], [ 579705.0, 7690667.941999999806285 ], [ 579705.0, 7690697.941999999806285 ], [ 579705.0, 7690727.941999999806285 ], [ 579705.0, 7690757.941999999806285 ], [ 579705.0, 7690817.941999999806285 ], [ 579705.0, 7690847.941999999806285 ], [ 579705.0, 7690877.941999999806285 ], [ 579705.0, 7690907.941999999806285 ], [ 579705.0, 7690937.941999999806285 ], [ 579705.0, 7690967.941999999806285 ], [ 579705.0, 7690997.941999999806285 ], [ 579705.0, 7691027.941999999806285 ], [ 579705.0, 7691057.941999999806285 ], [ 579705.0, 7691087.941999999806285 ], [ 579705.0, 7691117.941999999806285 ], [ 579705.0, 7691147.941999999806285 ], [ 579705.0, 7691177.941999999806285 ], [ 579705.0, 7691207.941999999806285 ], [ 579705.0, 7691237.941999999806285 ], [ 579705.0, 7691267.941999999806285 ], [ 579705.0, 7691297.941999999806285 ], [ 579705.0, 7691327.941999999806285 ], [ 579705.0, 7691357.941999999806285 ], [ 579705.0, 7691387.941999999806285 ], [ 579705.0, 7691417.941999999806285 ], [ 579705.0, 7691447.941999999806285 ], [ 579705.0, 7691477.941999999806285 ], [ 579705.0, 7691507.941999999806285 ], [ 579705.0, 7691537.941999999806285 ], [ 579705.0, 7691567.941999999806285 ], [ 579705.0, 7691597.941999999806285 ], [ 579705.0, 7691627.941999999806285 ], [ 579705.0, 7691657.941999999806285 ], [ 579705.0, 7691687.941999999806285 ], [ 579705.0, 7691717.941999999806285 ], [ 579705.0, 7691747.941999999806285 ], [ 579705.0, 7691777.941999999806285 ], [ 579705.0, 7691807.941999999806285 ], [ 579705.0, 7691837.941999999806285 ], [ 579675.0, 7691837.941999999806285 ], [ 579675.0, 7691867.941999999806285 ], [ 579765.0, 7691957.941999999806285 ], [ 579795.0, 7691957.941999999806285 ], [ 579795.0, 7691987.941999999806285 ], [ 579825.0, 7692017.941999999806285 ], [ 579825.0, 7692047.941999999806285 ], [ 579855.0, 7692047.941999999806285 ], [ 579855.0, 7692077.941999999806285 ], [ 579855.0, 7692107.941999999806285 ], [ 579855.0, 7692137.941999999806285 ], [ 579855.0, 7692167.941999999806285 ], [ 579855.0, 7692197.941999999806285 ], [ 579855.0, 7692227.941999999806285 ], [ 579855.0, 7692257.941999999806285 ], [ 579855.0, 7692287.941999999806285 ], [ 579855.0, 7692347.941999999806285 ], [ 579855.0, 7692377.941999999806285 ], [ 579855.0, 7692407.941999999806285 ], [ 579855.0, 7692437.941999999806285 ], [ 579855.0, 7692467.941999999806285 ], [ 579855.0, 7692527.941999999806285 ], [ 579855.0, 7692557.941999999806285 ], [ 579855.0, 7692617.941999999806285 ], [ 579855.0, 7692647.941999999806285 ], [ 579855.0, 7692677.941999999806285 ], [ 579855.0, 7692707.941999999806285 ], [ 579855.0, 7692737.941999999806285 ], [ 579855.0, 7692797.941999999806285 ], [ 579855.0, 7692827.941999999806285 ], [ 579855.0, 7692857.941999999806285 ], [ 579855.0, 7692887.941999999806285 ], [ 579855.0, 7692917.941999999806285 ], [ 579855.0, 7692947.941999999806285 ], [ 579855.0, 7692977.941999999806285 ], [ 579855.0, 7693007.941999999806285 ], [ 579855.0, 7693037.941999999806285 ], [ 579855.0, 7693067.941999999806285 ], [ 579855.0, 7693097.941999999806285 ], [ 579855.0, 7693127.941999999806285 ], [ 579855.0, 7693157.941999999806285 ], [ 579855.0, 7693187.941999999806285 ], [ 579855.0, 7693217.941999999806285 ], [ 579855.0, 7693247.941999999806285 ], [ 579825.0, 7693277.941999999806285 ], [ 579825.0, 7693307.941999999806285 ], [ 579825.0, 7693337.941999999806285 ], [ 579825.0, 7693397.941999999806285 ], [ 579825.0, 7693427.941999999806285 ], [ 579825.0, 7693457.941999999806285 ], [ 579825.0, 7693487.941999999806285 ], [ 579825.0, 7693517.941999999806285 ], [ 579825.0, 7693547.941999999806285 ], [ 579825.0, 7693607.941999999806285 ], [ 579825.0, 7693637.941999999806285 ], [ 579825.0, 7693697.941999999806285 ], [ 579825.0, 7693727.941999999806285 ], [ 579825.0, 7693757.941999999806285 ], [ 579825.0, 7693787.941999999806285 ], [ 579825.0, 7693847.941999999806285 ], [ 579825.0, 7693907.941999999806285 ], [ 579825.0, 7693967.941999999806285 ], [ 579795.0, 7693997.941999999806285 ], [ 579795.0, 7694027.941999999806285 ], [ 579795.0, 7694057.941999999806285 ], [ 579765.0, 7694087.941999999806285 ], [ 579765.0, 7694117.941999999806285 ], [ 579735.0, 7694147.941999999806285 ], [ 579675.0, 7694177.941999999806285 ], [ 579645.0, 7694177.941999999806285 ], [ 579615.0, 7694177.941999999806285 ], [ 579585.0, 7694177.941999999806285 ], [ 579585.0, 7694207.941999999806285 ], [ 579585.0, 7694237.941999999806285 ], [ 579555.0, 7694237.941999999806285 ], [ 579525.0, 7694267.941999999806285 ], [ 579525.0, 7694297.941999999806285 ], [ 579495.0, 7694327.941999999806285 ], [ 579465.0, 7694387.941999999806285 ], [ 579465.0, 7694417.941999999806285 ], [ 579405.0, 7694447.941999999806285 ], [ 579405.0, 7694507.941999999806285 ], [ 579375.0, 7694507.941999999806285 ], [ 579375.0, 7694537.941999999806285 ], [ 579375.0, 7694567.941999999806285 ], [ 579345.0, 7694627.941999999806285 ], [ 579315.0, 7694627.941999999806285 ], [ 579315.0, 7694657.941999999806285 ], [ 579285.0, 7694657.941999999806285 ], [ 579285.0, 7694687.941999999806285 ], [ 579255.0, 7694717.941999999806285 ], [ 579255.0, 7694747.941999999806285 ], [ 579255.0, 7694777.941999999806285 ], [ 579225.0, 7694807.941999999806285 ], [ 579225.0, 7694837.941999999806285 ], [ 579195.0, 7694837.941999999806285 ], [ 579195.0, 7694867.941999999806285 ], [ 579195.0, 7694897.941999999806285 ], [ 579165.0, 7694897.941999999806285 ], [ 579165.0, 7694927.941999999806285 ], [ 579165.0, 7694957.941999999806285 ], [ 579165.0, 7694987.941999999806285 ], [ 579165.0, 7695047.941999999806285 ], [ 579165.0, 7695077.941999999806285 ], [ 579165.0, 7695107.941999999806285 ], [ 579165.0, 7695137.941999999806285 ], [ 579165.0, 7695167.941999999806285 ], [ 579165.0, 7695197.941999999806285 ], [ 579165.0, 7695227.941999999806285 ], [ 579165.0, 7695257.941999999806285 ], [ 579165.0, 7695287.941999999806285 ], [ 579165.0, 7695317.941999999806285 ], [ 579165.0, 7695347.941999999806285 ], [ 579165.0, 7695377.941999999806285 ], [ 579165.0, 7695407.941999999806285 ], [ 579165.0, 7695437.941999999806285 ], [ 579165.0, 7695467.941999999806285 ], [ 579165.0, 7695497.941999999806285 ], [ 579165.0, 7695527.941999999806285 ], [ 579165.0, 7695557.941999999806285 ], [ 579135.0, 7695587.941999999806285 ], [ 579135.0, 7695617.941999999806285 ], [ 579135.0, 7695647.941999999806285 ], [ 579135.0, 7695677.941999999806285 ], [ 579135.0, 7695707.941999999806285 ], [ 579135.0, 7695737.941999999806285 ], [ 579105.0, 7695737.941999999806285 ], [ 579105.0, 7695767.941999999806285 ], [ 579105.0, 7695797.941999999806285 ], [ 579075.0, 7695797.941999999806285 ], [ 579075.0, 7695827.941999999806285 ], [ 579045.0, 7695827.941999999806285 ], [ 579045.0, 7695857.941999999806285 ], [ 579015.0, 7695887.941999999806285 ], [ 578985.0, 7695887.941999999806285 ], [ 578955.0, 7695917.941999999806285 ], [ 578955.0, 7695947.941999999806285 ], [ 578925.0, 7695947.941999999806285 ], [ 578925.0, 7695977.941999999806285 ], [ 578895.0, 7696007.941999999806285 ], [ 578865.0, 7696037.941999999806285 ], [ 578805.0, 7696067.941999999806285 ], [ 578805.0, 7696097.941999999806285 ], [ 578775.0, 7696127.941999999806285 ], [ 578775.0, 7696157.941999999806285 ], [ 578775.0, 7696187.941999999806285 ], [ 578745.0, 7696187.941999999806285 ], [ 578745.0, 7696217.941999999806285 ], [ 578715.0, 7696247.941999999806285 ], [ 578685.0, 7696247.941999999806285 ], [ 578685.0, 7696277.941999999806285 ], [ 578655.0, 7696277.941999999806285 ], [ 578625.0, 7696307.941999999806285 ], [ 578625.0, 7696337.941999999806285 ], [ 578595.0, 7696367.941999999806285 ], [ 578595.0, 7696397.941999999806285 ], [ 578595.0, 7696427.941999999806285 ], [ 578595.0, 7696457.941999999806285 ], [ 578595.0, 7696487.941999999806285 ], [ 578595.0, 7696517.941999999806285 ], [ 578595.0, 7696547.941999999806285 ], [ 578595.0, 7696577.941999999806285 ], [ 578595.0, 7696607.941999999806285 ], [ 578595.0, 7696637.941999999806285 ], [ 578565.0, 7696637.941999999806285 ], [ 578565.0, 7696667.941999999806285 ], [ 578565.0, 7696697.941999999806285 ], [ 578565.0, 7696727.941999999806285 ], [ 578535.0, 7696727.941999999806285 ], [ 578535.0, 7696757.941999999806285 ], [ 578535.0, 7696787.941999999806285 ], [ 578505.0, 7696817.941999999806285 ], [ 578505.0, 7696847.941999999806285 ], [ 578475.0, 7696877.941999999806285 ], [ 578445.0, 7696877.941999999806285 ], [ 578445.0, 7696907.941999999806285 ], [ 578415.0, 7696967.941999999806285 ], [ 578415.0, 7696997.941999999806285 ], [ 578385.0, 7696997.941999999806285 ], [ 578355.0, 7697027.941999999806285 ], [ 578325.0, 7697087.941999999806285 ], [ 578295.0, 7697087.941999999806285 ], [ 578295.0, 7697117.941999999806285 ], [ 578235.0, 7697147.941999999806285 ], [ 578235.0, 7697177.941999999806285 ], [ 578205.0, 7697237.941999999806285 ], [ 578205.0, 7697267.941999999806285 ], [ 578175.0, 7697297.941999999806285 ], [ 578175.0, 7697327.941999999806285 ], [ 578145.0, 7697357.941999999806285 ], [ 578115.0, 7697387.941999999806285 ], [ 578085.0, 7697417.941999999806285 ], [ 578055.0, 7697447.941999999806285 ], [ 578055.0, 7697477.941999999806285 ], [ 578025.0, 7697477.941999999806285 ], [ 578025.0, 7697507.941999999806285 ], [ 577995.0, 7697507.941999999806285 ], [ 577995.0, 7697537.941999999806285 ], [ 577995.0, 7697567.941999999806285 ], [ 577965.0, 7697567.941999999806285 ], [ 577965.0, 7697597.941999999806285 ], [ 577935.0, 7697627.941999999806285 ], [ 577935.0, 7697657.941999999806285 ], [ 577905.0, 7697657.941999999806285 ], [ 577905.0, 7697687.941999999806285 ], [ 577875.0, 7697717.941999999806285 ], [ 577845.0, 7697747.941999999806285 ], [ 577845.0, 7697777.941999999806285 ], [ 577815.0, 7697777.941999999806285 ], [ 577815.0, 7697807.941999999806285 ], [ 577755.0, 7697837.941999999806285 ], [ 577725.0, 7697867.941999999806285 ], [ 577695.0, 7697897.941999999806285 ], [ 577695.0, 7697927.941999999806285 ], [ 577665.0, 7697957.941999999806285 ], [ 577635.0, 7697957.941999999806285 ], [ 577635.0, 7697987.941999999806285 ], [ 577605.0, 7698017.941999999806285 ], [ 577575.0, 7698017.941999999806285 ], [ 577575.0, 7698047.941999999806285 ], [ 577575.0, 7698077.941999999806285 ], [ 577545.0, 7698077.941999999806285 ], [ 577515.0, 7698107.941999999806285 ], [ 577515.0, 7698137.941999999806285 ], [ 577485.0, 7698137.941999999806285 ], [ 577455.0, 7698137.941999999806285 ], [ 577455.0, 7698167.941999999806285 ], [ 577425.0, 7698197.941999999806285 ], [ 577395.0, 7698197.941999999806285 ], [ 577395.0, 7698227.941999999806285 ], [ 577365.0, 7698227.941999999806285 ], [ 577365.0, 7698257.941999999806285 ], [ 577335.0, 7698257.941999999806285 ], [ 577335.0, 7698287.941999999806285 ], [ 577305.0, 7698287.941999999806285 ], [ 577305.0, 7698317.941999999806285 ], [ 577275.0, 7698317.941999999806285 ], [ 577245.0, 7698347.941999999806285 ], [ 577215.0, 7698377.941999999806285 ], [ 577215.0, 7698407.941999999806285 ], [ 577185.0, 7698407.941999999806285 ], [ 577185.0, 7698437.941999999806285 ], [ 577155.0, 7698437.941999999806285 ], [ 577125.0, 7698497.941999999806285 ], [ 577065.0, 7698527.941999999806285 ], [ 577065.0, 7698557.941999999806285 ], [ 577005.0, 7698557.941999999806285 ], [ 577005.0, 7698587.941999999806285 ], [ 577005.0, 7698617.941999999806285 ], [ 576975.0, 7698617.941999999806285 ], [ 576975.0, 7698647.941999999806285 ], [ 576975.0, 7698677.941999999806285 ], [ 576945.0, 7698677.941999999806285 ], [ 576945.0, 7698707.941999999806285 ], [ 576915.0, 7698707.941999999806285 ], [ 576885.0, 7698767.941999999806285 ], [ 576855.0, 7698797.941999999806285 ], [ 576825.0, 7698797.941999999806285 ], [ 576825.0, 7698827.941999999806285 ], [ 576825.0, 7698857.941999999806285 ], [ 576795.0, 7698857.941999999806285 ], [ 576795.0, 7698887.941999999806285 ], [ 576945.0, 7699127.941999999806285 ], [ 576945.0, 7699157.941999999806285 ], [ 576945.0, 7699187.941999999806285 ], [ 576915.0, 7699217.941999999806285 ], [ 576885.0, 7699247.941999999806285 ], [ 576885.0, 7699277.941999999806285 ], [ 576855.0, 7699277.941999999806285 ], [ 576855.0, 7699307.941999999806285 ], [ 576855.0, 7699337.941999999806285 ], [ 576825.0, 7699367.941999999806285 ], [ 576825.0, 7699397.941999999806285 ], [ 576825.0, 7699427.941999999806285 ], [ 576825.0, 7699457.941999999806285 ], [ 576795.0, 7699457.941999999806285 ], [ 576795.0, 7699487.941999999806285 ], [ 576795.0, 7699517.941999999806285 ], [ 576765.0, 7699517.941999999806285 ], [ 576765.0, 7699547.941999999806285 ], [ 576735.0, 7699547.941999999806285 ], [ 576735.0, 7699577.941999999806285 ], [ 576735.0, 7699607.941999999806285 ], [ 576735.0, 7699637.941999999806285 ], [ 576735.0, 7699667.941999999806285 ], [ 576705.0, 7699667.941999999806285 ], [ 576705.0, 7699697.941999999806285 ], [ 576705.0, 7699727.941999999806285 ], [ 576705.0, 7699757.941999999806285 ], [ 576705.0, 7699787.941999999806285 ], [ 576705.0, 7699817.941999999806285 ], [ 576735.0, 7699817.941999999806285 ], [ 576735.0, 7699847.941999999806285 ], [ 576765.0, 7699847.941999999806285 ], [ 576795.0, 7699847.941999999806285 ], [ 576795.0, 7699877.941999999806285 ], [ 576825.0, 7699877.941999999806285 ], [ 576855.0, 7699877.941999999806285 ], [ 576885.0, 7699877.941999999806285 ], [ 576915.0, 7699877.941999999806285 ], [ 576945.0, 7699877.941999999806285 ], [ 576975.0, 7699877.941999999806285 ], [ 577005.0, 7699877.941999999806285 ], [ 577005.0, 7699847.941999999806285 ], [ 577035.0, 7699847.941999999806285 ], [ 577035.0, 7699817.941999999806285 ], [ 577065.0, 7699817.941999999806285 ], [ 577095.0, 7699817.941999999806285 ], [ 577125.0, 7699817.941999999806285 ], [ 577155.0, 7699817.941999999806285 ], [ 577155.0, 7699847.941999999806285 ], [ 577185.0, 7699847.941999999806285 ], [ 577215.0, 7699877.941999999806285 ], [ 577215.0, 7699907.941999999806285 ], [ 577245.0, 7699907.941999999806285 ], [ 577245.0, 7699937.941999999806285 ], [ 577275.0, 7699967.941999999806285 ], [ 577275.0, 7699997.941999999806285 ], [ 577305.0, 7700027.941999999806285 ], [ 577305.0, 7700057.941999999806285 ], [ 577305.0, 7700087.941999999806285 ], [ 577335.0, 7700087.941999999806285 ], [ 577335.0, 7700117.941999999806285 ], [ 577365.0, 7700117.941999999806285 ], [ 577365.0, 7700147.941999999806285 ], [ 577395.0, 7700147.941999999806285 ], [ 577395.0, 7700177.941999999806285 ], [ 577395.0, 7700207.941999999806285 ], [ 577395.0, 7700237.941999999806285 ], [ 577425.0, 7700237.941999999806285 ], [ 577425.0, 7700267.941999999806285 ], [ 577425.0, 7700297.941999999806285 ], [ 577425.0, 7700327.941999999806285 ], [ 577425.0, 7700357.941999999806285 ], [ 577425.0, 7700387.941999999806285 ], [ 577395.0, 7700387.941999999806285 ], [ 577395.0, 7700417.941999999806285 ], [ 577365.0, 7700417.941999999806285 ], [ 577365.0, 7700447.941999999806285 ], [ 577335.0, 7700447.941999999806285 ], [ 577305.0, 7700477.941999999806285 ], [ 577275.0, 7700507.941999999806285 ], [ 577245.0, 7700537.941999999806285 ], [ 577245.0, 7700567.941999999806285 ], [ 577215.0, 7700567.941999999806285 ], [ 577185.0, 7700597.941999999806285 ], [ 577155.0, 7700597.941999999806285 ], [ 577155.0, 7700627.941999999806285 ], [ 577125.0, 7700627.941999999806285 ], [ 577095.0, 7700627.941999999806285 ], [ 577065.0, 7700627.941999999806285 ], [ 577035.0, 7700627.941999999806285 ], [ 577005.0, 7700627.941999999806285 ], [ 576975.0, 7700627.941999999806285 ], [ 576945.0, 7700627.941999999806285 ], [ 576915.0, 7700627.941999999806285 ], [ 576885.0, 7700627.941999999806285 ], [ 576855.0, 7700627.941999999806285 ], [ 576825.0, 7700627.941999999806285 ], [ 576795.0, 7700627.941999999806285 ], [ 576765.0, 7700627.941999999806285 ], [ 576735.0, 7700627.941999999806285 ], [ 576705.0, 7700597.941999999806285 ], [ 576645.0, 7700567.941999999806285 ], [ 576615.0, 7700567.941999999806285 ], [ 576585.0, 7700567.941999999806285 ], [ 576555.0, 7700567.941999999806285 ], [ 576525.0, 7700567.941999999806285 ], [ 576495.0, 7700567.941999999806285 ], [ 576465.0, 7700567.941999999806285 ], [ 576435.0, 7700567.941999999806285 ], [ 576405.0, 7700567.941999999806285 ], [ 576375.0, 7700567.941999999806285 ], [ 576345.0, 7700567.941999999806285 ], [ 576315.0, 7700567.941999999806285 ], [ 576285.0, 7700567.941999999806285 ], [ 576285.0, 7700597.941999999806285 ], [ 576255.0, 7700597.941999999806285 ], [ 576225.0, 7700597.941999999806285 ], [ 576225.0, 7700627.941999999806285 ], [ 576195.0, 7700627.941999999806285 ], [ 576195.0, 7700657.941999999806285 ], [ 576165.0, 7700657.941999999806285 ], [ 576135.0, 7700687.941999999806285 ], [ 576135.0, 7700717.941999999806285 ], [ 576105.0, 7700747.941999999806285 ], [ 576045.0, 7700747.941999999806285 ], [ 576045.0, 7700777.941999999806285 ], [ 576015.0, 7700777.941999999806285 ], [ 576015.0, 7700807.941999999806285 ], [ 575985.0, 7700807.941999999806285 ], [ 575985.0, 7700837.941999999806285 ], [ 575985.0, 7700867.941999999806285 ], [ 575955.0, 7700867.941999999806285 ], [ 575955.0, 7700897.941999999806285 ], [ 575925.0, 7700897.941999999806285 ], [ 575925.0, 7700927.941999999806285 ], [ 575895.0, 7700927.941999999806285 ], [ 575895.0, 7700957.941999999806285 ], [ 575895.0, 7700987.941999999806285 ], [ 575895.0, 7701017.941999999806285 ], [ 575865.0, 7701047.941999999806285 ], [ 575865.0, 7701077.941999999806285 ], [ 575865.0, 7701107.941999999806285 ], [ 575865.0, 7701137.941999999806285 ], [ 575865.0, 7701167.941999999806285 ], [ 575865.0, 7701197.941999999806285 ], [ 575865.0, 7701227.941999999806285 ], [ 575865.0, 7701257.941999999806285 ], [ 575865.0, 7701287.941999999806285 ], [ 575865.0, 7701317.941999999806285 ], [ 575865.0, 7701347.941999999806285 ], [ 575865.0, 7701377.941999999806285 ], [ 575865.0, 7701407.941999999806285 ], [ 575865.0, 7701437.941999999806285 ], [ 575865.0, 7701467.941999999806285 ], [ 575865.0, 7701497.941999999806285 ], [ 575835.0, 7701527.941999999806285 ], [ 575835.0, 7701557.941999999806285 ], [ 575835.0, 7701587.941999999806285 ], [ 575835.0, 7701617.941999999806285 ], [ 575835.0, 7701647.941999999806285 ], [ 575835.0, 7701677.941999999806285 ], [ 575835.0, 7701737.941999999806285 ], [ 575805.0, 7701767.941999999806285 ], [ 575805.0, 7701797.941999999806285 ], [ 575805.0, 7701827.941999999806285 ], [ 575805.0, 7701857.941999999806285 ], [ 575775.0, 7701887.941999999806285 ], [ 575775.0, 7701917.941999999806285 ], [ 575775.0, 7701947.941999999806285 ], [ 575745.0, 7701947.941999999806285 ], [ 575745.0, 7702007.941999999806285 ], [ 575715.0, 7702007.941999999806285 ], [ 575715.0, 7702037.941999999806285 ], [ 575715.0, 7702067.941999999806285 ], [ 575685.0, 7702067.941999999806285 ], [ 575685.0, 7702097.941999999806285 ], [ 575685.0, 7702127.941999999806285 ], [ 575655.0, 7702127.941999999806285 ], [ 575625.0, 7702127.941999999806285 ], [ 575625.0, 7702157.941999999806285 ], [ 575625.0, 7702187.941999999806285 ], [ 575595.0, 7702187.941999999806285 ], [ 575565.0, 7702187.941999999806285 ], [ 575535.0, 7702187.941999999806285 ], [ 575535.0, 7702217.941999999806285 ], [ 575475.0, 7702217.941999999806285 ], [ 575475.0, 7702247.941999999806285 ], [ 575415.0, 7702247.941999999806285 ], [ 575385.0, 7702247.941999999806285 ], [ 575385.0, 7702277.941999999806285 ], [ 575355.0, 7702277.941999999806285 ], [ 575325.0, 7702277.941999999806285 ], [ 575325.0, 7702307.941999999806285 ], [ 575295.0, 7702307.941999999806285 ], [ 575295.0, 7702337.941999999806285 ], [ 575265.0, 7702337.941999999806285 ], [ 575265.0, 7702367.941999999806285 ], [ 575235.0, 7702367.941999999806285 ], [ 575205.0, 7702367.941999999806285 ], [ 575205.0, 7702397.941999999806285 ], [ 575175.0, 7702397.941999999806285 ], [ 575145.0, 7702397.941999999806285 ], [ 575115.0, 7702397.941999999806285 ] ] ] ] } }
]
}
